2025-03-26 18:08:46,102 - __main__ - INFO - Starting Options-Technical Hybrid Scanner
2025-03-26 18:08:47,526 - werkzeug - INFO - [31m[1mWARNING: This is a development server. Do not use it in a production deployment. Use a production WSGI server instead.[0m
 * Running on all addresses (0.0.0.0)
 * Running on http://127.0.0.1:8080
 * Running on http://192.168.11.2:8080
2025-03-26 18:08:47,528 - werkzeug - INFO - [33mPress CTRL+C to quit[0m
2025-03-26 18:08:47,530 - werkzeug - INFO -  * Restarting with stat
2025-03-26 18:08:48,738 - __main__ - INFO - Starting Options-Technical Hybrid Scanner
2025-03-26 18:08:48,749 - werkzeug - WARNING -  * Debugger is active!
2025-03-26 18:08:48,753 - werkzeug - INFO -  * Debugger PIN: 248-564-059
2025-03-26 18:08:59,963 - werkzeug - INFO - 127.0.0.1 - - [26/Mar/2025 18:08:59] "GET / HTTP/1.1" 200 -
2025-03-26 18:09:00,120 - werkzeug - INFO - 127.0.0.1 - - [26/Mar/2025 18:09:00] "GET /static/css/styles.css HTTP/1.1" 200 -
2025-03-26 18:09:00,136 - werkzeug - INFO - 127.0.0.1 - - [26/Mar/2025 18:09:00] "GET /static/js/app.js HTTP/1.1" 200 -
2025-03-26 18:09:00,401 - werkzeug - INFO - 127.0.0.1 - - [26/Mar/2025 18:09:00] "GET /api/results HTTP/1.1" 200 -
2025-03-26 18:09:06,887 - src.modules.scanner - INFO - Loading configuration from config.json
2025-03-26 18:09:06,901 - src.modules.scanner - INFO - Fetching NASDAQ Composite constituents...
2025-03-26 18:09:06,902 - src.modules.scanner - ERROR - Error fetching NASDAQ Composite symbols: 'Ticker' object has no attribute 'components'
2025-03-26 18:09:06,903 - src.modules.scanner - WARNING - Symbols file nasdaq100_tickers.txt not found.
2025-03-26 18:09:06,903 - src.modules.scanner - WARNING - Falling back to default hardcoded symbol list.
2025-03-26 18:09:06,904 - src.modules.scanner - INFO - Starting scan for 7 symbols
2025-03-26 18:09:06,904 - werkzeug - INFO - 127.0.0.1 - - [26/Mar/2025 18:09:06] "GET /api/scan?filters={"trend":["bullish","bearish","neutral"],"pcr_min":0,"pcr_max":2,"rsi_min":0,"rsi_max":100,"stoch_rsi_min":0,"stoch_rsi_max":100,"min_confidence":60} HTTP/1.1" 200 -
2025-03-26 18:09:06,923 - src.modules.scanner - INFO - Analyzing AAPL
2025-03-26 18:09:06,923 - src.modules.scanner - INFO - Analyzing MSFT
2025-03-26 18:09:06,924 - src.modules.scanner - INFO - Analyzing GOOGL
2025-03-26 18:09:06,925 - src.modules.scanner - INFO - Analyzing AMZN
2025-03-26 18:09:06,926 - src.modules.scanner - INFO - Analyzing TSLA
2025-03-26 18:09:11,165 - src.modules.scanner - INFO - Analyzing META
2025-03-26 18:09:11,167 - src.modules.scanner - INFO - Added AMZN to results after passing filters.
2025-03-26 18:09:11,175 - src.modules.scanner - INFO - Analyzing NVDA
2025-03-26 18:09:11,199 - src.modules.scanner - INFO - Added MSFT to results after passing filters.
2025-03-26 18:09:11,200 - src.modules.scanner - INFO - Added GOOGL to results after passing filters.
2025-03-26 18:09:11,200 - src.modules.scanner - INFO - Added AAPL to results after passing filters.
2025-03-26 18:09:11,202 - src.modules.scanner - INFO - Added TSLA to results after passing filters.
2025-03-26 18:09:11,248 - src.modules.scanner - INFO - Added META to results after passing filters.
2025-03-26 18:09:11,265 - src.modules.scanner - INFO - Added NVDA to results after passing filters.
2025-03-26 18:09:11,267 - src.modules.scanner - INFO - Scan complete. Analyzed 7 symbols.
2025-03-26 18:09:11,267 - src.modules.scanner - INFO - Found 7 setups after filtering.
2025-03-26 18:09:11,271 - src.modules.scanner - INFO - Results saved to scanner_results\scan_results_20250326_180911.json
2025-03-26 19:23:03,532 - __main__ - INFO - Starting Options-Technical Hybrid Scanner
2025-03-26 19:23:03,586 - werkzeug - INFO - [31m[1mWARNING: This is a development server. Do not use it in a production deployment. Use a production WSGI server instead.[0m
 * Running on all addresses (0.0.0.0)
 * Running on http://127.0.0.1:8080
 * Running on http://192.168.88.9:8080
2025-03-26 19:23:03,588 - werkzeug - INFO - [33mPress CTRL+C to quit[0m
2025-03-26 19:23:03,590 - werkzeug - INFO -  * Restarting with stat
2025-03-26 19:23:04,816 - __main__ - INFO - Starting Options-Technical Hybrid Scanner
2025-03-26 19:23:04,831 - werkzeug - WARNING -  * Debugger is active!
2025-03-26 19:23:04,836 - werkzeug - INFO -  * Debugger PIN: 248-564-059
2025-03-26 19:23:13,165 - werkzeug - INFO - 127.0.0.1 - - [26/Mar/2025 19:23:13] "GET / HTTP/1.1" 200 -
2025-03-26 19:23:13,488 - werkzeug - INFO - 127.0.0.1 - - [26/Mar/2025 19:23:13] "[36mGET /static/js/app.js HTTP/1.1[0m" 304 -
2025-03-26 19:23:13,493 - werkzeug - INFO - 127.0.0.1 - - [26/Mar/2025 19:23:13] "[36mGET /static/css/styles.css HTTP/1.1[0m" 304 -
2025-03-26 19:23:13,531 - werkzeug - INFO - 127.0.0.1 - - [26/Mar/2025 19:23:13] "GET /api/results HTTP/1.1" 200 -
2025-03-26 19:23:17,835 - src.modules.scanner - INFO - Loading configuration from config.json
2025-03-26 19:23:17,837 - src.modules.scanner - INFO - Fetching NASDAQ Composite constituents...
2025-03-26 19:23:17,839 - src.modules.scanner - ERROR - Error fetching NASDAQ Composite symbols: 'Ticker' object has no attribute 'components'
2025-03-26 19:23:17,840 - src.modules.scanner - WARNING - Symbols file nasdaq100_tickers.txt not found.
2025-03-26 19:23:17,840 - src.modules.scanner - WARNING - Falling back to default hardcoded symbol list.
2025-03-26 19:23:17,842 - src.modules.scanner - INFO - Starting scan for 7 symbols
2025-03-26 19:23:17,842 - werkzeug - INFO - 127.0.0.1 - - [26/Mar/2025 19:23:17] "GET /api/scan?filters={"trend":["bullish","bearish","neutral"],"pcr_min":0,"pcr_max":2,"rsi_min":0,"rsi_max":100,"stoch_rsi_min":0,"stoch_rsi_max":100,"min_confidence":60} HTTP/1.1" 200 -
2025-03-26 19:23:17,850 - src.modules.scanner - INFO - Analyzing AAPL
2025-03-26 19:23:17,851 - src.modules.scanner - INFO - Analyzing MSFT
2025-03-26 19:23:17,854 - src.modules.scanner - INFO - Analyzing GOOGL
2025-03-26 19:23:17,855 - src.modules.scanner - INFO - Analyzing AMZN
2025-03-26 19:23:17,856 - src.modules.scanner - INFO - Analyzing TSLA
2025-03-26 19:23:18,582 - src.modules.scanner - INFO - Analyzing META
2025-03-26 19:23:18,614 - src.modules.scanner - INFO - Added AAPL to results after passing filters.
2025-03-26 19:23:18,624 - src.modules.scanner - INFO - Analyzing NVDA
2025-03-26 19:23:18,652 - src.modules.scanner - INFO - Added MSFT to results after passing filters.
2025-03-26 19:23:18,653 - src.modules.scanner - INFO - Added AMZN to results after passing filters.
2025-03-26 19:23:18,656 - src.modules.scanner - INFO - Added TSLA to results after passing filters.
2025-03-26 19:23:18,657 - src.modules.scanner - INFO - Added GOOGL to results after passing filters.
2025-03-26 19:23:18,726 - src.modules.scanner - INFO - Added META to results after passing filters.
2025-03-26 19:23:18,755 - src.modules.scanner - INFO - Added NVDA to results after passing filters.
2025-03-26 19:23:18,759 - src.modules.scanner - INFO - Scan complete. Analyzed 7 symbols.
2025-03-26 19:23:18,760 - src.modules.scanner - INFO - Found 7 setups after filtering.
2025-03-26 19:23:18,768 - src.modules.scanner - INFO - Results saved to scanner_results\scan_results_20250326_192318.json
2025-03-26 19:40:23,265 - werkzeug - INFO -  * Detected change in 'C:\\Users\\cciep\\Github\\APPs\\dynamic-nasdaq-scanner\\src\\modules\\scanner.py', reloading
2025-03-26 19:40:23,448 - werkzeug - INFO -  * Restarting with stat
2025-03-26 21:08:17,171 - __main__ - INFO - Starting Options-Technical Hybrid Scanner
2025-03-26 21:08:17,216 - werkzeug - INFO - [31m[1mWARNING: This is a development server. Do not use it in a production deployment. Use a production WSGI server instead.[0m
 * Running on all addresses (0.0.0.0)
 * Running on http://127.0.0.1:8080
 * Running on http://192.168.88.9:8080
2025-03-26 21:08:17,217 - werkzeug - INFO - [33mPress CTRL+C to quit[0m
2025-03-26 21:08:17,220 - werkzeug - INFO -  * Restarting with stat
2025-03-26 21:08:18,306 - __main__ - INFO - Starting Options-Technical Hybrid Scanner
2025-03-26 21:08:18,319 - werkzeug - WARNING -  * Debugger is active!
2025-03-26 21:08:18,323 - werkzeug - INFO -  * Debugger PIN: 463-917-157
2025-03-26 21:08:21,254 - werkzeug - INFO - 127.0.0.1 - - [26/Mar/2025 21:08:21] "GET / HTTP/1.1" 200 -
2025-03-26 21:08:21,371 - werkzeug - INFO - 127.0.0.1 - - [26/Mar/2025 21:08:21] "[36mGET /static/css/styles.css HTTP/1.1[0m" 304 -
2025-03-26 21:08:21,395 - werkzeug - INFO - 127.0.0.1 - - [26/Mar/2025 21:08:21] "[36mGET /static/js/app.js HTTP/1.1[0m" 304 -
2025-03-26 21:08:21,700 - werkzeug - INFO - 127.0.0.1 - - [26/Mar/2025 21:08:21] "GET /api/results HTTP/1.1" 200 -
2025-03-26 21:08:54,747 - src.modules.scanner - INFO - Loading configuration from config.json
2025-03-26 21:08:54,750 - src.modules.scanner - INFO - Starting scan for 7 symbols
2025-03-26 21:08:54,750 - werkzeug - INFO - 127.0.0.1 - - [26/Mar/2025 21:08:54] "GET /api/scan?filters={"trend":["bullish","bearish","neutral"],"pcr_min":0,"pcr_max":2,"rsi_min":0,"rsi_max":100,"stoch_rsi_min":0,"stoch_rsi_max":100,"min_confidence":60} HTTP/1.1" 200 -
2025-03-26 21:08:55,252 - src.modules.scanner - INFO - Processing AAPL... (1/7)
2025-03-26 21:08:56,141 - src.modules.scanner - INFO - Fetched price for AAPL: $221.53
2025-03-26 21:08:56,142 - src.modules.scanner - INFO - Generated bullish setup for AAPL with 91.9% confidence at $221.53
2025-03-26 21:08:56,143 - src.modules.scanner - INFO - Added AAPL to results
2025-03-26 21:08:56,644 - src.modules.scanner - INFO - Processing MSFT... (2/7)
2025-03-26 21:08:56,858 - src.modules.scanner - INFO - Fetched price for MSFT: $389.97
2025-03-26 21:08:56,859 - src.modules.scanner - INFO - Generated bullish setup for MSFT with 65.6% confidence at $389.97
2025-03-26 21:08:56,860 - src.modules.scanner - INFO - Added MSFT to results
2025-03-26 21:08:57,362 - src.modules.scanner - INFO - Processing GOOGL... (3/7)
2025-03-26 21:08:57,537 - src.modules.scanner - INFO - Fetched price for GOOGL: $165.06
2025-03-26 21:08:57,538 - src.modules.scanner - INFO - Generated bullish setup for GOOGL with 77.2% confidence at $165.06
2025-03-26 21:08:57,539 - src.modules.scanner - INFO - Added GOOGL to results
2025-03-26 21:08:58,040 - src.modules.scanner - INFO - Processing AMZN... (4/7)
2025-03-26 21:08:58,213 - src.modules.scanner - INFO - Fetched price for AMZN: $201.13
2025-03-26 21:08:58,214 - src.modules.scanner - INFO - Generated bullish setup for AMZN with 82.1% confidence at $201.13
2025-03-26 21:08:58,214 - src.modules.scanner - INFO - Added AMZN to results
2025-03-26 21:08:58,716 - src.modules.scanner - INFO - Processing TSLA... (5/7)
2025-03-26 21:08:58,889 - src.modules.scanner - INFO - Fetched price for TSLA: $272.06
2025-03-26 21:08:58,890 - src.modules.scanner - INFO - Generated bullish setup for TSLA with 71.9% confidence at $272.06
2025-03-26 21:08:58,890 - src.modules.scanner - INFO - Added TSLA to results
2025-03-26 21:08:59,391 - src.modules.scanner - INFO - Processing META... (6/7)
2025-03-26 21:08:59,564 - src.modules.scanner - INFO - Fetched price for META: $610.98
2025-03-26 21:08:59,565 - src.modules.scanner - INFO - Generated neutral setup for META with 84.9% confidence at $610.98
2025-03-26 21:08:59,566 - src.modules.scanner - INFO - Added META to results
2025-03-26 21:09:00,068 - src.modules.scanner - INFO - Processing NVDA... (7/7)
2025-03-26 21:09:00,275 - src.modules.scanner - INFO - Fetched price for NVDA: $113.76
2025-03-26 21:09:00,276 - src.modules.scanner - INFO - Generated bullish setup for NVDA with 84.8% confidence at $113.76
2025-03-26 21:09:00,277 - src.modules.scanner - INFO - Added NVDA to results
2025-03-26 21:09:00,278 - src.modules.scanner - INFO - Pre-filter results count: 7
2025-03-26 21:09:00,278 - src.modules.scanner - INFO - Post-filter results count: 7
2025-03-26 21:09:00,283 - src.modules.scanner - INFO - Results saved to scanner_results\scan_results_20250326_210900.json
2025-03-26 21:09:00,284 - src.modules.scanner - INFO - Scan complete. Found 7 setups after filtering.
2025-03-26 21:13:31,714 - src.modules.scanner - INFO - Loading configuration from config.json
2025-03-26 21:13:31,716 - src.modules.scanner - INFO - Starting scan for 106 symbols
2025-03-26 21:13:31,717 - werkzeug - INFO - 127.0.0.1 - - [26/Mar/2025 21:13:31] "GET /api/scan?filters={"trend":["bullish","bearish","neutral"],"pcr_min":0,"pcr_max":2,"rsi_min":0,"rsi_max":100,"stoch_rsi_min":0,"stoch_rsi_max":100,"min_confidence":60} HTTP/1.1" 200 -
2025-03-26 21:13:32,219 - src.modules.scanner - INFO - Processing AAPL... (1/106)
2025-03-26 21:13:32,538 - src.modules.scanner - INFO - Fetched price for AAPL: $221.53
2025-03-26 21:13:32,539 - src.modules.scanner - INFO - Generated neutral setup for AAPL with 66.3% confidence at $221.53
2025-03-26 21:13:32,540 - src.modules.scanner - INFO - Added AAPL to results
2025-03-26 21:13:33,041 - src.modules.scanner - INFO - Processing ABNB... (2/106)
2025-03-26 21:13:33,216 - src.modules.scanner - INFO - Fetched price for ABNB: $128.64
2025-03-26 21:13:33,218 - src.modules.scanner - INFO - Generated bearish setup for ABNB with 86.3% confidence at $128.64
2025-03-26 21:13:33,219 - src.modules.scanner - INFO - Added ABNB to results
2025-03-26 21:13:33,720 - src.modules.scanner - INFO - Processing ADBE... (3/106)
2025-03-26 21:13:33,912 - src.modules.scanner - INFO - Fetched price for ADBE: $397.81
2025-03-26 21:13:33,913 - src.modules.scanner - INFO - Generated bearish setup for ADBE with 85.1% confidence at $397.81
2025-03-26 21:13:33,913 - src.modules.scanner - INFO - Added ADBE to results
2025-03-26 21:13:34,415 - src.modules.scanner - INFO - Processing ADI... (4/106)
2025-03-26 21:13:34,626 - src.modules.scanner - INFO - Fetched price for ADI: $210.53
2025-03-26 21:13:34,628 - src.modules.scanner - INFO - Generated neutral setup for ADI with 76.7% confidence at $210.53
2025-03-26 21:13:34,629 - src.modules.scanner - INFO - Added ADI to results
2025-03-26 21:13:35,130 - src.modules.scanner - INFO - Processing ADP... (5/106)
2025-03-26 21:13:35,384 - src.modules.scanner - INFO - Fetched price for ADP: $302.41
2025-03-26 21:13:35,385 - src.modules.scanner - INFO - Generated bearish setup for ADP with 78.8% confidence at $302.41
2025-03-26 21:13:35,385 - src.modules.scanner - INFO - Added ADP to results
2025-03-26 21:13:35,887 - src.modules.scanner - INFO - Processing ADSK... (6/106)
2025-03-26 21:13:36,086 - src.modules.scanner - INFO - Fetched price for ADSK: $271.21
2025-03-26 21:13:36,087 - src.modules.scanner - INFO - Generated neutral setup for ADSK with 86.7% confidence at $271.21
2025-03-26 21:13:36,088 - src.modules.scanner - INFO - Added ADSK to results
2025-03-26 21:13:36,589 - src.modules.scanner - INFO - Processing AEP... (7/106)
2025-03-26 21:13:36,853 - src.modules.scanner - INFO - Fetched price for AEP: $103.90
2025-03-26 21:13:36,854 - src.modules.scanner - INFO - Generated neutral setup for AEP with 73.1% confidence at $103.90
2025-03-26 21:13:36,854 - src.modules.scanner - INFO - Added AEP to results
2025-03-26 21:13:37,355 - src.modules.scanner - INFO - Processing AMAT... (8/106)
2025-03-26 21:13:37,551 - src.modules.scanner - INFO - Fetched price for AMAT: $150.68
2025-03-26 21:13:37,552 - src.modules.scanner - INFO - Generated bullish setup for AMAT with 81.0% confidence at $150.68
2025-03-26 21:13:37,553 - src.modules.scanner - INFO - Added AMAT to results
2025-03-26 21:13:38,055 - src.modules.scanner - INFO - Processing AMD... (9/106)
2025-03-26 21:13:38,224 - src.modules.scanner - INFO - Fetched price for AMD: $110.19
2025-03-26 21:13:38,226 - src.modules.scanner - INFO - Generated bearish setup for AMD with 62.6% confidence at $110.19
2025-03-26 21:13:38,227 - src.modules.scanner - INFO - Added AMD to results
2025-03-26 21:13:38,728 - src.modules.scanner - INFO - Processing AMGN... (10/106)
2025-03-26 21:13:38,928 - src.modules.scanner - INFO - Fetched price for AMGN: $305.71
2025-03-26 21:13:38,929 - src.modules.scanner - INFO - Generated neutral setup for AMGN with 68.9% confidence at $305.71
2025-03-26 21:13:38,930 - src.modules.scanner - INFO - Added AMGN to results
2025-03-26 21:13:39,431 - src.modules.scanner - INFO - Processing AMZN... (11/106)
2025-03-26 21:13:39,602 - src.modules.scanner - INFO - Fetched price for AMZN: $201.13
2025-03-26 21:13:39,603 - src.modules.scanner - INFO - Generated neutral setup for AMZN with 69.0% confidence at $201.13
2025-03-26 21:13:39,604 - src.modules.scanner - INFO - Added AMZN to results
2025-03-26 21:13:40,105 - src.modules.scanner - INFO - Processing ANSS... (12/106)
2025-03-26 21:13:40,278 - src.modules.scanner - INFO - Fetched price for ANSS: $323.34
2025-03-26 21:13:40,279 - src.modules.scanner - INFO - Generated bullish setup for ANSS with 85.3% confidence at $323.34
2025-03-26 21:13:40,280 - src.modules.scanner - INFO - Added ANSS to results
2025-03-26 21:13:40,781 - src.modules.scanner - INFO - Processing APP... (13/106)
2025-03-26 21:13:40,957 - src.modules.scanner - INFO - Fetched price for APP: $327.62
2025-03-26 21:13:40,958 - src.modules.scanner - INFO - Generated bearish setup for APP with 71.6% confidence at $327.62
2025-03-26 21:13:40,958 - src.modules.scanner - INFO - Added APP to results
2025-03-26 21:13:41,459 - src.modules.scanner - INFO - Processing ARM... (14/106)
2025-03-26 21:13:41,633 - src.modules.scanner - INFO - Fetched price for ARM: $114.93
2025-03-26 21:13:41,634 - src.modules.scanner - INFO - Generated bullish setup for ARM with 80.7% confidence at $114.93
2025-03-26 21:13:41,636 - src.modules.scanner - INFO - Added ARM to results
2025-03-26 21:13:42,137 - src.modules.scanner - INFO - Processing ASML... (15/106)
2025-03-26 21:13:42,324 - src.modules.scanner - INFO - Fetched price for ASML: $705.76
2025-03-26 21:13:42,325 - src.modules.scanner - INFO - Generated neutral setup for ASML with 68.1% confidence at $705.76
2025-03-26 21:13:42,326 - src.modules.scanner - INFO - Added ASML to results
2025-03-26 21:13:42,827 - src.modules.scanner - INFO - Processing ATVI... (16/106)
2025-03-26 21:13:44,937 - yfinance - ERROR - 404 Client Error: Not Found for url: https://query2.finance.yahoo.com/v10/finance/quoteSummary/ATVI?modules=financialData%2CquoteType%2CdefaultKeyStatistics%2CassetProfile%2CsummaryDetail&corsDomain=finance.yahoo.com&formatted=false&symbol=ATVI&crumb=NvnzxTYzQTj
2025-03-26 21:13:44,938 - src.modules.scanner - ERROR - Error getting price data for ATVI: 'NoneType' object has no attribute 'update'
2025-03-26 21:13:45,439 - src.modules.scanner - INFO - Processing AVGO... (17/106)
2025-03-26 21:13:45,630 - src.modules.scanner - INFO - Fetched price for AVGO: $179.27
2025-03-26 21:13:45,631 - src.modules.scanner - INFO - Generated bullish setup for AVGO with 89.7% confidence at $179.27
2025-03-26 21:13:45,632 - src.modules.scanner - INFO - Added AVGO to results
2025-03-26 21:13:46,133 - src.modules.scanner - INFO - Processing AXON... (18/106)
2025-03-26 21:13:46,308 - src.modules.scanner - INFO - Fetched price for AXON: $559.06
2025-03-26 21:13:46,309 - src.modules.scanner - INFO - Generated bullish setup for AXON with 94.2% confidence at $559.06
2025-03-26 21:13:46,310 - src.modules.scanner - INFO - Added AXON to results
2025-03-26 21:13:46,811 - src.modules.scanner - INFO - Processing AZN... (19/106)
2025-03-26 21:13:47,048 - src.modules.scanner - INFO - Fetched price for AZN: $72.72
2025-03-26 21:13:47,049 - src.modules.scanner - INFO - Generated neutral setup for AZN with 74.7% confidence at $72.72
2025-03-26 21:13:47,050 - src.modules.scanner - INFO - Added AZN to results
2025-03-26 21:13:47,551 - src.modules.scanner - INFO - Processing BIIB... (20/106)
2025-03-26 21:13:47,736 - src.modules.scanner - INFO - Fetched price for BIIB: $142.43
2025-03-26 21:13:47,737 - src.modules.scanner - INFO - Generated bullish setup for BIIB with 62.0% confidence at $142.43
2025-03-26 21:13:47,737 - src.modules.scanner - INFO - Added BIIB to results
2025-03-26 21:13:48,238 - src.modules.scanner - INFO - Processing BKNG... (21/106)
2025-03-26 21:13:48,416 - src.modules.scanner - INFO - Fetched price for BKNG: $4764.16
2025-03-26 21:13:48,417 - src.modules.scanner - INFO - Generated bearish setup for BKNG with 80.2% confidence at $4764.16
2025-03-26 21:13:48,418 - src.modules.scanner - INFO - Added BKNG to results
2025-03-26 21:13:48,919 - src.modules.scanner - INFO - Processing BKR... (22/106)
2025-03-26 21:13:49,147 - src.modules.scanner - INFO - Fetched price for BKR: $44.02
2025-03-26 21:13:49,148 - src.modules.scanner - INFO - Generated bullish setup for BKR with 93.3% confidence at $44.02
2025-03-26 21:13:49,148 - src.modules.scanner - INFO - Added BKR to results
2025-03-26 21:13:49,650 - src.modules.scanner - INFO - Processing CCEP... (23/106)
2025-03-26 21:13:49,888 - src.modules.scanner - INFO - Fetched price for CCEP: $85.37
2025-03-26 21:13:49,889 - src.modules.scanner - INFO - Generated bearish setup for CCEP with 91.4% confidence at $85.37
2025-03-26 21:13:49,890 - src.modules.scanner - INFO - Added CCEP to results
2025-03-26 21:13:50,391 - src.modules.scanner - INFO - Processing CDNS... (24/106)
2025-03-26 21:13:50,564 - src.modules.scanner - INFO - Fetched price for CDNS: $263.41
2025-03-26 21:13:50,565 - src.modules.scanner - INFO - Generated bullish setup for CDNS with 87.1% confidence at $263.41
2025-03-26 21:13:50,566 - src.modules.scanner - INFO - Added CDNS to results
2025-03-26 21:13:51,068 - src.modules.scanner - INFO - Processing CDW... (25/106)
2025-03-26 21:13:51,258 - src.modules.scanner - INFO - Fetched price for CDW: $167.33
2025-03-26 21:13:51,259 - src.modules.scanner - INFO - Generated bullish setup for CDW with 60.4% confidence at $167.33
2025-03-26 21:13:51,259 - src.modules.scanner - INFO - Added CDW to results
2025-03-26 21:13:51,760 - src.modules.scanner - INFO - Processing CEG... (26/106)
2025-03-26 21:13:51,933 - src.modules.scanner - INFO - Fetched price for CEG: $216.97
2025-03-26 21:13:51,934 - src.modules.scanner - INFO - Generated bullish setup for CEG with 60.0% confidence at $216.97
2025-03-26 21:13:51,935 - src.modules.scanner - INFO - Added CEG to results
2025-03-26 21:13:52,437 - src.modules.scanner - INFO - Processing CHTR... (27/106)
2025-03-26 21:13:52,610 - src.modules.scanner - INFO - Fetched price for CHTR: $384.77
2025-03-26 21:13:52,611 - src.modules.scanner - INFO - Generated bearish setup for CHTR with 92.6% confidence at $384.77
2025-03-26 21:13:52,612 - src.modules.scanner - INFO - Added CHTR to results
2025-03-26 21:13:53,113 - src.modules.scanner - INFO - Processing CMCSA... (28/106)
2025-03-26 21:13:53,348 - src.modules.scanner - INFO - Fetched price for CMCSA: $37.37
2025-03-26 21:13:53,349 - src.modules.scanner - INFO - Generated bearish setup for CMCSA with 66.4% confidence at $37.37
2025-03-26 21:13:53,350 - src.modules.scanner - INFO - Added CMCSA to results
2025-03-26 21:13:53,851 - src.modules.scanner - INFO - Processing COST... (29/106)
2025-03-26 21:13:54,052 - src.modules.scanner - INFO - Fetched price for COST: $929.75
2025-03-26 21:13:54,053 - src.modules.scanner - INFO - Generated neutral setup for COST with 72.0% confidence at $929.75
2025-03-26 21:13:54,053 - src.modules.scanner - INFO - Added COST to results
2025-03-26 21:13:54,555 - src.modules.scanner - INFO - Processing CPRT... (30/106)
2025-03-26 21:13:54,725 - src.modules.scanner - INFO - Fetched price for CPRT: $55.07
2025-03-26 21:13:54,725 - src.modules.scanner - INFO - Generated bullish setup for CPRT with 93.6% confidence at $55.07
2025-03-26 21:13:54,726 - src.modules.scanner - INFO - Added CPRT to results
2025-03-26 21:13:55,228 - src.modules.scanner - INFO - Processing CRWD... (31/106)
2025-03-26 21:13:55,408 - src.modules.scanner - INFO - Fetched price for CRWD: $371.41
2025-03-26 21:13:55,409 - src.modules.scanner - INFO - Generated bullish setup for CRWD with 83.6% confidence at $371.41
2025-03-26 21:13:55,410 - src.modules.scanner - INFO - Added CRWD to results
2025-03-26 21:13:55,911 - src.modules.scanner - INFO - Processing CSCO... (32/106)
2025-03-26 21:13:56,112 - src.modules.scanner - INFO - Fetched price for CSCO: $61.80
2025-03-26 21:13:56,113 - src.modules.scanner - INFO - Generated bullish setup for CSCO with 94.5% confidence at $61.80
2025-03-26 21:13:56,114 - src.modules.scanner - INFO - Added CSCO to results
2025-03-26 21:13:56,616 - src.modules.scanner - INFO - Processing CSGP... (33/106)
2025-03-26 21:13:56,799 - src.modules.scanner - INFO - Fetched price for CSGP: $80.37
2025-03-26 21:13:56,800 - src.modules.scanner - INFO - Generated neutral setup for CSGP with 69.8% confidence at $80.37
2025-03-26 21:13:56,802 - src.modules.scanner - INFO - Added CSGP to results
2025-03-26 21:13:57,303 - src.modules.scanner - INFO - Processing CSX... (34/106)
2025-03-26 21:13:57,520 - src.modules.scanner - INFO - Fetched price for CSX: $29.90
2025-03-26 21:13:57,521 - src.modules.scanner - INFO - Generated bullish setup for CSX with 66.6% confidence at $29.90
2025-03-26 21:13:57,522 - src.modules.scanner - INFO - Added CSX to results
2025-03-26 21:13:58,023 - src.modules.scanner - INFO - Processing CTAS... (35/106)
2025-03-26 21:13:58,240 - src.modules.scanner - INFO - Fetched price for CTAS: $204.71
2025-03-26 21:13:58,241 - src.modules.scanner - INFO - Generated bullish setup for CTAS with 69.4% confidence at $204.71
2025-03-26 21:13:58,242 - src.modules.scanner - INFO - Added CTAS to results
2025-03-26 21:13:58,744 - src.modules.scanner - INFO - Processing CTSH... (36/106)
2025-03-26 21:13:58,931 - src.modules.scanner - INFO - Fetched price for CTSH: $77.85
2025-03-26 21:13:58,932 - src.modules.scanner - INFO - Generated bullish setup for CTSH with 78.3% confidence at $77.85
2025-03-26 21:13:58,933 - src.modules.scanner - INFO - Added CTSH to results
2025-03-26 21:13:59,434 - src.modules.scanner - INFO - Processing DASH... (37/106)
2025-03-26 21:13:59,606 - src.modules.scanner - INFO - Fetched price for DASH: $192.87
2025-03-26 21:13:59,607 - src.modules.scanner - INFO - Generated bearish setup for DASH with 92.9% confidence at $192.87
2025-03-26 21:13:59,608 - src.modules.scanner - INFO - Added DASH to results
2025-03-26 21:14:00,109 - src.modules.scanner - INFO - Processing DDOG... (38/106)
2025-03-26 21:14:00,282 - src.modules.scanner - INFO - Fetched price for DDOG: $107.97
2025-03-26 21:14:00,283 - src.modules.scanner - INFO - Generated neutral setup for DDOG with 93.6% confidence at $107.97
2025-03-26 21:14:00,284 - src.modules.scanner - INFO - Added DDOG to results
2025-03-26 21:14:00,785 - src.modules.scanner - INFO - Processing DXCM... (39/106)
2025-03-26 21:14:00,958 - src.modules.scanner - INFO - Fetched price for DXCM: $72.13
2025-03-26 21:14:00,959 - src.modules.scanner - INFO - Generated neutral setup for DXCM with 93.4% confidence at $72.13
2025-03-26 21:14:00,959 - src.modules.scanner - INFO - Added DXCM to results
2025-03-26 21:14:01,461 - src.modules.scanner - INFO - Processing EA... (40/106)
2025-03-26 21:14:01,649 - src.modules.scanner - INFO - Fetched price for EA: $145.19
2025-03-26 21:14:01,650 - src.modules.scanner - INFO - Generated neutral setup for EA with 85.3% confidence at $145.19
2025-03-26 21:14:01,651 - src.modules.scanner - INFO - Added EA to results
2025-03-26 21:14:02,152 - src.modules.scanner - INFO - Processing EXC... (41/106)
2025-03-26 21:14:02,400 - src.modules.scanner - INFO - Fetched price for EXC: $44.02
2025-03-26 21:14:02,401 - src.modules.scanner - INFO - Generated bearish setup for EXC with 68.0% confidence at $44.02
2025-03-26 21:14:02,402 - src.modules.scanner - INFO - Added EXC to results
2025-03-26 21:14:02,903 - src.modules.scanner - INFO - Processing FANG... (42/106)
2025-03-26 21:14:03,085 - src.modules.scanner - INFO - Fetched price for FANG: $163.09
2025-03-26 21:14:03,086 - src.modules.scanner - INFO - Generated neutral setup for FANG with 88.6% confidence at $163.09
2025-03-26 21:14:03,087 - src.modules.scanner - INFO - Added FANG to results
2025-03-26 21:14:03,588 - src.modules.scanner - INFO - Processing FAST... (43/106)
2025-03-26 21:14:03,799 - src.modules.scanner - INFO - Fetched price for FAST: $77.09
2025-03-26 21:14:03,801 - src.modules.scanner - INFO - Generated bullish setup for FAST with 85.6% confidence at $77.09
2025-03-26 21:14:03,801 - src.modules.scanner - INFO - Added FAST to results
2025-03-26 21:14:04,303 - src.modules.scanner - INFO - Processing FTNT... (44/106)
2025-03-26 21:14:04,486 - src.modules.scanner - INFO - Fetched price for FTNT: $101.01
2025-03-26 21:14:04,487 - src.modules.scanner - INFO - Generated neutral setup for FTNT with 91.7% confidence at $101.01
2025-03-26 21:14:04,488 - src.modules.scanner - INFO - Added FTNT to results
2025-03-26 21:14:04,990 - src.modules.scanner - INFO - Processing GEHC... (45/106)
2025-03-26 21:14:05,176 - src.modules.scanner - INFO - Fetched price for GEHC: $81.00
2025-03-26 21:14:05,177 - src.modules.scanner - INFO - Generated bullish setup for GEHC with 61.2% confidence at $81.00
2025-03-26 21:14:05,178 - src.modules.scanner - INFO - Added GEHC to results
2025-03-26 21:14:05,679 - src.modules.scanner - INFO - Processing GFS... (46/106)
2025-03-26 21:14:05,876 - src.modules.scanner - INFO - Fetched price for GFS: $38.75
2025-03-26 21:14:05,877 - src.modules.scanner - INFO - Generated neutral setup for GFS with 73.0% confidence at $38.75
2025-03-26 21:14:05,878 - src.modules.scanner - INFO - Added GFS to results
2025-03-26 21:14:06,379 - src.modules.scanner - INFO - Processing GILD... (47/106)
2025-03-26 21:14:06,568 - src.modules.scanner - INFO - Fetched price for GILD: $109.27
2025-03-26 21:14:06,569 - src.modules.scanner - INFO - Generated bullish setup for GILD with 63.0% confidence at $109.27
2025-03-26 21:14:06,570 - src.modules.scanner - INFO - Added GILD to results
2025-03-26 21:14:07,071 - src.modules.scanner - INFO - Processing GOOG... (48/106)
2025-03-26 21:14:07,245 - src.modules.scanner - INFO - Fetched price for GOOG: $167.14
2025-03-26 21:14:07,247 - src.modules.scanner - INFO - Generated neutral setup for GOOG with 80.2% confidence at $167.14
2025-03-26 21:14:07,248 - src.modules.scanner - INFO - Added GOOG to results
2025-03-26 21:14:07,749 - src.modules.scanner - INFO - Processing GOOGL... (49/106)
2025-03-26 21:14:07,929 - src.modules.scanner - INFO - Fetched price for GOOGL: $165.06
2025-03-26 21:14:07,930 - src.modules.scanner - INFO - Generated bullish setup for GOOGL with 87.3% confidence at $165.06
2025-03-26 21:14:07,931 - src.modules.scanner - INFO - Added GOOGL to results
2025-03-26 21:14:08,432 - src.modules.scanner - INFO - Processing HON... (50/106)
2025-03-26 21:14:08,685 - src.modules.scanner - INFO - Fetched price for HON: $213.12
2025-03-26 21:14:08,686 - src.modules.scanner - INFO - Generated neutral setup for HON with 66.1% confidence at $213.12
2025-03-26 21:14:08,687 - src.modules.scanner - INFO - Added HON to results
2025-03-26 21:14:09,188 - src.modules.scanner - INFO - Processing IDXX... (51/106)
2025-03-26 21:14:09,366 - src.modules.scanner - INFO - Fetched price for IDXX: $417.71
2025-03-26 21:14:09,367 - src.modules.scanner - INFO - Generated neutral setup for IDXX with 90.8% confidence at $417.71
2025-03-26 21:14:09,368 - src.modules.scanner - INFO - Added IDXX to results
2025-03-26 21:14:09,869 - src.modules.scanner - INFO - Processing INTC... (52/106)
2025-03-26 21:14:10,086 - src.modules.scanner - INFO - Fetched price for INTC: $23.42
2025-03-26 21:14:10,088 - src.modules.scanner - INFO - Generated bearish setup for INTC with 90.8% confidence at $23.42
2025-03-26 21:14:10,088 - src.modules.scanner - INFO - Added INTC to results
2025-03-26 21:14:10,590 - src.modules.scanner - INFO - Processing INTU... (53/106)
2025-03-26 21:14:10,775 - src.modules.scanner - INFO - Fetched price for INTU: $614.86
2025-03-26 21:14:10,776 - src.modules.scanner - INFO - Generated bearish setup for INTU with 77.7% confidence at $614.86
2025-03-26 21:14:10,776 - src.modules.scanner - INFO - Added INTU to results
2025-03-26 21:14:11,278 - src.modules.scanner - INFO - Processing ISRG... (54/106)
2025-03-26 21:14:11,459 - src.modules.scanner - INFO - Fetched price for ISRG: $509.03
2025-03-26 21:14:11,460 - src.modules.scanner - INFO - Generated neutral setup for ISRG with 86.5% confidence at $509.03
2025-03-26 21:14:11,461 - src.modules.scanner - INFO - Added ISRG to results
2025-03-26 21:14:11,962 - src.modules.scanner - INFO - Processing JD... (55/106)
2025-03-26 21:14:12,133 - src.modules.scanner - INFO - Fetched price for JD: $41.78
2025-03-26 21:14:12,134 - src.modules.scanner - INFO - Generated neutral setup for JD with 70.6% confidence at $41.78
2025-03-26 21:14:12,135 - src.modules.scanner - INFO - Added JD to results
2025-03-26 21:14:12,636 - src.modules.scanner - INFO - Processing KDP... (56/106)
2025-03-26 21:14:12,822 - src.modules.scanner - INFO - Fetched price for KDP: $34.06
2025-03-26 21:14:12,822 - src.modules.scanner - INFO - Generated bearish setup for KDP with 90.8% confidence at $34.06
2025-03-26 21:14:12,823 - src.modules.scanner - INFO - Added KDP to results
2025-03-26 21:14:13,324 - src.modules.scanner - INFO - Processing KHC... (57/106)
2025-03-26 21:14:13,517 - src.modules.scanner - INFO - Fetched price for KHC: $29.69
2025-03-26 21:14:13,518 - src.modules.scanner - INFO - Generated neutral setup for KHC with 69.5% confidence at $29.69
2025-03-26 21:14:13,519 - src.modules.scanner - INFO - Added KHC to results
2025-03-26 21:14:14,020 - src.modules.scanner - INFO - Processing KLAC... (58/106)
2025-03-26 21:14:14,227 - src.modules.scanner - INFO - Fetched price for KLAC: $705.54
2025-03-26 21:14:14,228 - src.modules.scanner - INFO - Generated bearish setup for KLAC with 90.9% confidence at $705.54
2025-03-26 21:14:14,229 - src.modules.scanner - INFO - Added KLAC to results
2025-03-26 21:14:14,731 - src.modules.scanner - INFO - Processing LIN... (59/106)
2025-03-26 21:14:14,941 - src.modules.scanner - INFO - Fetched price for LIN: $461.43
2025-03-26 21:14:14,942 - src.modules.scanner - INFO - Generated bullish setup for LIN with 94.2% confidence at $461.43
2025-03-26 21:14:14,942 - src.modules.scanner - INFO - Added LIN to results
2025-03-26 21:14:15,443 - src.modules.scanner - INFO - Processing LRCX... (60/106)
2025-03-26 21:14:15,621 - src.modules.scanner - INFO - Fetched price for LRCX: $76.14
2025-03-26 21:14:15,621 - src.modules.scanner - INFO - Generated bullish setup for LRCX with 94.8% confidence at $76.14
2025-03-26 21:14:15,622 - src.modules.scanner - INFO - Added LRCX to results
2025-03-26 21:14:16,123 - src.modules.scanner - INFO - Processing LULU... (61/106)
2025-03-26 21:14:16,297 - src.modules.scanner - INFO - Fetched price for LULU: $337.79
2025-03-26 21:14:16,298 - src.modules.scanner - INFO - Generated bullish setup for LULU with 77.5% confidence at $337.79
2025-03-26 21:14:16,299 - src.modules.scanner - INFO - Added LULU to results
2025-03-26 21:14:16,800 - src.modules.scanner - INFO - Processing MAR... (62/106)
2025-03-26 21:14:17,020 - src.modules.scanner - INFO - Fetched price for MAR: $246.72
2025-03-26 21:14:17,022 - src.modules.scanner - INFO - Generated neutral setup for MAR with 62.3% confidence at $246.72
2025-03-26 21:14:17,023 - src.modules.scanner - INFO - Added MAR to results
2025-03-26 21:14:17,524 - src.modules.scanner - INFO - Processing MCHP... (63/106)
2025-03-26 21:14:17,720 - src.modules.scanner - INFO - Fetched price for MCHP: $52.17
2025-03-26 21:14:17,721 - src.modules.scanner - INFO - Generated bearish setup for MCHP with 83.5% confidence at $52.17
2025-03-26 21:14:17,721 - src.modules.scanner - INFO - Added MCHP to results
2025-03-26 21:14:18,222 - src.modules.scanner - INFO - Processing MDB... (64/106)
2025-03-26 21:14:18,397 - src.modules.scanner - INFO - Fetched price for MDB: $193.66
2025-03-26 21:14:18,398 - src.modules.scanner - INFO - Generated bearish setup for MDB with 93.8% confidence at $193.66
2025-03-26 21:14:18,399 - src.modules.scanner - INFO - Added MDB to results
2025-03-26 21:14:18,900 - src.modules.scanner - INFO - Processing MDLZ... (65/106)
2025-03-26 21:14:19,096 - src.modules.scanner - INFO - Fetched price for MDLZ: $66.33
2025-03-26 21:14:19,097 - src.modules.scanner - INFO - Generated bullish setup for MDLZ with 68.8% confidence at $66.33
2025-03-26 21:14:19,098 - src.modules.scanner - INFO - Added MDLZ to results
2025-03-26 21:14:19,599 - src.modules.scanner - INFO - Processing MELI... (66/106)
2025-03-26 21:14:19,783 - src.modules.scanner - INFO - Fetched price for MELI: $2074.97
2025-03-26 21:14:19,784 - src.modules.scanner - INFO - Generated bullish setup for MELI with 77.4% confidence at $2074.97
2025-03-26 21:14:19,784 - src.modules.scanner - INFO - Added MELI to results
2025-03-26 21:14:20,286 - src.modules.scanner - INFO - Processing META... (67/106)
2025-03-26 21:14:20,460 - src.modules.scanner - INFO - Fetched price for META: $610.98
2025-03-26 21:14:20,461 - src.modules.scanner - INFO - Generated bearish setup for META with 69.7% confidence at $610.98
2025-03-26 21:14:20,462 - src.modules.scanner - INFO - Added META to results
2025-03-26 21:14:20,963 - src.modules.scanner - INFO - Processing MNST... (68/106)
2025-03-26 21:14:21,139 - src.modules.scanner - INFO - Fetched price for MNST: $57.76
2025-03-26 21:14:21,140 - src.modules.scanner - INFO - Generated bearish setup for MNST with 72.9% confidence at $57.76
2025-03-26 21:14:21,141 - src.modules.scanner - INFO - Added MNST to results
2025-03-26 21:14:21,642 - src.modules.scanner - INFO - Processing MRNA... (69/106)
2025-03-26 21:14:21,816 - src.modules.scanner - INFO - Fetched price for MRNA: $31.48
2025-03-26 21:14:21,817 - src.modules.scanner - INFO - Generated bearish setup for MRNA with 76.0% confidence at $31.48
2025-03-26 21:14:21,818 - src.modules.scanner - INFO - Added MRNA to results
2025-03-26 21:14:22,319 - src.modules.scanner - INFO - Processing MRVL... (70/106)
2025-03-26 21:14:22,506 - src.modules.scanner - INFO - Fetched price for MRVL: $66.76
2025-03-26 21:14:22,507 - src.modules.scanner - INFO - Generated neutral setup for MRVL with 89.1% confidence at $66.76
2025-03-26 21:14:22,508 - src.modules.scanner - INFO - Added MRVL to results
2025-03-26 21:14:23,009 - src.modules.scanner - INFO - Processing MSFT... (71/106)
2025-03-26 21:14:23,218 - src.modules.scanner - INFO - Fetched price for MSFT: $389.97
2025-03-26 21:14:23,219 - src.modules.scanner - INFO - Generated bearish setup for MSFT with 76.5% confidence at $389.97
2025-03-26 21:14:23,221 - src.modules.scanner - INFO - Added MSFT to results
2025-03-26 21:14:23,721 - src.modules.scanner - INFO - Processing MSTR... (72/106)
2025-03-26 21:14:23,903 - src.modules.scanner - INFO - Fetched price for MSTR: $329.31
2025-03-26 21:14:23,905 - src.modules.scanner - INFO - Generated neutral setup for MSTR with 85.8% confidence at $329.31
2025-03-26 21:14:23,906 - src.modules.scanner - INFO - Added MSTR to results
2025-03-26 21:14:24,407 - src.modules.scanner - INFO - Processing MU... (73/106)
2025-03-26 21:14:24,626 - src.modules.scanner - INFO - Fetched price for MU: $92.13
2025-03-26 21:14:24,627 - src.modules.scanner - INFO - Generated bullish setup for MU with 94.3% confidence at $92.13
2025-03-26 21:14:24,628 - src.modules.scanner - INFO - Added MU to results
2025-03-26 21:14:25,129 - src.modules.scanner - INFO - Processing NFLX... (74/106)
2025-03-26 21:14:25,301 - src.modules.scanner - INFO - Fetched price for NFLX: $970.65
2025-03-26 21:14:25,302 - src.modules.scanner - INFO - Generated bearish setup for NFLX with 90.6% confidence at $970.65
2025-03-26 21:14:25,303 - src.modules.scanner - INFO - Added NFLX to results
2025-03-26 21:14:25,805 - src.modules.scanner - INFO - Processing NVDA... (75/106)
2025-03-26 21:14:25,999 - src.modules.scanner - INFO - Fetched price for NVDA: $113.76
2025-03-26 21:14:26,000 - src.modules.scanner - INFO - Generated neutral setup for NVDA with 82.6% confidence at $113.76
2025-03-26 21:14:26,001 - src.modules.scanner - INFO - Added NVDA to results
2025-03-26 21:14:26,502 - src.modules.scanner - INFO - Processing NXPI... (76/106)
2025-03-26 21:14:26,682 - src.modules.scanner - INFO - Fetched price for NXPI: $205.75
2025-03-26 21:14:26,683 - src.modules.scanner - INFO - Generated bearish setup for NXPI with 80.3% confidence at $205.75
2025-03-26 21:14:26,683 - src.modules.scanner - INFO - Added NXPI to results
2025-03-26 21:14:27,185 - src.modules.scanner - INFO - Processing ODFL... (77/106)
2025-03-26 21:14:27,374 - src.modules.scanner - INFO - Fetched price for ODFL: $168.67
2025-03-26 21:14:27,376 - src.modules.scanner - INFO - Generated neutral setup for ODFL with 69.6% confidence at $168.67
2025-03-26 21:14:27,376 - src.modules.scanner - INFO - Added ODFL to results
2025-03-26 21:14:27,878 - src.modules.scanner - INFO - Processing ON... (78/106)
2025-03-26 21:14:28,056 - src.modules.scanner - INFO - Fetched price for ON: $45.04
2025-03-26 21:14:28,057 - src.modules.scanner - INFO - Generated bullish setup for ON with 88.0% confidence at $45.04
2025-03-26 21:14:28,058 - src.modules.scanner - INFO - Added ON to results
2025-03-26 21:14:28,559 - src.modules.scanner - INFO - Processing ORLY... (79/106)
2025-03-26 21:14:28,731 - src.modules.scanner - INFO - Fetched price for ORLY: $1380.98
2025-03-26 21:14:28,733 - src.modules.scanner - INFO - Generated bullish setup for ORLY with 86.7% confidence at $1380.98
2025-03-26 21:14:28,733 - src.modules.scanner - INFO - Added ORLY to results
2025-03-26 21:14:29,235 - src.modules.scanner - INFO - Processing PANW... (80/106)
2025-03-26 21:14:29,404 - src.modules.scanner - INFO - Fetched price for PANW: $184.96
2025-03-26 21:14:29,405 - src.modules.scanner - INFO - Generated bullish setup for PANW with 62.1% confidence at $184.96
2025-03-26 21:14:29,407 - src.modules.scanner - INFO - Added PANW to results
2025-03-26 21:14:29,907 - src.modules.scanner - INFO - Processing PAYX... (81/106)
2025-03-26 21:14:30,130 - src.modules.scanner - INFO - Fetched price for PAYX: $150.19
2025-03-26 21:14:30,131 - src.modules.scanner - INFO - Generated bearish setup for PAYX with 69.7% confidence at $150.19
2025-03-26 21:14:30,132 - src.modules.scanner - INFO - Added PAYX to results
2025-03-26 21:14:30,633 - src.modules.scanner - INFO - Processing PCAR... (82/106)
2025-03-26 21:14:30,859 - src.modules.scanner - INFO - Fetched price for PCAR: $99.53
2025-03-26 21:14:30,860 - src.modules.scanner - INFO - Generated bearish setup for PCAR with 70.0% confidence at $99.53
2025-03-26 21:14:30,861 - src.modules.scanner - INFO - Added PCAR to results
2025-03-26 21:14:31,362 - src.modules.scanner - INFO - Processing PDD... (83/106)
2025-03-26 21:14:31,532 - src.modules.scanner - INFO - Fetched price for PDD: $122.47
2025-03-26 21:14:31,533 - src.modules.scanner - INFO - Generated bearish setup for PDD with 79.6% confidence at $122.47
2025-03-26 21:14:31,534 - src.modules.scanner - INFO - Added PDD to results
2025-03-26 21:14:32,035 - src.modules.scanner - INFO - Processing PEP... (84/106)
2025-03-26 21:14:32,251 - src.modules.scanner - INFO - Fetched price for PEP: $148.64
2025-03-26 21:14:32,252 - src.modules.scanner - INFO - Generated bearish setup for PEP with 93.0% confidence at $148.64
2025-03-26 21:14:32,253 - src.modules.scanner - INFO - Added PEP to results
2025-03-26 21:14:32,754 - src.modules.scanner - INFO - Processing PLTR... (85/106)
2025-03-26 21:14:32,928 - src.modules.scanner - INFO - Fetched price for PLTR: $92.28
2025-03-26 21:14:32,929 - src.modules.scanner - INFO - Generated bullish setup for PLTR with 74.3% confidence at $92.28
2025-03-26 21:14:32,930 - src.modules.scanner - INFO - Added PLTR to results
2025-03-26 21:14:33,431 - src.modules.scanner - INFO - Processing PYPL... (86/106)
2025-03-26 21:14:33,604 - src.modules.scanner - INFO - Fetched price for PYPL: $69.97
2025-03-26 21:14:33,605 - src.modules.scanner - INFO - Generated neutral setup for PYPL with 68.4% confidence at $69.97
2025-03-26 21:14:33,607 - src.modules.scanner - INFO - Added PYPL to results
2025-03-26 21:14:34,108 - src.modules.scanner - INFO - Processing QCOM... (87/106)
2025-03-26 21:14:34,317 - src.modules.scanner - INFO - Fetched price for QCOM: $158.39
2025-03-26 21:14:34,318 - src.modules.scanner - INFO - Generated bullish setup for QCOM with 89.1% confidence at $158.39
2025-03-26 21:14:34,319 - src.modules.scanner - INFO - Added QCOM to results
2025-03-26 21:14:34,820 - src.modules.scanner - INFO - Processing REGN... (88/106)
2025-03-26 21:14:34,994 - src.modules.scanner - INFO - Fetched price for REGN: $640.14
2025-03-26 21:14:34,995 - src.modules.scanner - INFO - Generated neutral setup for REGN with 89.9% confidence at $640.14
2025-03-26 21:14:34,996 - src.modules.scanner - INFO - Added REGN to results
2025-03-26 21:14:35,497 - src.modules.scanner - INFO - Processing ROP... (89/106)
2025-03-26 21:14:35,711 - src.modules.scanner - INFO - Fetched price for ROP: $582.71
2025-03-26 21:14:35,712 - src.modules.scanner - INFO - Generated bullish setup for ROP with 78.2% confidence at $582.71
2025-03-26 21:14:35,713 - src.modules.scanner - INFO - Added ROP to results
2025-03-26 21:14:36,214 - src.modules.scanner - INFO - Processing ROST... (90/106)
2025-03-26 21:14:36,427 - src.modules.scanner - INFO - Fetched price for ROST: $127.70
2025-03-26 21:14:36,428 - src.modules.scanner - INFO - Generated neutral setup for ROST with 78.0% confidence at $127.70
2025-03-26 21:14:36,429 - src.modules.scanner - INFO - Added ROST to results
2025-03-26 21:14:36,929 - src.modules.scanner - INFO - Processing SBUX... (91/106)
2025-03-26 21:14:37,114 - src.modules.scanner - INFO - Fetched price for SBUX: $97.97
2025-03-26 21:14:37,115 - src.modules.scanner - INFO - Generated bullish setup for SBUX with 93.0% confidence at $97.97
2025-03-26 21:14:37,116 - src.modules.scanner - INFO - Added SBUX to results
2025-03-26 21:14:37,617 - src.modules.scanner - INFO - Processing SIRI... (92/106)
2025-03-26 21:14:37,815 - src.modules.scanner - INFO - Fetched price for SIRI: $23.95
2025-03-26 21:14:37,816 - src.modules.scanner - INFO - Generated bearish setup for SIRI with 79.4% confidence at $23.95
2025-03-26 21:14:37,817 - src.modules.scanner - INFO - Added SIRI to results
2025-03-26 21:14:38,319 - src.modules.scanner - INFO - Processing SNPS... (93/106)
2025-03-26 21:14:38,495 - src.modules.scanner - INFO - Fetched price for SNPS: $449.90
2025-03-26 21:14:38,496 - src.modules.scanner - INFO - Generated bearish setup for SNPS with 61.6% confidence at $449.90
2025-03-26 21:14:38,496 - src.modules.scanner - INFO - Added SNPS to results
2025-03-26 21:14:38,998 - src.modules.scanner - INFO - Processing TEAM... (94/106)
2025-03-26 21:14:39,174 - src.modules.scanner - INFO - Fetched price for TEAM: $229.65
2025-03-26 21:14:39,175 - src.modules.scanner - INFO - Generated bearish setup for TEAM with 81.1% confidence at $229.65
2025-03-26 21:14:39,176 - src.modules.scanner - INFO - Added TEAM to results
2025-03-26 21:14:39,677 - src.modules.scanner - INFO - Processing TMUS... (95/106)
2025-03-26 21:14:39,860 - src.modules.scanner - INFO - Fetched price for TMUS: $262.51
2025-03-26 21:14:39,861 - src.modules.scanner - INFO - Generated bearish setup for TMUS with 90.1% confidence at $262.51
2025-03-26 21:14:39,861 - src.modules.scanner - INFO - Added TMUS to results
2025-03-26 21:14:40,363 - src.modules.scanner - INFO - Processing TSLA... (96/106)
2025-03-26 21:14:40,531 - src.modules.scanner - INFO - Fetched price for TSLA: $272.06
2025-03-26 21:14:40,532 - src.modules.scanner - INFO - Generated bullish setup for TSLA with 61.2% confidence at $272.06
2025-03-26 21:14:40,533 - src.modules.scanner - INFO - Added TSLA to results
2025-03-26 21:14:41,034 - src.modules.scanner - INFO - Processing TTD... (97/106)
2025-03-26 21:14:41,207 - src.modules.scanner - INFO - Fetched price for TTD: $58.80
2025-03-26 21:14:41,208 - src.modules.scanner - INFO - Generated bearish setup for TTD with 62.2% confidence at $58.80
2025-03-26 21:14:41,209 - src.modules.scanner - INFO - Added TTD to results
2025-03-26 21:14:41,710 - src.modules.scanner - INFO - Processing TTWO... (98/106)
2025-03-26 21:14:42,068 - src.modules.scanner - INFO - Fetched price for TTWO: $215.89
2025-03-26 21:14:42,069 - src.modules.scanner - INFO - Generated bearish setup for TTWO with 86.6% confidence at $215.89
2025-03-26 21:14:42,070 - src.modules.scanner - INFO - Added TTWO to results
2025-03-26 21:14:42,571 - src.modules.scanner - INFO - Processing TXN... (99/106)
2025-03-26 21:14:42,830 - src.modules.scanner - INFO - Fetched price for TXN: $184.49
2025-03-26 21:14:42,831 - src.modules.scanner - INFO - Generated bullish setup for TXN with 81.9% confidence at $184.49
2025-03-26 21:14:42,832 - src.modules.scanner - INFO - Added TXN to results
2025-03-26 21:14:43,333 - src.modules.scanner - INFO - Processing VRSK... (100/106)
2025-03-26 21:14:43,515 - src.modules.scanner - INFO - Fetched price for VRSK: $292.03
2025-03-26 21:14:43,516 - src.modules.scanner - INFO - Generated neutral setup for VRSK with 71.6% confidence at $292.03
2025-03-26 21:14:43,517 - src.modules.scanner - INFO - Added VRSK to results
2025-03-26 21:14:44,018 - src.modules.scanner - INFO - Processing VRTX... (101/106)
2025-03-26 21:14:44,195 - src.modules.scanner - INFO - Fetched price for VRTX: $500.28
2025-03-26 21:14:44,196 - src.modules.scanner - INFO - Generated bearish setup for VRTX with 88.7% confidence at $500.28
2025-03-26 21:14:44,196 - src.modules.scanner - INFO - Added VRTX to results
2025-03-26 21:14:44,698 - src.modules.scanner - INFO - Processing WBD... (102/106)
2025-03-26 21:14:44,871 - src.modules.scanner - INFO - Fetched price for WBD: $11.03
2025-03-26 21:14:44,872 - src.modules.scanner - INFO - Generated bullish setup for WBD with 82.6% confidence at $11.03
2025-03-26 21:14:44,872 - src.modules.scanner - INFO - Added WBD to results
2025-03-26 21:14:45,374 - src.modules.scanner - INFO - Processing WDAY... (103/106)
2025-03-26 21:14:45,540 - src.modules.scanner - INFO - Fetched price for WDAY: $250.79
2025-03-26 21:14:45,540 - src.modules.scanner - INFO - Generated bearish setup for WDAY with 61.5% confidence at $250.79
2025-03-26 21:14:45,541 - src.modules.scanner - INFO - Added WDAY to results
2025-03-26 21:14:46,042 - src.modules.scanner - INFO - Processing XEL... (104/106)
2025-03-26 21:14:46,295 - src.modules.scanner - INFO - Fetched price for XEL: $68.92
2025-03-26 21:14:46,296 - src.modules.scanner - INFO - Generated bullish setup for XEL with 92.6% confidence at $68.92
2025-03-26 21:14:46,297 - src.modules.scanner - INFO - Added XEL to results
2025-03-26 21:14:46,798 - src.modules.scanner - INFO - Processing ZM... (105/106)
2025-03-26 21:14:46,974 - src.modules.scanner - INFO - Fetched price for ZM: $77.78
2025-03-26 21:14:46,975 - src.modules.scanner - INFO - Generated bullish setup for ZM with 72.1% confidence at $77.78
2025-03-26 21:14:46,975 - src.modules.scanner - INFO - Added ZM to results
2025-03-26 21:14:47,477 - src.modules.scanner - INFO - Processing ZS... (106/106)
2025-03-26 21:14:47,646 - src.modules.scanner - INFO - Fetched price for ZS: $211.55
2025-03-26 21:14:47,647 - src.modules.scanner - INFO - Generated neutral setup for ZS with 94.7% confidence at $211.55
2025-03-26 21:14:47,648 - src.modules.scanner - INFO - Added ZS to results
2025-03-26 21:14:47,649 - src.modules.scanner - INFO - Pre-filter results count: 105
2025-03-26 21:14:47,650 - src.modules.scanner - INFO - Post-filter results count: 105
2025-03-26 21:14:47,686 - src.modules.scanner - INFO - Results saved to scanner_results\scan_results_20250326_211447.json
2025-03-26 21:14:47,687 - src.modules.scanner - INFO - Scan complete. Found 105 setups after filtering.
2025-03-26 21:15:04,693 - src.modules.scanner - INFO - Loading configuration from config.json
2025-03-26 21:15:04,694 - src.modules.scanner - INFO - Analyzing AAPL
2025-03-26 21:15:04,869 - werkzeug - INFO - 127.0.0.1 - - [26/Mar/2025 21:15:04] "GET /api/analyze/AAPL HTTP/1.1" 200 -
2025-03-26 22:50:45,128 - __main__ - INFO - Starting Options-Technical Hybrid Scanner
2025-03-26 22:50:45,259 - werkzeug - INFO - [31m[1mWARNING: This is a development server. Do not use it in a production deployment. Use a production WSGI server instead.[0m
 * Running on all addresses (0.0.0.0)
 * Running on http://127.0.0.1:8080
 * Running on http://192.168.88.9:8080
2025-03-26 22:50:45,260 - werkzeug - INFO - [33mPress CTRL+C to quit[0m
2025-03-26 22:50:45,264 - werkzeug - INFO -  * Restarting with stat
2025-03-26 22:50:46,567 - __main__ - INFO - Starting Options-Technical Hybrid Scanner
2025-03-26 22:50:46,585 - werkzeug - WARNING -  * Debugger is active!
2025-03-26 22:50:46,595 - werkzeug - INFO -  * Debugger PIN: 463-917-157
2025-03-26 22:50:49,709 - werkzeug - INFO - 127.0.0.1 - - [26/Mar/2025 22:50:49] "GET / HTTP/1.1" 200 -
2025-03-26 22:50:49,837 - werkzeug - INFO - 127.0.0.1 - - [26/Mar/2025 22:50:49] "[36mGET /static/css/styles.css HTTP/1.1[0m" 304 -
2025-03-26 22:50:49,850 - werkzeug - INFO - 127.0.0.1 - - [26/Mar/2025 22:50:49] "[36mGET /static/js/app.js HTTP/1.1[0m" 304 -
2025-03-26 22:50:50,036 - werkzeug - INFO - 127.0.0.1 - - [26/Mar/2025 22:50:50] "GET /api/results HTTP/1.1" 200 -
2025-03-26 22:50:56,892 - src.modules.scanner - INFO - Loading configuration from config.json
2025-03-26 22:50:56,915 - src.modules.scanner - ERROR - Error fetching NASDAQ constituents: name 'requests' is not defined
2025-03-26 22:50:56,917 - src.modules.scanner - ERROR - Failed to load NASDAQ constituents: name 'requests' is not defined
2025-03-26 22:50:56,918 - src.modules.scanner - WARNING - Using hardcoded fallback symbols
2025-03-26 22:50:56,920 - src.modules.scanner - INFO - Starting scan for 7 symbols
2025-03-26 22:50:56,920 - werkzeug - INFO - 127.0.0.1 - - [26/Mar/2025 22:50:56] "GET /api/scan?filters={"trend":["bullish","bearish","neutral"],"pcr_min":0,"pcr_max":2,"rsi_min":0,"rsi_max":100,"stoch_rsi_min":0,"stoch_rsi_max":100,"min_confidence":60} HTTP/1.1" 200 -
2025-03-26 22:50:57,422 - src.modules.scanner - INFO - Processing AAPL... (1/7)
2025-03-26 22:51:03,921 - src.modules.scanner - INFO - Fetched price for AAPL: $221.53
2025-03-26 22:51:03,922 - src.modules.scanner - INFO - Generated neutral setup for AAPL with 73.6% confidence at $221.53
2025-03-26 22:51:03,923 - src.modules.scanner - INFO - Added AAPL to results
2025-03-26 22:51:04,424 - src.modules.scanner - INFO - Processing MSFT... (2/7)
2025-03-26 22:51:04,629 - src.modules.scanner - INFO - Fetched price for MSFT: $389.97
2025-03-26 22:51:04,630 - src.modules.scanner - INFO - Generated bullish setup for MSFT with 86.7% confidence at $389.97
2025-03-26 22:51:04,631 - src.modules.scanner - INFO - Added MSFT to results
2025-03-26 22:51:05,133 - src.modules.scanner - INFO - Processing GOOGL... (3/7)
2025-03-26 22:51:05,303 - src.modules.scanner - INFO - Fetched price for GOOGL: $165.06
2025-03-26 22:51:05,304 - src.modules.scanner - INFO - Generated bullish setup for GOOGL with 82.2% confidence at $165.06
2025-03-26 22:51:05,305 - src.modules.scanner - INFO - Added GOOGL to results
2025-03-26 22:51:05,806 - src.modules.scanner - INFO - Processing AMZN... (4/7)
2025-03-26 22:51:05,989 - src.modules.scanner - INFO - Fetched price for AMZN: $201.13
2025-03-26 22:51:05,990 - src.modules.scanner - INFO - Generated neutral setup for AMZN with 73.8% confidence at $201.13
2025-03-26 22:51:05,991 - src.modules.scanner - INFO - Added AMZN to results
2025-03-26 22:51:06,492 - src.modules.scanner - INFO - Processing TSLA... (5/7)
2025-03-26 22:51:06,674 - src.modules.scanner - INFO - Fetched price for TSLA: $272.06
2025-03-26 22:51:06,675 - src.modules.scanner - INFO - Generated bullish setup for TSLA with 94.6% confidence at $272.06
2025-03-26 22:51:06,676 - src.modules.scanner - INFO - Added TSLA to results
2025-03-26 22:51:07,177 - src.modules.scanner - INFO - Processing META... (6/7)
2025-03-26 22:51:07,375 - src.modules.scanner - INFO - Fetched price for META: $610.98
2025-03-26 22:51:07,376 - src.modules.scanner - INFO - Generated bullish setup for META with 70.5% confidence at $610.98
2025-03-26 22:51:07,379 - src.modules.scanner - INFO - Added META to results
2025-03-26 22:51:07,881 - src.modules.scanner - INFO - Processing NVDA... (7/7)
2025-03-26 22:51:08,101 - src.modules.scanner - INFO - Fetched price for NVDA: $113.76
2025-03-26 22:51:08,102 - src.modules.scanner - INFO - Generated bearish setup for NVDA with 74.7% confidence at $113.76
2025-03-26 22:51:08,103 - src.modules.scanner - INFO - Added NVDA to results
2025-03-26 22:51:08,104 - src.modules.scanner - INFO - Pre-filter results count: 7
2025-03-26 22:51:08,105 - src.modules.scanner - INFO - Post-filter results count: 7
2025-03-26 22:51:08,113 - src.modules.scanner - INFO - Results saved to scanner_results\scan_results_20250326_225108.json
2025-03-26 22:51:08,114 - src.modules.scanner - INFO - Scan complete. Found 7 setups after filtering.
2025-03-26 22:52:56,609 - werkzeug - INFO -  * Detected change in 'C:\\Users\\cciep\\Github\\APPs\\dynamic-nasdaq-scanner\\src\\modules\\scanner.py', reloading
2025-03-26 22:52:56,771 - werkzeug - INFO -  * Restarting with stat
2025-03-26 22:52:58,033 - __main__ - INFO - Starting Options-Technical Hybrid Scanner
2025-03-26 22:52:58,045 - werkzeug - WARNING -  * Debugger is active!
2025-03-26 22:52:58,048 - werkzeug - INFO -  * Debugger PIN: 463-917-157
2025-03-26 22:53:57,263 - werkzeug - INFO -  * Detected change in 'C:\\Users\\cciep\\Github\\APPs\\dynamic-nasdaq-scanner\\src\\modules\\scanner.py', reloading
2025-03-26 22:53:57,444 - werkzeug - INFO -  * Restarting with stat
2025-03-26 22:55:24,238 - __main__ - INFO - Starting Options-Technical Hybrid Scanner
2025-03-26 22:55:24,265 - werkzeug - INFO - [31m[1mWARNING: This is a development server. Do not use it in a production deployment. Use a production WSGI server instead.[0m
 * Running on all addresses (0.0.0.0)
 * Running on http://127.0.0.1:8080
 * Running on http://192.168.88.9:8080
2025-03-26 22:55:24,266 - werkzeug - INFO - [33mPress CTRL+C to quit[0m
2025-03-26 22:55:24,268 - werkzeug - INFO -  * Restarting with stat
2025-03-26 22:55:25,360 - __main__ - INFO - Starting Options-Technical Hybrid Scanner
2025-03-26 22:55:25,376 - werkzeug - WARNING -  * Debugger is active!
2025-03-26 22:55:25,382 - werkzeug - INFO -  * Debugger PIN: 463-917-157
2025-03-26 22:55:30,397 - werkzeug - INFO - 127.0.0.1 - - [26/Mar/2025 22:55:30] "GET / HTTP/1.1" 200 -
2025-03-26 22:55:30,493 - werkzeug - INFO - 127.0.0.1 - - [26/Mar/2025 22:55:30] "[36mGET /static/js/app.js HTTP/1.1[0m" 304 -
2025-03-26 22:55:30,494 - werkzeug - INFO - 127.0.0.1 - - [26/Mar/2025 22:55:30] "[36mGET /static/css/styles.css HTTP/1.1[0m" 304 -
2025-03-26 22:55:30,762 - werkzeug - INFO - 127.0.0.1 - - [26/Mar/2025 22:55:30] "GET /api/results HTTP/1.1" 200 -
2025-03-26 22:55:36,818 - src.modules.scanner - INFO - Loading configuration from config.json
2025-03-26 22:55:37,154 - src.modules.scanner - INFO - Loaded 101 symbols from NASDAQ Composite
2025-03-26 22:55:37,156 - src.modules.scanner - INFO - Starting scan for 101 symbols
2025-03-26 22:55:37,157 - werkzeug - INFO - 127.0.0.1 - - [26/Mar/2025 22:55:37] "GET /api/scan?filters={"trend":["bullish","bearish","neutral"],"pcr_min":0,"pcr_max":2,"rsi_min":0,"rsi_max":100,"stoch_rsi_min":0,"stoch_rsi_max":100,"min_confidence":60} HTTP/1.1" 200 -
2025-03-26 22:55:37,158 - src.modules.scanner - INFO - Processing ADBE... (1/101)
2025-03-26 22:55:37,686 - src.modules.scanner - INFO - Fetched price for ADBE: $397.81
2025-03-26 22:55:37,688 - src.modules.scanner - INFO - Generated bullish setup for ADBE with 75.2% confidence at $397.81
2025-03-26 22:55:37,689 - src.modules.scanner - INFO - Added ADBE to results
2025-03-26 22:55:37,689 - src.modules.scanner - INFO - Processing AMAT... (2/101)
2025-03-26 22:55:37,782 - src.modules.scanner - INFO - Fetched price for AMAT: $150.68
2025-03-26 22:55:37,783 - src.modules.scanner - INFO - Generated neutral setup for AMAT with 66.6% confidence at $150.68
2025-03-26 22:55:37,784 - src.modules.scanner - INFO - Added AMAT to results
2025-03-26 22:55:37,785 - src.modules.scanner - INFO - Processing CSCO... (3/101)
2025-03-26 22:55:37,875 - src.modules.scanner - INFO - Fetched price for CSCO: $61.80
2025-03-26 22:55:37,876 - src.modules.scanner - INFO - Generated bullish setup for CSCO with 74.5% confidence at $61.80
2025-03-26 22:55:37,877 - src.modules.scanner - INFO - Added CSCO to results
2025-03-26 22:55:37,878 - src.modules.scanner - INFO - Processing FAST... (4/101)
2025-03-26 22:55:37,982 - src.modules.scanner - INFO - Fetched price for FAST: $77.09
2025-03-26 22:55:37,983 - src.modules.scanner - INFO - Generated bearish setup for FAST with 80.4% confidence at $77.09
2025-03-26 22:55:37,984 - src.modules.scanner - INFO - Added FAST to results
2025-03-26 22:55:37,985 - src.modules.scanner - INFO - Processing MSFT... (5/101)
2025-03-26 22:55:38,075 - src.modules.scanner - INFO - Fetched price for MSFT: $389.97
2025-03-26 22:55:38,076 - src.modules.scanner - INFO - Generated neutral setup for MSFT with 91.0% confidence at $389.97
2025-03-26 22:55:38,077 - src.modules.scanner - INFO - Added MSFT to results
2025-03-26 22:55:38,078 - src.modules.scanner - INFO - Processing PAYX... (6/101)
2025-03-26 22:55:38,195 - src.modules.scanner - INFO - Fetched price for PAYX: $150.19
2025-03-26 22:55:38,196 - src.modules.scanner - INFO - Generated neutral setup for PAYX with 92.4% confidence at $150.19
2025-03-26 22:55:38,197 - src.modules.scanner - INFO - Added PAYX to results
2025-03-26 22:55:38,198 - src.modules.scanner - INFO - Processing QCOM... (7/101)
2025-03-26 22:55:38,301 - src.modules.scanner - INFO - Fetched price for QCOM: $158.39
2025-03-26 22:55:38,302 - src.modules.scanner - INFO - Generated bearish setup for QCOM with 60.7% confidence at $158.39
2025-03-26 22:55:38,303 - src.modules.scanner - INFO - Added QCOM to results
2025-03-26 22:55:38,304 - src.modules.scanner - INFO - Processing AXON... (8/101)
2025-03-26 22:55:38,376 - src.modules.scanner - INFO - Fetched price for AXON: $559.06
2025-03-26 22:55:38,377 - src.modules.scanner - INFO - Generated bearish setup for AXON with 61.4% confidence at $559.06
2025-03-26 22:55:38,378 - src.modules.scanner - INFO - Added AXON to results
2025-03-26 22:55:38,378 - src.modules.scanner - INFO - Processing MSTR... (9/101)
2025-03-26 22:55:38,454 - src.modules.scanner - INFO - Fetched price for MSTR: $329.31
2025-03-26 22:55:38,455 - src.modules.scanner - INFO - Generated bearish setup for MSTR with 82.0% confidence at $329.31
2025-03-26 22:55:38,456 - src.modules.scanner - INFO - Added MSTR to results
2025-03-26 22:55:38,457 - src.modules.scanner - INFO - Processing PLTR... (10/101)
2025-03-26 22:55:38,529 - src.modules.scanner - INFO - Fetched price for PLTR: $92.28
2025-03-26 22:55:38,530 - src.modules.scanner - INFO - Generated neutral setup for PLTR with 71.8% confidence at $92.28
2025-03-26 22:55:38,531 - src.modules.scanner - INFO - Added PLTR to results
2025-03-26 22:55:38,532 - src.modules.scanner - INFO - Processing APP... (11/101)
2025-03-26 22:55:38,602 - src.modules.scanner - INFO - Fetched price for APP: $327.62
2025-03-26 22:55:38,603 - src.modules.scanner - INFO - Generated bullish setup for APP with 78.9% confidence at $327.62
2025-03-26 22:55:38,604 - src.modules.scanner - INFO - Added APP to results
2025-03-26 22:55:38,604 - src.modules.scanner - INFO - Processing ARM... (12/101)
2025-03-26 22:55:38,676 - src.modules.scanner - INFO - Fetched price for ARM: $114.93
2025-03-26 22:55:38,677 - src.modules.scanner - INFO - Generated bullish setup for ARM with 81.0% confidence at $114.93
2025-03-26 22:55:38,678 - src.modules.scanner - INFO - Added ARM to results
2025-03-26 22:55:38,678 - src.modules.scanner - INFO - Processing LIN... (13/101)
2025-03-26 22:55:38,810 - src.modules.scanner - INFO - Fetched price for LIN: $461.43
2025-03-26 22:55:38,811 - src.modules.scanner - INFO - Generated bearish setup for LIN with 69.3% confidence at $461.43
2025-03-26 22:55:38,812 - src.modules.scanner - INFO - Added LIN to results
2025-03-26 22:55:38,813 - src.modules.scanner - INFO - Processing CCEP... (14/101)
2025-03-26 22:55:38,920 - src.modules.scanner - INFO - Fetched price for CCEP: $85.37
2025-03-26 22:55:38,921 - src.modules.scanner - INFO - Generated bullish setup for CCEP with 68.0% confidence at $85.37
2025-03-26 22:55:38,922 - src.modules.scanner - INFO - Added CCEP to results
2025-03-26 22:55:38,922 - src.modules.scanner - INFO - Processing DASH... (15/101)
2025-03-26 22:55:38,990 - src.modules.scanner - INFO - Fetched price for DASH: $192.87
2025-03-26 22:55:38,991 - src.modules.scanner - INFO - Generated bullish setup for DASH with 74.0% confidence at $192.87
2025-03-26 22:55:38,992 - src.modules.scanner - INFO - Added DASH to results
2025-03-26 22:55:38,992 - src.modules.scanner - INFO - Processing MDB... (16/101)
2025-03-26 22:55:39,078 - src.modules.scanner - INFO - Fetched price for MDB: $193.66
2025-03-26 22:55:39,079 - src.modules.scanner - INFO - Generated bullish setup for MDB with 83.9% confidence at $193.66
2025-03-26 22:55:39,079 - src.modules.scanner - INFO - Added MDB to results
2025-03-26 22:55:39,080 - src.modules.scanner - INFO - Processing ROP... (17/101)
2025-03-26 22:55:39,190 - src.modules.scanner - INFO - Fetched price for ROP: $582.71
2025-03-26 22:55:39,191 - src.modules.scanner - INFO - Generated neutral setup for ROP with 79.4% confidence at $582.71
2025-03-26 22:55:39,192 - src.modules.scanner - INFO - Added ROP to results
2025-03-26 22:55:39,193 - src.modules.scanner - INFO - Processing TTD... (18/101)
2025-03-26 22:55:39,265 - src.modules.scanner - INFO - Fetched price for TTD: $58.80
2025-03-26 22:55:39,266 - src.modules.scanner - INFO - Generated bearish setup for TTD with 60.3% confidence at $58.80
2025-03-26 22:55:39,267 - src.modules.scanner - INFO - Added TTD to results
2025-03-26 22:55:39,268 - src.modules.scanner - INFO - Processing ON... (19/101)
2025-03-26 22:55:39,353 - src.modules.scanner - INFO - Fetched price for ON: $45.04
2025-03-26 22:55:39,354 - src.modules.scanner - INFO - Generated bullish setup for ON with 78.9% confidence at $45.04
2025-03-26 22:55:39,355 - src.modules.scanner - INFO - Added ON to results
2025-03-26 22:55:39,356 - src.modules.scanner - INFO - Processing GEHC... (20/101)
2025-03-26 22:55:39,463 - src.modules.scanner - INFO - Fetched price for GEHC: $81.00
2025-03-26 22:55:39,464 - src.modules.scanner - INFO - Generated bullish setup for GEHC with 78.5% confidence at $81.00
2025-03-26 22:55:39,465 - src.modules.scanner - INFO - Added GEHC to results
2025-03-26 22:55:39,466 - src.modules.scanner - INFO - Processing BKR... (21/101)
2025-03-26 22:55:39,577 - src.modules.scanner - INFO - Fetched price for BKR: $44.02
2025-03-26 22:55:39,578 - src.modules.scanner - INFO - Generated bullish setup for BKR with 91.3% confidence at $44.02
2025-03-26 22:55:39,579 - src.modules.scanner - INFO - Added BKR to results
2025-03-26 22:55:39,580 - src.modules.scanner - INFO - Processing FANG... (22/101)
2025-03-26 22:55:39,669 - src.modules.scanner - INFO - Fetched price for FANG: $163.09
2025-03-26 22:55:39,670 - src.modules.scanner - INFO - Generated bullish setup for FANG with 95.0% confidence at $163.09
2025-03-26 22:55:39,671 - src.modules.scanner - INFO - Added FANG to results
2025-03-26 22:55:39,672 - src.modules.scanner - INFO - Processing GFS... (23/101)
2025-03-26 22:55:39,749 - src.modules.scanner - INFO - Fetched price for GFS: $38.75
2025-03-26 22:55:39,750 - src.modules.scanner - INFO - Generated neutral setup for GFS with 79.6% confidence at $38.75
2025-03-26 22:55:39,751 - src.modules.scanner - INFO - Added GFS to results
2025-03-26 22:55:39,751 - src.modules.scanner - INFO - Processing WBD... (24/101)
2025-03-26 22:55:39,827 - src.modules.scanner - INFO - Fetched price for WBD: $11.03
2025-03-26 22:55:39,828 - src.modules.scanner - INFO - Generated bearish setup for WBD with 93.3% confidence at $11.03
2025-03-26 22:55:39,829 - src.modules.scanner - INFO - Added WBD to results
2025-03-26 22:55:39,830 - src.modules.scanner - INFO - Processing AZN... (25/101)
2025-03-26 22:55:39,940 - src.modules.scanner - INFO - Fetched price for AZN: $72.72
2025-03-26 22:55:39,942 - src.modules.scanner - INFO - Generated bullish setup for AZN with 93.7% confidence at $72.72
2025-03-26 22:55:39,942 - src.modules.scanner - INFO - Added AZN to results
2025-03-26 22:55:39,943 - src.modules.scanner - INFO - Processing CEG... (26/101)
2025-03-26 22:55:40,022 - src.modules.scanner - INFO - Fetched price for CEG: $216.97
2025-03-26 22:55:40,023 - src.modules.scanner - INFO - Generated neutral setup for CEG with 60.7% confidence at $216.97
2025-03-26 22:55:40,024 - src.modules.scanner - INFO - Added CEG to results
2025-03-26 22:55:40,025 - src.modules.scanner - INFO - Processing ODFL... (27/101)
2025-03-26 22:55:40,103 - src.modules.scanner - INFO - Fetched price for ODFL: $168.67
2025-03-26 22:55:40,104 - src.modules.scanner - INFO - Generated neutral setup for ODFL with 73.6% confidence at $168.67
2025-03-26 22:55:40,105 - src.modules.scanner - INFO - Added ODFL to results
2025-03-26 22:55:40,106 - src.modules.scanner - INFO - Processing TEAM... (28/101)
2025-03-26 22:55:40,179 - src.modules.scanner - INFO - Fetched price for TEAM: $229.65
2025-03-26 22:55:40,180 - src.modules.scanner - INFO - Generated bullish setup for TEAM with 83.8% confidence at $229.65
2025-03-26 22:55:40,181 - src.modules.scanner - INFO - Added TEAM to results
2025-03-26 22:55:40,181 - src.modules.scanner - INFO - Processing ABNB... (29/101)
2025-03-26 22:55:40,254 - src.modules.scanner - INFO - Fetched price for ABNB: $128.64
2025-03-26 22:55:40,256 - src.modules.scanner - INFO - Generated neutral setup for ABNB with 94.0% confidence at $128.64
2025-03-26 22:55:40,256 - src.modules.scanner - INFO - Added ABNB to results
2025-03-26 22:55:40,257 - src.modules.scanner - INFO - Processing FTNT... (30/101)
2025-03-26 22:55:40,332 - src.modules.scanner - INFO - Fetched price for FTNT: $101.01
2025-03-26 22:55:40,333 - src.modules.scanner - INFO - Generated bullish setup for FTNT with 70.3% confidence at $101.01
2025-03-26 22:55:40,334 - src.modules.scanner - INFO - Added FTNT to results
2025-03-26 22:55:40,335 - src.modules.scanner - INFO - Processing PANW... (31/101)
2025-03-26 22:55:40,412 - src.modules.scanner - INFO - Fetched price for PANW: $184.96
2025-03-26 22:55:40,413 - src.modules.scanner - INFO - Generated bullish setup for PANW with 71.2% confidence at $184.96
2025-03-26 22:55:40,414 - src.modules.scanner - INFO - Added PANW to results
2025-03-26 22:55:40,415 - src.modules.scanner - INFO - Processing ZS... (32/101)
2025-03-26 22:55:40,490 - src.modules.scanner - INFO - Fetched price for ZS: $211.55
2025-03-26 22:55:40,491 - src.modules.scanner - INFO - Generated bearish setup for ZS with 64.3% confidence at $211.55
2025-03-26 22:55:40,492 - src.modules.scanner - INFO - Added ZS to results
2025-03-26 22:55:40,493 - src.modules.scanner - INFO - Processing DDOG... (33/101)
2025-03-26 22:55:40,562 - src.modules.scanner - INFO - Fetched price for DDOG: $107.97
2025-03-26 22:55:40,563 - src.modules.scanner - INFO - Generated bearish setup for DDOG with 69.2% confidence at $107.97
2025-03-26 22:55:40,564 - src.modules.scanner - INFO - Added DDOG to results
2025-03-26 22:55:40,565 - src.modules.scanner - INFO - Processing CRWD... (34/101)
2025-03-26 22:55:40,634 - src.modules.scanner - INFO - Fetched price for CRWD: $371.41
2025-03-26 22:55:40,636 - src.modules.scanner - INFO - Generated bullish setup for CRWD with 83.3% confidence at $371.41
2025-03-26 22:55:40,637 - src.modules.scanner - INFO - Added CRWD to results
2025-03-26 22:55:40,638 - src.modules.scanner - INFO - Processing HON... (35/101)
2025-03-26 22:55:40,828 - src.modules.scanner - INFO - Fetched price for HON: $213.12
2025-03-26 22:55:40,829 - src.modules.scanner - INFO - Generated neutral setup for HON with 78.5% confidence at $213.12
2025-03-26 22:55:40,830 - src.modules.scanner - INFO - Added HON to results
2025-03-26 22:55:40,831 - src.modules.scanner - INFO - Processing AEP... (36/101)
2025-03-26 22:55:40,972 - src.modules.scanner - INFO - Fetched price for AEP: $103.90
2025-03-26 22:55:40,973 - src.modules.scanner - INFO - Generated bearish setup for AEP with 80.6% confidence at $103.90
2025-03-26 22:55:40,975 - src.modules.scanner - INFO - Added AEP to results
2025-03-26 22:55:40,975 - src.modules.scanner - INFO - Processing NFLX... (37/101)
2025-03-26 22:55:41,047 - src.modules.scanner - INFO - Fetched price for NFLX: $970.65
2025-03-26 22:55:41,048 - src.modules.scanner - INFO - Generated bullish setup for NFLX with 83.5% confidence at $970.65
2025-03-26 22:55:41,049 - src.modules.scanner - INFO - Added NFLX to results
2025-03-26 22:55:41,050 - src.modules.scanner - INFO - Processing KDP... (38/101)
2025-03-26 22:55:41,133 - src.modules.scanner - INFO - Fetched price for KDP: $34.06
2025-03-26 22:55:41,134 - src.modules.scanner - INFO - Generated bearish setup for KDP with 83.1% confidence at $34.06
2025-03-26 22:55:41,135 - src.modules.scanner - INFO - Added KDP to results
2025-03-26 22:55:41,136 - src.modules.scanner - INFO - Processing PDD... (39/101)
2025-03-26 22:55:41,206 - src.modules.scanner - INFO - Fetched price for PDD: $122.47
2025-03-26 22:55:41,208 - src.modules.scanner - INFO - Generated bullish setup for PDD with 73.3% confidence at $122.47
2025-03-26 22:55:41,220 - src.modules.scanner - INFO - Added PDD to results
2025-03-26 22:55:41,221 - src.modules.scanner - INFO - Processing DXCM... (40/101)
2025-03-26 22:55:41,319 - src.modules.scanner - INFO - Fetched price for DXCM: $72.13
2025-03-26 22:55:41,320 - src.modules.scanner - INFO - Generated bullish setup for DXCM with 73.8% confidence at $72.13
2025-03-26 22:55:41,322 - src.modules.scanner - INFO - Added DXCM to results
2025-03-26 22:55:41,322 - src.modules.scanner - INFO - Processing ANSS... (41/101)
2025-03-26 22:55:41,398 - src.modules.scanner - INFO - Fetched price for ANSS: $323.34
2025-03-26 22:55:41,400 - src.modules.scanner - INFO - Generated neutral setup for ANSS with 63.3% confidence at $323.34
2025-03-26 22:55:41,400 - src.modules.scanner - INFO - Added ANSS to results
2025-03-26 22:55:41,401 - src.modules.scanner - INFO - Processing CDW... (42/101)
2025-03-26 22:55:41,481 - src.modules.scanner - INFO - Fetched price for CDW: $167.33
2025-03-26 22:55:41,482 - src.modules.scanner - INFO - Generated bearish setup for CDW with 73.4% confidence at $167.33
2025-03-26 22:55:41,483 - src.modules.scanner - INFO - Added CDW to results
2025-03-26 22:55:41,483 - src.modules.scanner - INFO - Processing CPRT... (43/101)
2025-03-26 22:55:41,552 - src.modules.scanner - INFO - Fetched price for CPRT: $55.07
2025-03-26 22:55:41,553 - src.modules.scanner - INFO - Generated bullish setup for CPRT with 65.3% confidence at $55.07
2025-03-26 22:55:41,554 - src.modules.scanner - INFO - Added CPRT to results
2025-03-26 22:55:41,555 - src.modules.scanner - INFO - Processing CSGP... (44/101)
2025-03-26 22:55:41,622 - src.modules.scanner - INFO - Fetched price for CSGP: $80.37
2025-03-26 22:55:41,623 - src.modules.scanner - INFO - Generated neutral setup for CSGP with 69.8% confidence at $80.37
2025-03-26 22:55:41,624 - src.modules.scanner - INFO - Added CSGP to results
2025-03-26 22:55:41,625 - src.modules.scanner - INFO - Processing EXC... (45/101)
2025-03-26 22:55:41,756 - src.modules.scanner - INFO - Fetched price for EXC: $44.02
2025-03-26 22:55:41,758 - src.modules.scanner - INFO - Generated neutral setup for EXC with 85.3% confidence at $44.02
2025-03-26 22:55:41,759 - src.modules.scanner - INFO - Added EXC to results
2025-03-26 22:55:41,760 - src.modules.scanner - INFO - Processing AMD... (46/101)
2025-03-26 22:55:41,835 - src.modules.scanner - INFO - Fetched price for AMD: $110.19
2025-03-26 22:55:41,836 - src.modules.scanner - INFO - Generated bearish setup for AMD with 93.3% confidence at $110.19
2025-03-26 22:55:41,837 - src.modules.scanner - INFO - Added AMD to results
2025-03-26 22:55:41,838 - src.modules.scanner - INFO - Processing LULU... (47/101)
2025-03-26 22:55:41,917 - src.modules.scanner - INFO - Fetched price for LULU: $337.79
2025-03-26 22:55:41,918 - src.modules.scanner - INFO - Generated neutral setup for LULU with 70.4% confidence at $337.79
2025-03-26 22:55:41,919 - src.modules.scanner - INFO - Added LULU to results
2025-03-26 22:55:41,919 - src.modules.scanner - INFO - Processing XEL... (48/101)
2025-03-26 22:55:42,078 - src.modules.scanner - INFO - Fetched price for XEL: $68.92
2025-03-26 22:55:42,079 - src.modules.scanner - INFO - Generated neutral setup for XEL with 62.9% confidence at $68.92
2025-03-26 22:55:42,080 - src.modules.scanner - INFO - Added XEL to results
2025-03-26 22:55:42,081 - src.modules.scanner - INFO - Processing PEP... (49/101)
2025-03-26 22:55:42,208 - src.modules.scanner - INFO - Fetched price for PEP: $148.64
2025-03-26 22:55:42,210 - src.modules.scanner - INFO - Generated neutral setup for PEP with 85.9% confidence at $148.64
2025-03-26 22:55:42,210 - src.modules.scanner - INFO - Added PEP to results
2025-03-26 22:55:42,211 - src.modules.scanner - INFO - Processing ASML... (50/101)
2025-03-26 22:55:42,297 - src.modules.scanner - INFO - Fetched price for ASML: $705.76
2025-03-26 22:55:42,298 - src.modules.scanner - INFO - Generated bullish setup for ASML with 89.4% confidence at $705.76
2025-03-26 22:55:42,299 - src.modules.scanner - INFO - Added ASML to results
2025-03-26 22:55:42,359 - src.modules.scanner - INFO - Fetched price for ASML: $705.76
2025-03-26 22:55:42,360 - src.modules.scanner - INFO - Generated bullish setup for ASML with 71.5% confidence at $705.76
2025-03-26 22:55:42,360 - src.modules.scanner - INFO - Added ASML to results
2025-03-26 22:55:42,361 - src.modules.scanner - INFO - Processing SNPS... (51/101)
2025-03-26 22:55:42,438 - src.modules.scanner - INFO - Fetched price for SNPS: $449.90
2025-03-26 22:55:42,439 - src.modules.scanner - INFO - Generated bullish setup for SNPS with 79.7% confidence at $449.90
2025-03-26 22:55:42,440 - src.modules.scanner - INFO - Added SNPS to results
2025-03-26 22:55:42,440 - src.modules.scanner - INFO - Processing TTWO... (52/101)
2025-03-26 22:55:42,524 - src.modules.scanner - INFO - Fetched price for TTWO: $215.89
2025-03-26 22:55:42,525 - src.modules.scanner - INFO - Generated neutral setup for TTWO with 85.6% confidence at $215.89
2025-03-26 22:55:42,526 - src.modules.scanner - INFO - Added TTWO to results
2025-03-26 22:55:42,526 - src.modules.scanner - INFO - Processing WDAY... (53/101)
2025-03-26 22:55:42,603 - src.modules.scanner - INFO - Fetched price for WDAY: $250.79
2025-03-26 22:55:42,604 - src.modules.scanner - INFO - Generated bullish setup for WDAY with 78.2% confidence at $250.79
2025-03-26 22:55:42,605 - src.modules.scanner - INFO - Added WDAY to results
2025-03-26 22:55:42,606 - src.modules.scanner - INFO - Processing MELI... (54/101)
2025-03-26 22:55:42,684 - src.modules.scanner - INFO - Fetched price for MELI: $2074.97
2025-03-26 22:55:42,685 - src.modules.scanner - INFO - Generated bearish setup for MELI with 77.3% confidence at $2074.97
2025-03-26 22:55:42,686 - src.modules.scanner - INFO - Added MELI to results
2025-03-26 22:55:42,686 - src.modules.scanner - INFO - Processing IDXX... (55/101)
2025-03-26 22:55:42,773 - src.modules.scanner - INFO - Fetched price for IDXX: $417.71
2025-03-26 22:55:42,775 - src.modules.scanner - INFO - Generated neutral setup for IDXX with 84.2% confidence at $417.71
2025-03-26 22:55:42,776 - src.modules.scanner - INFO - Added IDXX to results
2025-03-26 22:55:42,776 - src.modules.scanner - INFO - Processing CSX... (56/101)
2025-03-26 22:55:42,890 - src.modules.scanner - INFO - Fetched price for CSX: $29.90
2025-03-26 22:55:42,891 - src.modules.scanner - INFO - Generated bearish setup for CSX with 79.1% confidence at $29.90
2025-03-26 22:55:42,892 - src.modules.scanner - INFO - Added CSX to results
2025-03-26 22:55:42,893 - src.modules.scanner - INFO - Processing TMUS... (57/101)
2025-03-26 22:55:42,996 - src.modules.scanner - INFO - Fetched price for TMUS: $262.51
2025-03-26 22:55:42,997 - src.modules.scanner - INFO - Generated bullish setup for TMUS with 93.9% confidence at $262.51
2025-03-26 22:55:42,998 - src.modules.scanner - INFO - Added TMUS to results
2025-03-26 22:55:42,999 - src.modules.scanner - INFO - Processing PYPL... (58/101)
2025-03-26 22:55:43,105 - src.modules.scanner - INFO - Fetched price for PYPL: $69.97
2025-03-26 22:55:43,106 - src.modules.scanner - INFO - Generated bullish setup for PYPL with 72.1% confidence at $69.97
2025-03-26 22:55:43,107 - src.modules.scanner - INFO - Added PYPL to results
2025-03-26 22:55:43,108 - src.modules.scanner - INFO - Processing KHC... (59/101)
2025-03-26 22:55:43,194 - src.modules.scanner - INFO - Fetched price for KHC: $29.69
2025-03-26 22:55:43,195 - src.modules.scanner - INFO - Generated neutral setup for KHC with 63.6% confidence at $29.69
2025-03-26 22:55:43,196 - src.modules.scanner - INFO - Added KHC to results
2025-03-26 22:55:43,197 - src.modules.scanner - INFO - Processing GOOG... (60/101)
2025-03-26 22:55:43,273 - src.modules.scanner - INFO - Fetched price for GOOG: $167.14
2025-03-26 22:55:43,274 - src.modules.scanner - INFO - Generated bullish setup for GOOG with 90.4% confidence at $167.14
2025-03-26 22:55:43,275 - src.modules.scanner - INFO - Added GOOG to results
2025-03-26 22:55:43,275 - src.modules.scanner - INFO - Processing NXPI... (61/101)
2025-03-26 22:55:43,361 - src.modules.scanner - INFO - Fetched price for NXPI: $205.75
2025-03-26 22:55:43,362 - src.modules.scanner - INFO - Generated bullish setup for NXPI with 77.2% confidence at $205.75
2025-03-26 22:55:43,363 - src.modules.scanner - INFO - Added NXPI to results
2025-03-26 22:55:43,364 - src.modules.scanner - INFO - Processing MAR... (62/101)
2025-03-26 22:55:43,475 - src.modules.scanner - INFO - Fetched price for MAR: $246.72
2025-03-26 22:55:43,476 - src.modules.scanner - INFO - Generated neutral setup for MAR with 86.0% confidence at $246.72
2025-03-26 22:55:43,477 - src.modules.scanner - INFO - Added MAR to results
2025-03-26 22:55:43,478 - src.modules.scanner - INFO - Processing CHTR... (63/101)
2025-03-26 22:55:43,556 - src.modules.scanner - INFO - Fetched price for CHTR: $384.77
2025-03-26 22:55:43,557 - src.modules.scanner - INFO - Generated bullish setup for CHTR with 69.6% confidence at $384.77
2025-03-26 22:55:43,559 - src.modules.scanner - INFO - Added CHTR to results
2025-03-26 22:55:43,559 - src.modules.scanner - INFO - Processing TSLA... (64/101)
2025-03-26 22:55:43,635 - src.modules.scanner - INFO - Fetched price for TSLA: $272.06
2025-03-26 22:55:43,636 - src.modules.scanner - INFO - Generated bearish setup for TSLA with 94.6% confidence at $272.06
2025-03-26 22:55:43,637 - src.modules.scanner - INFO - Added TSLA to results
2025-03-26 22:55:43,638 - src.modules.scanner - INFO - Processing EA... (65/101)
2025-03-26 22:55:43,715 - src.modules.scanner - INFO - Fetched price for EA: $145.19
2025-03-26 22:55:43,716 - src.modules.scanner - INFO - Generated bullish setup for EA with 80.6% confidence at $145.19
2025-03-26 22:55:43,717 - src.modules.scanner - INFO - Added EA to results
2025-03-26 22:55:43,718 - src.modules.scanner - INFO - Processing MRVL... (66/101)
2025-03-26 22:55:43,797 - src.modules.scanner - INFO - Fetched price for MRVL: $66.76
2025-03-26 22:55:43,798 - src.modules.scanner - INFO - Generated neutral setup for MRVL with 80.5% confidence at $66.76
2025-03-26 22:55:43,799 - src.modules.scanner - INFO - Added MRVL to results
2025-03-26 22:55:43,800 - src.modules.scanner - INFO - Processing REGN... (67/101)
2025-03-26 22:55:43,903 - src.modules.scanner - INFO - Fetched price for REGN: $640.14
2025-03-26 22:55:43,905 - src.modules.scanner - INFO - Generated bullish setup for REGN with 80.1% confidence at $640.14
2025-03-26 22:55:43,905 - src.modules.scanner - INFO - Added REGN to results
2025-03-26 22:55:43,906 - src.modules.scanner - INFO - Processing VRSK... (68/101)
2025-03-26 22:55:43,992 - src.modules.scanner - INFO - Fetched price for VRSK: $292.03
2025-03-26 22:55:43,993 - src.modules.scanner - INFO - Generated bearish setup for VRSK with 90.1% confidence at $292.03
2025-03-26 22:55:43,994 - src.modules.scanner - INFO - Added VRSK to results
2025-03-26 22:55:43,995 - src.modules.scanner - INFO - Processing META... (69/101)
2025-03-26 22:55:44,078 - src.modules.scanner - INFO - Fetched price for META: $610.98
2025-03-26 22:55:44,079 - src.modules.scanner - INFO - Generated neutral setup for META with 66.1% confidence at $610.98
2025-03-26 22:55:44,080 - src.modules.scanner - INFO - Added META to results
2025-03-26 22:55:44,081 - src.modules.scanner - INFO - Processing ADI... (70/101)
2025-03-26 22:55:44,191 - src.modules.scanner - INFO - Fetched price for ADI: $210.53
2025-03-26 22:55:44,192 - src.modules.scanner - INFO - Generated bullish setup for ADI with 63.6% confidence at $210.53
2025-03-26 22:55:44,193 - src.modules.scanner - INFO - Added ADI to results
2025-03-26 22:55:44,194 - src.modules.scanner - INFO - Processing MDLZ... (71/101)
2025-03-26 22:55:44,297 - src.modules.scanner - INFO - Fetched price for MDLZ: $66.33
2025-03-26 22:55:44,298 - src.modules.scanner - INFO - Generated neutral setup for MDLZ with 91.1% confidence at $66.33
2025-03-26 22:55:44,299 - src.modules.scanner - INFO - Added MDLZ to results
2025-03-26 22:55:44,300 - src.modules.scanner - INFO - Processing TXN... (72/101)
2025-03-26 22:55:44,465 - src.modules.scanner - INFO - Fetched price for TXN: $184.49
2025-03-26 22:55:44,466 - src.modules.scanner - INFO - Generated bearish setup for TXN with 73.7% confidence at $184.49
2025-03-26 22:55:44,467 - src.modules.scanner - INFO - Added TXN to results
2025-03-26 22:55:44,468 - src.modules.scanner - INFO - Processing AVGO... (73/101)
2025-03-26 22:55:44,559 - src.modules.scanner - INFO - Fetched price for AVGO: $179.27
2025-03-26 22:55:44,560 - src.modules.scanner - INFO - Generated neutral setup for AVGO with 76.3% confidence at $179.27
2025-03-26 22:55:44,561 - src.modules.scanner - INFO - Added AVGO to results
2025-03-26 22:55:44,562 - src.modules.scanner - INFO - Processing BKNG... (74/101)
2025-03-26 22:55:44,688 - src.modules.scanner - INFO - Fetched price for BKNG: $4764.16
2025-03-26 22:55:44,690 - src.modules.scanner - INFO - Generated bullish setup for BKNG with 80.1% confidence at $4764.16
2025-03-26 22:55:44,691 - src.modules.scanner - INFO - Added BKNG to results
2025-03-26 22:55:44,692 - src.modules.scanner - INFO - Processing ADP... (75/101)
2025-03-26 22:55:44,829 - src.modules.scanner - INFO - Fetched price for ADP: $302.41
2025-03-26 22:55:44,830 - src.modules.scanner - INFO - Generated bearish setup for ADP with 74.9% confidence at $302.41
2025-03-26 22:55:44,831 - src.modules.scanner - INFO - Added ADP to results
2025-03-26 22:55:44,831 - src.modules.scanner - INFO - Processing ORLY... (76/101)
2025-03-26 22:55:44,961 - src.modules.scanner - INFO - Fetched price for ORLY: $1380.98
2025-03-26 22:55:44,962 - src.modules.scanner - INFO - Generated bearish setup for ORLY with 93.5% confidence at $1380.98
2025-03-26 22:55:44,963 - src.modules.scanner - INFO - Added ORLY to results
2025-03-26 22:55:44,963 - src.modules.scanner - INFO - Processing ROST... (77/101)
2025-03-26 22:55:45,095 - src.modules.scanner - INFO - Fetched price for ROST: $127.70
2025-03-26 22:55:45,096 - src.modules.scanner - INFO - Generated bearish setup for ROST with 68.4% confidence at $127.70
2025-03-26 22:55:45,097 - src.modules.scanner - INFO - Added ROST to results
2025-03-26 22:55:45,097 - src.modules.scanner - INFO - Processing MNST... (78/101)
2025-03-26 22:55:45,184 - src.modules.scanner - INFO - Fetched price for MNST: $57.76
2025-03-26 22:55:45,185 - src.modules.scanner - INFO - Generated bearish setup for MNST with 65.8% confidence at $57.76
2025-03-26 22:55:45,186 - src.modules.scanner - INFO - Added MNST to results
2025-03-26 22:55:45,186 - src.modules.scanner - INFO - Processing VRTX... (79/101)
2025-03-26 22:55:45,261 - src.modules.scanner - INFO - Fetched price for VRTX: $500.28
2025-03-26 22:55:45,262 - src.modules.scanner - INFO - Generated neutral setup for VRTX with 75.0% confidence at $500.28
2025-03-26 22:55:45,263 - src.modules.scanner - INFO - Added VRTX to results
2025-03-26 22:55:45,263 - src.modules.scanner - INFO - Processing ISRG... (80/101)
2025-03-26 22:55:45,335 - src.modules.scanner - INFO - Fetched price for ISRG: $509.03
2025-03-26 22:55:45,336 - src.modules.scanner - INFO - Generated bearish setup for ISRG with 73.9% confidence at $509.03
2025-03-26 22:55:45,337 - src.modules.scanner - INFO - Added ISRG to results
2025-03-26 22:55:45,337 - src.modules.scanner - INFO - Processing CDNS... (81/101)
2025-03-26 22:55:45,410 - src.modules.scanner - INFO - Fetched price for CDNS: $263.41
2025-03-26 22:55:45,411 - src.modules.scanner - INFO - Generated neutral setup for CDNS with 75.4% confidence at $263.41
2025-03-26 22:55:45,412 - src.modules.scanner - INFO - Added CDNS to results
2025-03-26 22:55:45,415 - src.modules.scanner - INFO - Processing GOOGL... (82/101)
2025-03-26 22:55:45,487 - src.modules.scanner - INFO - Fetched price for GOOGL: $165.06
2025-03-26 22:55:45,488 - src.modules.scanner - INFO - Generated bearish setup for GOOGL with 77.4% confidence at $165.06
2025-03-26 22:55:45,489 - src.modules.scanner - INFO - Added GOOGL to results
2025-03-26 22:55:45,489 - src.modules.scanner - INFO - Processing CTSH... (83/101)
2025-03-26 22:55:45,568 - src.modules.scanner - INFO - Fetched price for CTSH: $77.85
2025-03-26 22:55:45,569 - src.modules.scanner - INFO - Generated neutral setup for CTSH with 79.3% confidence at $77.85
2025-03-26 22:55:45,570 - src.modules.scanner - INFO - Added CTSH to results
2025-03-26 22:55:45,570 - src.modules.scanner - INFO - Processing ADSK... (84/101)
2025-03-26 22:55:45,669 - src.modules.scanner - INFO - Fetched price for ADSK: $271.21
2025-03-26 22:55:45,671 - src.modules.scanner - INFO - Generated bearish setup for ADSK with 91.1% confidence at $271.21
2025-03-26 22:55:45,671 - src.modules.scanner - INFO - Added ADSK to results
2025-03-26 22:55:45,672 - src.modules.scanner - INFO - Processing AMGN... (85/101)
2025-03-26 22:55:45,770 - src.modules.scanner - INFO - Fetched price for AMGN: $305.71
2025-03-26 22:55:45,771 - src.modules.scanner - INFO - Generated bearish setup for AMGN with 85.9% confidence at $305.71
2025-03-26 22:55:45,772 - src.modules.scanner - INFO - Added AMGN to results
2025-03-26 22:55:45,773 - src.modules.scanner - INFO - Processing LRCX... (86/101)
2025-03-26 22:55:45,868 - src.modules.scanner - INFO - Fetched price for LRCX: $76.14
2025-03-26 22:55:45,869 - src.modules.scanner - INFO - Generated neutral setup for LRCX with 78.0% confidence at $76.14
2025-03-26 22:55:45,870 - src.modules.scanner - INFO - Added LRCX to results
2025-03-26 22:55:45,871 - src.modules.scanner - INFO - Processing CMCSA... (87/101)
2025-03-26 22:55:45,984 - src.modules.scanner - INFO - Fetched price for CMCSA: $37.37
2025-03-26 22:55:45,985 - src.modules.scanner - INFO - Generated bearish setup for CMCSA with 94.7% confidence at $37.37
2025-03-26 22:55:45,986 - src.modules.scanner - INFO - Added CMCSA to results
2025-03-26 22:55:45,986 - src.modules.scanner - INFO - Processing GILD... (88/101)
2025-03-26 22:55:46,086 - src.modules.scanner - INFO - Fetched price for GILD: $109.27
2025-03-26 22:55:46,087 - src.modules.scanner - INFO - Generated neutral setup for GILD with 69.1% confidence at $109.27
2025-03-26 22:55:46,088 - src.modules.scanner - INFO - Added GILD to results
2025-03-26 22:55:46,089 - src.modules.scanner - INFO - Processing NVDA... (89/101)
2025-03-26 22:55:46,180 - src.modules.scanner - INFO - Fetched price for NVDA: $113.76
2025-03-26 22:55:46,181 - src.modules.scanner - INFO - Generated neutral setup for NVDA with 67.0% confidence at $113.76
2025-03-26 22:55:46,182 - src.modules.scanner - INFO - Added NVDA to results
2025-03-26 22:55:46,182 - src.modules.scanner - INFO - Processing AMZN... (90/101)
2025-03-26 22:55:46,264 - src.modules.scanner - INFO - Fetched price for AMZN: $201.13
2025-03-26 22:55:46,266 - src.modules.scanner - INFO - Generated neutral setup for AMZN with 82.1% confidence at $201.13
2025-03-26 22:55:46,267 - src.modules.scanner - INFO - Added AMZN to results
2025-03-26 22:55:46,268 - src.modules.scanner - INFO - Processing MCHP... (91/101)
2025-03-26 22:55:46,377 - src.modules.scanner - INFO - Fetched price for MCHP: $52.17
2025-03-26 22:55:46,378 - src.modules.scanner - INFO - Generated neutral setup for MCHP with 60.3% confidence at $52.17
2025-03-26 22:55:46,379 - src.modules.scanner - INFO - Added MCHP to results
2025-03-26 22:55:46,380 - src.modules.scanner - INFO - Processing SBUX... (92/101)
2025-03-26 22:55:46,472 - src.modules.scanner - INFO - Fetched price for SBUX: $97.97
2025-03-26 22:55:46,473 - src.modules.scanner - INFO - Generated bearish setup for SBUX with 77.2% confidence at $97.97
2025-03-26 22:55:46,475 - src.modules.scanner - INFO - Added SBUX to results
2025-03-26 22:55:46,475 - src.modules.scanner - INFO - Processing MU... (93/101)
2025-03-26 22:55:46,605 - src.modules.scanner - INFO - Fetched price for MU: $92.13
2025-03-26 22:55:46,606 - src.modules.scanner - INFO - Generated bullish setup for MU with 67.7% confidence at $92.13
2025-03-26 22:55:46,607 - src.modules.scanner - INFO - Added MU to results
2025-03-26 22:55:46,607 - src.modules.scanner - INFO - Processing INTU... (94/101)
2025-03-26 22:55:46,712 - src.modules.scanner - INFO - Fetched price for INTU: $614.86
2025-03-26 22:55:46,713 - src.modules.scanner - INFO - Generated neutral setup for INTU with 88.0% confidence at $614.86
2025-03-26 22:55:46,714 - src.modules.scanner - INFO - Added INTU to results
2025-03-26 22:55:46,715 - src.modules.scanner - INFO - Processing BIIB... (95/101)
2025-03-26 22:55:46,787 - src.modules.scanner - INFO - Fetched price for BIIB: $142.43
2025-03-26 22:55:46,788 - src.modules.scanner - INFO - Generated bearish setup for BIIB with 70.9% confidence at $142.43
2025-03-26 22:55:46,789 - src.modules.scanner - INFO - Added BIIB to results
2025-03-26 22:55:46,789 - src.modules.scanner - INFO - Processing AAPL... (96/101)
2025-03-26 22:55:46,908 - src.modules.scanner - INFO - Fetched price for AAPL: $221.53
2025-03-26 22:55:46,909 - src.modules.scanner - INFO - Generated bearish setup for AAPL with 82.7% confidence at $221.53
2025-03-26 22:55:46,910 - src.modules.scanner - INFO - Added AAPL to results
2025-03-26 22:55:46,911 - src.modules.scanner - INFO - Processing COST... (97/101)
2025-03-26 22:55:47,011 - src.modules.scanner - INFO - Fetched price for COST: $929.75
2025-03-26 22:55:47,012 - src.modules.scanner - INFO - Generated bullish setup for COST with 63.8% confidence at $929.75
2025-03-26 22:55:47,013 - src.modules.scanner - INFO - Added COST to results
2025-03-26 22:55:47,014 - src.modules.scanner - INFO - Processing CTAS... (98/101)
2025-03-26 22:55:47,127 - src.modules.scanner - INFO - Fetched price for CTAS: $204.71
2025-03-26 22:55:47,128 - src.modules.scanner - INFO - Generated bullish setup for CTAS with 73.3% confidence at $204.71
2025-03-26 22:55:47,129 - src.modules.scanner - INFO - Added CTAS to results
2025-03-26 22:55:47,129 - src.modules.scanner - INFO - Processing INTC... (99/101)
2025-03-26 22:55:47,245 - src.modules.scanner - INFO - Fetched price for INTC: $23.42
2025-03-26 22:55:47,246 - src.modules.scanner - INFO - Generated neutral setup for INTC with 62.4% confidence at $23.42
2025-03-26 22:55:47,247 - src.modules.scanner - INFO - Added INTC to results
2025-03-26 22:55:47,248 - src.modules.scanner - INFO - Processing KLAC... (100/101)
2025-03-26 22:55:47,339 - src.modules.scanner - INFO - Fetched price for KLAC: $705.54
2025-03-26 22:55:47,340 - src.modules.scanner - INFO - Generated bearish setup for KLAC with 63.0% confidence at $705.54
2025-03-26 22:55:47,341 - src.modules.scanner - INFO - Added KLAC to results
2025-03-26 22:55:47,429 - src.modules.scanner - INFO - Fetched price for KLAC: $705.54
2025-03-26 22:55:47,430 - src.modules.scanner - INFO - Generated neutral setup for KLAC with 63.4% confidence at $705.54
2025-03-26 22:55:47,431 - src.modules.scanner - INFO - Added KLAC to results
2025-03-26 22:55:47,432 - src.modules.scanner - INFO - Processing PCAR... (101/101)
2025-03-26 22:55:47,531 - src.modules.scanner - INFO - Fetched price for PCAR: $99.53
2025-03-26 22:55:47,532 - src.modules.scanner - INFO - Generated bullish setup for PCAR with 87.6% confidence at $99.53
2025-03-26 22:55:47,533 - src.modules.scanner - INFO - Added PCAR to results
2025-03-26 22:55:47,570 - src.modules.scanner - INFO - Fetched price for PCAR: $99.53
2025-03-26 22:55:47,570 - src.modules.scanner - INFO - Generated bearish setup for PCAR with 61.7% confidence at $99.53
2025-03-26 22:55:47,571 - src.modules.scanner - INFO - Added PCAR to results
2025-03-26 22:55:47,572 - src.modules.scanner - INFO - Pre-filter results count: 104
2025-03-26 22:55:47,572 - src.modules.scanner - INFO - Post-filter results count: 104
2025-03-26 22:55:47,585 - src.modules.scanner - INFO - Results saved to scanner_results\scan_results_20250326_225547.json
2025-03-26 22:55:47,585 - src.modules.scanner - INFO - Scan complete. Found 104 setups after filtering.
2025-03-27 01:16:07,331 - __main__ - INFO - Starting Options-Technical Hybrid Scanner
2025-03-27 01:16:07,386 - werkzeug - INFO - [31m[1mWARNING: This is a development server. Do not use it in a production deployment. Use a production WSGI server instead.[0m
 * Running on all addresses (0.0.0.0)
 * Running on http://127.0.0.1:8080
 * Running on http://192.168.88.9:8080
2025-03-27 01:16:07,387 - werkzeug - INFO - [33mPress CTRL+C to quit[0m
2025-03-27 01:16:07,390 - werkzeug - INFO -  * Restarting with stat
2025-03-27 01:16:08,545 - __main__ - INFO - Starting Options-Technical Hybrid Scanner
2025-03-27 01:16:08,560 - werkzeug - WARNING -  * Debugger is active!
2025-03-27 01:16:08,564 - werkzeug - INFO -  * Debugger PIN: 216-997-372
2025-03-27 01:16:11,633 - werkzeug - INFO - 127.0.0.1 - - [27/Mar/2025 01:16:11] "GET / HTTP/1.1" 200 -
2025-03-27 01:16:11,761 - werkzeug - INFO - 127.0.0.1 - - [27/Mar/2025 01:16:11] "GET /static/js/app.js HTTP/1.1" 200 -
2025-03-27 01:16:11,762 - werkzeug - INFO - 127.0.0.1 - - [27/Mar/2025 01:16:11] "GET /static/css/styles.css HTTP/1.1" 200 -
2025-03-27 01:16:12,016 - werkzeug - INFO - 127.0.0.1 - - [27/Mar/2025 01:16:12] "GET /api/results HTTP/1.1" 200 -
2025-03-27 01:16:19,330 - src.modules.scanner - INFO - Loading configuration from config.json
2025-03-27 01:16:19,344 - src.modules.scanner - INFO - Using cached NASDAQ constituents
2025-03-27 01:16:19,345 - src.modules.scanner - INFO - Loaded 101 symbols from NASDAQ Composite
2025-03-27 01:16:19,346 - src.modules.scanner - INFO - Starting scan for 101 symbols
2025-03-27 01:16:19,347 - werkzeug - INFO - 127.0.0.1 - - [27/Mar/2025 01:16:19] "GET /api/scan?filters={"trend":["bullish","bearish","neutral"],"pcr_min":0,"pcr_max":2,"rsi_min":0,"rsi_max":100,"stoch_rsi_min":0,"stoch_rsi_max":100,"min_confidence":60} HTTP/1.1" 200 -
2025-03-27 01:16:19,348 - src.modules.scanner - INFO - Processing ADBE... (1/101)
2025-03-27 01:16:20,112 - src.modules.scanner - INFO - Fetched price for ADBE: $397.81
2025-03-27 01:16:20,113 - src.modules.scanner - INFO - Generated neutral setup for ADBE with 75.0% confidence at $397.81
2025-03-27 01:16:20,113 - src.modules.scanner - INFO - Added ADBE to results
2025-03-27 01:16:20,114 - src.modules.scanner - INFO - Processing AMAT... (2/101)
2025-03-27 01:16:20,215 - src.modules.scanner - INFO - Fetched price for AMAT: $150.68
2025-03-27 01:16:20,216 - src.modules.scanner - INFO - Generated bearish setup for AMAT with 67.5% confidence at $150.68
2025-03-27 01:16:20,217 - src.modules.scanner - INFO - Added AMAT to results
2025-03-27 01:16:20,217 - src.modules.scanner - INFO - Processing CSCO... (3/101)
2025-03-27 01:16:20,308 - src.modules.scanner - INFO - Fetched price for CSCO: $61.80
2025-03-27 01:16:20,309 - src.modules.scanner - INFO - Generated bearish setup for CSCO with 74.2% confidence at $61.80
2025-03-27 01:16:20,310 - src.modules.scanner - INFO - Added CSCO to results
2025-03-27 01:16:20,311 - src.modules.scanner - INFO - Processing FAST... (4/101)
2025-03-27 01:16:20,421 - src.modules.scanner - INFO - Fetched price for FAST: $77.09
2025-03-27 01:16:20,422 - src.modules.scanner - INFO - Generated neutral setup for FAST with 63.2% confidence at $77.09
2025-03-27 01:16:20,423 - src.modules.scanner - INFO - Added FAST to results
2025-03-27 01:16:20,424 - src.modules.scanner - INFO - Processing MSFT... (5/101)
2025-03-27 01:16:20,520 - src.modules.scanner - INFO - Fetched price for MSFT: $389.97
2025-03-27 01:16:20,521 - src.modules.scanner - INFO - Generated bearish setup for MSFT with 85.1% confidence at $389.97
2025-03-27 01:16:20,523 - src.modules.scanner - INFO - Added MSFT to results
2025-03-27 01:16:20,524 - src.modules.scanner - INFO - Processing PAYX... (6/101)
2025-03-27 01:16:20,648 - src.modules.scanner - INFO - Fetched price for PAYX: $150.19
2025-03-27 01:16:20,648 - src.modules.scanner - INFO - Generated bullish setup for PAYX with 92.9% confidence at $150.19
2025-03-27 01:16:20,649 - src.modules.scanner - INFO - Added PAYX to results
2025-03-27 01:16:20,650 - src.modules.scanner - INFO - Processing QCOM... (7/101)
2025-03-27 01:16:20,756 - src.modules.scanner - INFO - Fetched price for QCOM: $158.39
2025-03-27 01:16:20,757 - src.modules.scanner - INFO - Generated neutral setup for QCOM with 67.9% confidence at $158.39
2025-03-27 01:16:20,757 - src.modules.scanner - INFO - Added QCOM to results
2025-03-27 01:16:20,758 - src.modules.scanner - INFO - Processing AXON... (8/101)
2025-03-27 01:16:20,831 - src.modules.scanner - INFO - Fetched price for AXON: $559.06
2025-03-27 01:16:20,832 - src.modules.scanner - INFO - Generated bullish setup for AXON with 67.2% confidence at $559.06
2025-03-27 01:16:20,833 - src.modules.scanner - INFO - Added AXON to results
2025-03-27 01:16:20,833 - src.modules.scanner - INFO - Processing MSTR... (9/101)
2025-03-27 01:16:20,909 - src.modules.scanner - INFO - Fetched price for MSTR: $329.31
2025-03-27 01:16:20,910 - src.modules.scanner - INFO - Generated neutral setup for MSTR with 63.1% confidence at $329.31
2025-03-27 01:16:20,911 - src.modules.scanner - INFO - Added MSTR to results
2025-03-27 01:16:20,912 - src.modules.scanner - INFO - Processing PLTR... (10/101)
2025-03-27 01:16:20,988 - src.modules.scanner - INFO - Fetched price for PLTR: $92.28
2025-03-27 01:16:20,989 - src.modules.scanner - INFO - Generated neutral setup for PLTR with 82.4% confidence at $92.28
2025-03-27 01:16:20,990 - src.modules.scanner - INFO - Added PLTR to results
2025-03-27 01:16:20,991 - src.modules.scanner - INFO - Processing APP... (11/101)
2025-03-27 01:16:21,060 - src.modules.scanner - INFO - Fetched price for APP: $327.62
2025-03-27 01:16:21,061 - src.modules.scanner - INFO - Generated bullish setup for APP with 87.9% confidence at $327.62
2025-03-27 01:16:21,062 - src.modules.scanner - INFO - Added APP to results
2025-03-27 01:16:21,062 - src.modules.scanner - INFO - Processing ARM... (12/101)
2025-03-27 01:16:21,146 - src.modules.scanner - INFO - Fetched price for ARM: $114.93
2025-03-27 01:16:21,147 - src.modules.scanner - INFO - Generated bullish setup for ARM with 87.3% confidence at $114.93
2025-03-27 01:16:21,148 - src.modules.scanner - INFO - Added ARM to results
2025-03-27 01:16:21,149 - src.modules.scanner - INFO - Processing LIN... (13/101)
2025-03-27 01:16:21,268 - src.modules.scanner - INFO - Fetched price for LIN: $461.43
2025-03-27 01:16:21,269 - src.modules.scanner - INFO - Generated neutral setup for LIN with 73.0% confidence at $461.43
2025-03-27 01:16:21,270 - src.modules.scanner - INFO - Added LIN to results
2025-03-27 01:16:21,271 - src.modules.scanner - INFO - Processing CCEP... (14/101)
2025-03-27 01:16:21,381 - src.modules.scanner - INFO - Fetched price for CCEP: $85.37
2025-03-27 01:16:21,382 - src.modules.scanner - INFO - Generated bullish setup for CCEP with 88.7% confidence at $85.37
2025-03-27 01:16:21,383 - src.modules.scanner - INFO - Added CCEP to results
2025-03-27 01:16:21,384 - src.modules.scanner - INFO - Processing DASH... (15/101)
2025-03-27 01:16:21,458 - src.modules.scanner - INFO - Fetched price for DASH: $192.87
2025-03-27 01:16:21,459 - src.modules.scanner - INFO - Generated neutral setup for DASH with 88.9% confidence at $192.87
2025-03-27 01:16:21,461 - src.modules.scanner - INFO - Added DASH to results
2025-03-27 01:16:21,461 - src.modules.scanner - INFO - Processing MDB... (16/101)
2025-03-27 01:16:21,538 - src.modules.scanner - INFO - Fetched price for MDB: $193.66
2025-03-27 01:16:21,539 - src.modules.scanner - INFO - Generated neutral setup for MDB with 94.9% confidence at $193.66
2025-03-27 01:16:21,540 - src.modules.scanner - INFO - Added MDB to results
2025-03-27 01:16:21,541 - src.modules.scanner - INFO - Processing ROP... (17/101)
2025-03-27 01:16:21,640 - src.modules.scanner - INFO - Fetched price for ROP: $582.71
2025-03-27 01:16:21,641 - src.modules.scanner - INFO - Generated bearish setup for ROP with 75.9% confidence at $582.71
2025-03-27 01:16:21,641 - src.modules.scanner - INFO - Added ROP to results
2025-03-27 01:16:21,642 - src.modules.scanner - INFO - Processing TTD... (18/101)
2025-03-27 01:16:21,707 - src.modules.scanner - INFO - Fetched price for TTD: $58.80
2025-03-27 01:16:21,708 - src.modules.scanner - INFO - Generated bearish setup for TTD with 82.2% confidence at $58.80
2025-03-27 01:16:21,709 - src.modules.scanner - INFO - Added TTD to results
2025-03-27 01:16:21,710 - src.modules.scanner - INFO - Processing ON... (19/101)
2025-03-27 01:16:21,779 - src.modules.scanner - INFO - Fetched price for ON: $45.04
2025-03-27 01:16:21,780 - src.modules.scanner - INFO - Generated neutral setup for ON with 93.4% confidence at $45.04
2025-03-27 01:16:21,781 - src.modules.scanner - INFO - Added ON to results
2025-03-27 01:16:21,782 - src.modules.scanner - INFO - Processing GEHC... (20/101)
2025-03-27 01:16:21,854 - src.modules.scanner - INFO - Fetched price for GEHC: $81.00
2025-03-27 01:16:21,855 - src.modules.scanner - INFO - Generated neutral setup for GEHC with 77.2% confidence at $81.00
2025-03-27 01:16:21,855 - src.modules.scanner - INFO - Added GEHC to results
2025-03-27 01:16:21,856 - src.modules.scanner - INFO - Processing BKR... (21/101)
2025-03-27 01:16:21,966 - src.modules.scanner - INFO - Fetched price for BKR: $44.02
2025-03-27 01:16:21,967 - src.modules.scanner - INFO - Generated bearish setup for BKR with 70.9% confidence at $44.02
2025-03-27 01:16:21,968 - src.modules.scanner - INFO - Added BKR to results
2025-03-27 01:16:21,969 - src.modules.scanner - INFO - Processing FANG... (22/101)
2025-03-27 01:16:22,042 - src.modules.scanner - INFO - Fetched price for FANG: $163.09
2025-03-27 01:16:22,043 - src.modules.scanner - INFO - Generated neutral setup for FANG with 94.2% confidence at $163.09
2025-03-27 01:16:22,044 - src.modules.scanner - INFO - Added FANG to results
2025-03-27 01:16:22,045 - src.modules.scanner - INFO - Processing GFS... (23/101)
2025-03-27 01:16:22,120 - src.modules.scanner - INFO - Fetched price for GFS: $38.75
2025-03-27 01:16:22,121 - src.modules.scanner - INFO - Generated bullish setup for GFS with 84.3% confidence at $38.75
2025-03-27 01:16:22,122 - src.modules.scanner - INFO - Added GFS to results
2025-03-27 01:16:22,123 - src.modules.scanner - INFO - Processing WBD... (24/101)
2025-03-27 01:16:22,192 - src.modules.scanner - INFO - Fetched price for WBD: $11.03
2025-03-27 01:16:22,193 - src.modules.scanner - INFO - Generated bearish setup for WBD with 74.2% confidence at $11.03
2025-03-27 01:16:22,193 - src.modules.scanner - INFO - Added WBD to results
2025-03-27 01:16:22,194 - src.modules.scanner - INFO - Processing AZN... (25/101)
2025-03-27 01:16:22,293 - src.modules.scanner - INFO - Fetched price for AZN: $72.72
2025-03-27 01:16:22,294 - src.modules.scanner - INFO - Generated bullish setup for AZN with 79.2% confidence at $72.72
2025-03-27 01:16:22,295 - src.modules.scanner - INFO - Added AZN to results
2025-03-27 01:16:22,296 - src.modules.scanner - INFO - Processing CEG... (26/101)
2025-03-27 01:16:22,361 - src.modules.scanner - INFO - Fetched price for CEG: $216.97
2025-03-27 01:16:22,362 - src.modules.scanner - INFO - Generated neutral setup for CEG with 92.1% confidence at $216.97
2025-03-27 01:16:22,363 - src.modules.scanner - INFO - Added CEG to results
2025-03-27 01:16:22,364 - src.modules.scanner - INFO - Processing ODFL... (27/101)
2025-03-27 01:16:22,445 - src.modules.scanner - INFO - Fetched price for ODFL: $168.67
2025-03-27 01:16:22,446 - src.modules.scanner - INFO - Generated bullish setup for ODFL with 86.4% confidence at $168.67
2025-03-27 01:16:22,447 - src.modules.scanner - INFO - Added ODFL to results
2025-03-27 01:16:22,448 - src.modules.scanner - INFO - Processing TEAM... (28/101)
2025-03-27 01:16:22,515 - src.modules.scanner - INFO - Fetched price for TEAM: $229.65
2025-03-27 01:16:22,516 - src.modules.scanner - INFO - Generated bearish setup for TEAM with 63.6% confidence at $229.65
2025-03-27 01:16:22,517 - src.modules.scanner - INFO - Added TEAM to results
2025-03-27 01:16:22,518 - src.modules.scanner - INFO - Processing ABNB... (29/101)
2025-03-27 01:16:22,587 - src.modules.scanner - INFO - Fetched price for ABNB: $128.64
2025-03-27 01:16:22,588 - src.modules.scanner - INFO - Generated bullish setup for ABNB with 74.4% confidence at $128.64
2025-03-27 01:16:22,589 - src.modules.scanner - INFO - Added ABNB to results
2025-03-27 01:16:22,590 - src.modules.scanner - INFO - Processing FTNT... (30/101)
2025-03-27 01:16:22,670 - src.modules.scanner - INFO - Fetched price for FTNT: $101.01
2025-03-27 01:16:22,671 - src.modules.scanner - INFO - Generated bullish setup for FTNT with 74.2% confidence at $101.01
2025-03-27 01:16:22,672 - src.modules.scanner - INFO - Added FTNT to results
2025-03-27 01:16:22,673 - src.modules.scanner - INFO - Processing PANW... (31/101)
2025-03-27 01:16:22,743 - src.modules.scanner - INFO - Fetched price for PANW: $184.96
2025-03-27 01:16:22,744 - src.modules.scanner - INFO - Generated neutral setup for PANW with 73.5% confidence at $184.96
2025-03-27 01:16:22,745 - src.modules.scanner - INFO - Added PANW to results
2025-03-27 01:16:22,746 - src.modules.scanner - INFO - Processing ZS... (32/101)
2025-03-27 01:16:22,822 - src.modules.scanner - INFO - Fetched price for ZS: $211.55
2025-03-27 01:16:22,823 - src.modules.scanner - INFO - Generated bearish setup for ZS with 90.5% confidence at $211.55
2025-03-27 01:16:22,824 - src.modules.scanner - INFO - Added ZS to results
2025-03-27 01:16:22,825 - src.modules.scanner - INFO - Processing DDOG... (33/101)
2025-03-27 01:16:22,894 - src.modules.scanner - INFO - Fetched price for DDOG: $107.97
2025-03-27 01:16:22,895 - src.modules.scanner - INFO - Generated bearish setup for DDOG with 69.6% confidence at $107.97
2025-03-27 01:16:22,896 - src.modules.scanner - INFO - Added DDOG to results
2025-03-27 01:16:22,896 - src.modules.scanner - INFO - Processing CRWD... (34/101)
2025-03-27 01:16:22,968 - src.modules.scanner - INFO - Fetched price for CRWD: $371.41
2025-03-27 01:16:22,969 - src.modules.scanner - INFO - Generated bearish setup for CRWD with 75.5% confidence at $371.41
2025-03-27 01:16:22,970 - src.modules.scanner - INFO - Added CRWD to results
2025-03-27 01:16:22,971 - src.modules.scanner - INFO - Processing HON... (35/101)
2025-03-27 01:16:23,112 - src.modules.scanner - INFO - Fetched price for HON: $213.12
2025-03-27 01:16:23,113 - src.modules.scanner - INFO - Generated neutral setup for HON with 68.7% confidence at $213.12
2025-03-27 01:16:23,114 - src.modules.scanner - INFO - Added HON to results
2025-03-27 01:16:23,115 - src.modules.scanner - INFO - Processing AEP... (36/101)
2025-03-27 01:16:23,299 - src.modules.scanner - INFO - Fetched price for AEP: $103.90
2025-03-27 01:16:23,300 - src.modules.scanner - INFO - Generated bullish setup for AEP with 77.2% confidence at $103.90
2025-03-27 01:16:23,301 - src.modules.scanner - INFO - Added AEP to results
2025-03-27 01:16:23,301 - src.modules.scanner - INFO - Processing NFLX... (37/101)
2025-03-27 01:16:23,381 - src.modules.scanner - INFO - Fetched price for NFLX: $970.65
2025-03-27 01:16:23,382 - src.modules.scanner - INFO - Generated bearish setup for NFLX with 66.7% confidence at $970.65
2025-03-27 01:16:23,384 - src.modules.scanner - INFO - Added NFLX to results
2025-03-27 01:16:23,385 - src.modules.scanner - INFO - Processing KDP... (38/101)
2025-03-27 01:16:23,468 - src.modules.scanner - INFO - Fetched price for KDP: $34.06
2025-03-27 01:16:23,469 - src.modules.scanner - INFO - Generated neutral setup for KDP with 63.1% confidence at $34.06
2025-03-27 01:16:23,470 - src.modules.scanner - INFO - Added KDP to results
2025-03-27 01:16:23,471 - src.modules.scanner - INFO - Processing PDD... (39/101)
2025-03-27 01:16:23,544 - src.modules.scanner - INFO - Fetched price for PDD: $122.47
2025-03-27 01:16:23,546 - src.modules.scanner - INFO - Generated neutral setup for PDD with 87.2% confidence at $122.47
2025-03-27 01:16:23,547 - src.modules.scanner - INFO - Added PDD to results
2025-03-27 01:16:23,547 - src.modules.scanner - INFO - Processing DXCM... (40/101)
2025-03-27 01:16:23,626 - src.modules.scanner - INFO - Fetched price for DXCM: $72.13
2025-03-27 01:16:23,627 - src.modules.scanner - INFO - Generated bearish setup for DXCM with 94.0% confidence at $72.13
2025-03-27 01:16:23,629 - src.modules.scanner - INFO - Added DXCM to results
2025-03-27 01:16:23,630 - src.modules.scanner - INFO - Processing ANSS... (41/101)
2025-03-27 01:16:23,710 - src.modules.scanner - INFO - Fetched price for ANSS: $323.34
2025-03-27 01:16:23,711 - src.modules.scanner - INFO - Generated bullish setup for ANSS with 70.6% confidence at $323.34
2025-03-27 01:16:23,712 - src.modules.scanner - INFO - Added ANSS to results
2025-03-27 01:16:23,713 - src.modules.scanner - INFO - Processing CDW... (42/101)
2025-03-27 01:16:23,793 - src.modules.scanner - INFO - Fetched price for CDW: $167.33
2025-03-27 01:16:23,794 - src.modules.scanner - INFO - Generated bearish setup for CDW with 81.1% confidence at $167.33
2025-03-27 01:16:23,794 - src.modules.scanner - INFO - Added CDW to results
2025-03-27 01:16:23,795 - src.modules.scanner - INFO - Processing CPRT... (43/101)
2025-03-27 01:16:23,861 - src.modules.scanner - INFO - Fetched price for CPRT: $55.07
2025-03-27 01:16:23,863 - src.modules.scanner - INFO - Generated bearish setup for CPRT with 90.6% confidence at $55.07
2025-03-27 01:16:23,863 - src.modules.scanner - INFO - Added CPRT to results
2025-03-27 01:16:23,863 - src.modules.scanner - INFO - Processing CSGP... (44/101)
2025-03-27 01:16:23,933 - src.modules.scanner - INFO - Fetched price for CSGP: $80.37
2025-03-27 01:16:23,935 - src.modules.scanner - INFO - Generated bearish setup for CSGP with 71.3% confidence at $80.37
2025-03-27 01:16:23,936 - src.modules.scanner - INFO - Added CSGP to results
2025-03-27 01:16:23,936 - src.modules.scanner - INFO - Processing EXC... (45/101)
2025-03-27 01:16:24,066 - src.modules.scanner - INFO - Fetched price for EXC: $44.02
2025-03-27 01:16:24,067 - src.modules.scanner - INFO - Generated bearish setup for EXC with 94.7% confidence at $44.02
2025-03-27 01:16:24,068 - src.modules.scanner - INFO - Added EXC to results
2025-03-27 01:16:24,069 - src.modules.scanner - INFO - Processing AMD... (46/101)
2025-03-27 01:16:24,138 - src.modules.scanner - INFO - Fetched price for AMD: $110.19
2025-03-27 01:16:24,140 - src.modules.scanner - INFO - Generated bearish setup for AMD with 89.5% confidence at $110.19
2025-03-27 01:16:24,141 - src.modules.scanner - INFO - Added AMD to results
2025-03-27 01:16:24,142 - src.modules.scanner - INFO - Processing LULU... (47/101)
2025-03-27 01:16:24,210 - src.modules.scanner - INFO - Fetched price for LULU: $337.79
2025-03-27 01:16:24,211 - src.modules.scanner - INFO - Generated bullish setup for LULU with 72.6% confidence at $337.79
2025-03-27 01:16:24,212 - src.modules.scanner - INFO - Added LULU to results
2025-03-27 01:16:24,213 - src.modules.scanner - INFO - Processing XEL... (48/101)
2025-03-27 01:16:24,369 - src.modules.scanner - INFO - Fetched price for XEL: $68.92
2025-03-27 01:16:24,371 - src.modules.scanner - INFO - Generated bearish setup for XEL with 71.8% confidence at $68.92
2025-03-27 01:16:24,371 - src.modules.scanner - INFO - Added XEL to results
2025-03-27 01:16:24,372 - src.modules.scanner - INFO - Processing PEP... (49/101)
2025-03-27 01:16:24,522 - src.modules.scanner - INFO - Fetched price for PEP: $148.64
2025-03-27 01:16:24,524 - src.modules.scanner - INFO - Generated bullish setup for PEP with 82.0% confidence at $148.64
2025-03-27 01:16:24,524 - src.modules.scanner - INFO - Added PEP to results
2025-03-27 01:16:24,525 - src.modules.scanner - INFO - Processing ASML... (50/101)
2025-03-27 01:16:24,612 - src.modules.scanner - INFO - Fetched price for ASML: $705.76
2025-03-27 01:16:24,613 - src.modules.scanner - INFO - Generated neutral setup for ASML with 68.9% confidence at $705.76
2025-03-27 01:16:24,614 - src.modules.scanner - INFO - Added ASML to results
2025-03-27 01:16:24,672 - src.modules.scanner - INFO - Fetched price for ASML: $705.76
2025-03-27 01:16:24,673 - src.modules.market_context - INFO - Fetching data for ASML
2025-03-27 01:16:25,018 - src.modules.key_levels - INFO - Fetching options data for ASML
2025-03-27 01:16:25,488 - src.modules.scanner - INFO - Filtered out ASML setup: confidence=68.9%, trend=neutral
2025-03-27 01:16:25,489 - src.modules.scanner - INFO - Processing SNPS... (51/101)
2025-03-27 01:16:25,563 - src.modules.scanner - INFO - Fetched price for SNPS: $449.90
2025-03-27 01:16:25,564 - src.modules.scanner - INFO - Generated bearish setup for SNPS with 67.7% confidence at $449.90
2025-03-27 01:16:25,565 - src.modules.scanner - INFO - Added SNPS to results
2025-03-27 01:16:25,566 - src.modules.scanner - INFO - Processing TTWO... (52/101)
2025-03-27 01:16:25,633 - src.modules.scanner - INFO - Fetched price for TTWO: $215.89
2025-03-27 01:16:25,634 - src.modules.scanner - INFO - Generated bearish setup for TTWO with 65.3% confidence at $215.89
2025-03-27 01:16:25,635 - src.modules.scanner - INFO - Added TTWO to results
2025-03-27 01:16:25,636 - src.modules.scanner - INFO - Processing WDAY... (53/101)
2025-03-27 01:16:25,703 - src.modules.scanner - INFO - Fetched price for WDAY: $250.79
2025-03-27 01:16:25,705 - src.modules.scanner - INFO - Generated bullish setup for WDAY with 75.1% confidence at $250.79
2025-03-27 01:16:25,706 - src.modules.scanner - INFO - Added WDAY to results
2025-03-27 01:16:25,707 - src.modules.scanner - INFO - Processing MELI... (54/101)
2025-03-27 01:16:25,788 - src.modules.scanner - INFO - Fetched price for MELI: $2074.97
2025-03-27 01:16:25,789 - src.modules.scanner - INFO - Generated bearish setup for MELI with 70.7% confidence at $2074.97
2025-03-27 01:16:25,790 - src.modules.scanner - INFO - Added MELI to results
2025-03-27 01:16:25,791 - src.modules.scanner - INFO - Processing IDXX... (55/101)
2025-03-27 01:16:25,858 - src.modules.scanner - INFO - Fetched price for IDXX: $417.71
2025-03-27 01:16:25,859 - src.modules.scanner - INFO - Generated bearish setup for IDXX with 90.6% confidence at $417.71
2025-03-27 01:16:25,860 - src.modules.scanner - INFO - Added IDXX to results
2025-03-27 01:16:25,861 - src.modules.scanner - INFO - Processing CSX... (56/101)
2025-03-27 01:16:25,998 - src.modules.scanner - INFO - Fetched price for CSX: $29.90
2025-03-27 01:16:25,999 - src.modules.scanner - INFO - Generated neutral setup for CSX with 69.6% confidence at $29.90
2025-03-27 01:16:26,000 - src.modules.scanner - INFO - Added CSX to results
2025-03-27 01:16:26,000 - src.modules.scanner - INFO - Processing TMUS... (57/101)
2025-03-27 01:16:26,080 - src.modules.scanner - INFO - Fetched price for TMUS: $262.51
2025-03-27 01:16:26,081 - src.modules.scanner - INFO - Generated neutral setup for TMUS with 66.8% confidence at $262.51
2025-03-27 01:16:26,082 - src.modules.scanner - INFO - Added TMUS to results
2025-03-27 01:16:26,083 - src.modules.scanner - INFO - Processing PYPL... (58/101)
2025-03-27 01:16:26,154 - src.modules.scanner - INFO - Fetched price for PYPL: $69.97
2025-03-27 01:16:26,155 - src.modules.scanner - INFO - Generated bearish setup for PYPL with 75.6% confidence at $69.97
2025-03-27 01:16:26,156 - src.modules.scanner - INFO - Added PYPL to results
2025-03-27 01:16:26,157 - src.modules.scanner - INFO - Processing KHC... (59/101)
2025-03-27 01:16:26,240 - src.modules.scanner - INFO - Fetched price for KHC: $29.69
2025-03-27 01:16:26,241 - src.modules.scanner - INFO - Generated neutral setup for KHC with 62.4% confidence at $29.69
2025-03-27 01:16:26,241 - src.modules.scanner - INFO - Added KHC to results
2025-03-27 01:16:26,242 - src.modules.scanner - INFO - Processing GOOG... (60/101)
2025-03-27 01:16:26,308 - src.modules.scanner - INFO - Fetched price for GOOG: $167.14
2025-03-27 01:16:26,309 - src.modules.scanner - INFO - Generated bullish setup for GOOG with 89.0% confidence at $167.14
2025-03-27 01:16:26,310 - src.modules.scanner - INFO - Added GOOG to results
2025-03-27 01:16:26,311 - src.modules.scanner - INFO - Processing NXPI... (61/101)
2025-03-27 01:16:26,388 - src.modules.scanner - INFO - Fetched price for NXPI: $205.75
2025-03-27 01:16:26,389 - src.modules.scanner - INFO - Generated bullish setup for NXPI with 79.3% confidence at $205.75
2025-03-27 01:16:26,390 - src.modules.scanner - INFO - Added NXPI to results
2025-03-27 01:16:26,391 - src.modules.scanner - INFO - Processing MAR... (62/101)
2025-03-27 01:16:26,484 - src.modules.scanner - INFO - Fetched price for MAR: $246.72
2025-03-27 01:16:26,485 - src.modules.scanner - INFO - Generated bullish setup for MAR with 68.8% confidence at $246.72
2025-03-27 01:16:26,486 - src.modules.scanner - INFO - Added MAR to results
2025-03-27 01:16:26,487 - src.modules.scanner - INFO - Processing CHTR... (63/101)
2025-03-27 01:16:26,553 - src.modules.scanner - INFO - Fetched price for CHTR: $384.77
2025-03-27 01:16:26,554 - src.modules.scanner - INFO - Generated bearish setup for CHTR with 78.1% confidence at $384.77
2025-03-27 01:16:26,555 - src.modules.scanner - INFO - Added CHTR to results
2025-03-27 01:16:26,556 - src.modules.scanner - INFO - Processing TSLA... (64/101)
2025-03-27 01:16:26,630 - src.modules.scanner - INFO - Fetched price for TSLA: $272.06
2025-03-27 01:16:26,632 - src.modules.scanner - INFO - Generated neutral setup for TSLA with 66.2% confidence at $272.06
2025-03-27 01:16:26,633 - src.modules.scanner - INFO - Added TSLA to results
2025-03-27 01:16:26,633 - src.modules.scanner - INFO - Processing EA... (65/101)
2025-03-27 01:16:26,708 - src.modules.scanner - INFO - Fetched price for EA: $145.19
2025-03-27 01:16:26,709 - src.modules.scanner - INFO - Generated bullish setup for EA with 68.9% confidence at $145.19
2025-03-27 01:16:26,710 - src.modules.scanner - INFO - Added EA to results
2025-03-27 01:16:26,711 - src.modules.scanner - INFO - Processing MRVL... (66/101)
2025-03-27 01:16:26,799 - src.modules.scanner - INFO - Fetched price for MRVL: $66.76
2025-03-27 01:16:26,800 - src.modules.scanner - INFO - Generated bearish setup for MRVL with 84.7% confidence at $66.76
2025-03-27 01:16:26,801 - src.modules.scanner - INFO - Added MRVL to results
2025-03-27 01:16:26,802 - src.modules.scanner - INFO - Processing REGN... (67/101)
2025-03-27 01:16:26,874 - src.modules.scanner - INFO - Fetched price for REGN: $640.14
2025-03-27 01:16:26,875 - src.modules.scanner - INFO - Generated neutral setup for REGN with 71.6% confidence at $640.14
2025-03-27 01:16:26,876 - src.modules.scanner - INFO - Added REGN to results
2025-03-27 01:16:26,877 - src.modules.scanner - INFO - Processing VRSK... (68/101)
2025-03-27 01:16:26,964 - src.modules.scanner - INFO - Fetched price for VRSK: $292.03
2025-03-27 01:16:26,965 - src.modules.scanner - INFO - Generated bearish setup for VRSK with 62.5% confidence at $292.03
2025-03-27 01:16:26,965 - src.modules.scanner - INFO - Added VRSK to results
2025-03-27 01:16:26,966 - src.modules.scanner - INFO - Processing META... (69/101)
2025-03-27 01:16:27,041 - src.modules.scanner - INFO - Fetched price for META: $610.98
2025-03-27 01:16:27,042 - src.modules.scanner - INFO - Generated bullish setup for META with 65.3% confidence at $610.98
2025-03-27 01:16:27,043 - src.modules.scanner - INFO - Added META to results
2025-03-27 01:16:27,044 - src.modules.scanner - INFO - Processing ADI... (70/101)
2025-03-27 01:16:27,137 - src.modules.scanner - INFO - Fetched price for ADI: $210.53
2025-03-27 01:16:27,138 - src.modules.scanner - INFO - Generated bullish setup for ADI with 79.1% confidence at $210.53
2025-03-27 01:16:27,139 - src.modules.scanner - INFO - Added ADI to results
2025-03-27 01:16:27,140 - src.modules.scanner - INFO - Processing MDLZ... (71/101)
2025-03-27 01:16:27,232 - src.modules.scanner - INFO - Fetched price for MDLZ: $66.33
2025-03-27 01:16:27,233 - src.modules.scanner - INFO - Generated bearish setup for MDLZ with 91.7% confidence at $66.33
2025-03-27 01:16:27,234 - src.modules.scanner - INFO - Added MDLZ to results
2025-03-27 01:16:27,235 - src.modules.scanner - INFO - Processing TXN... (72/101)
2025-03-27 01:16:27,357 - src.modules.scanner - INFO - Fetched price for TXN: $184.49
2025-03-27 01:16:27,358 - src.modules.scanner - INFO - Generated bullish setup for TXN with 67.9% confidence at $184.49
2025-03-27 01:16:27,359 - src.modules.scanner - INFO - Added TXN to results
2025-03-27 01:16:27,360 - src.modules.scanner - INFO - Processing AVGO... (73/101)
2025-03-27 01:16:27,443 - src.modules.scanner - INFO - Fetched price for AVGO: $179.27
2025-03-27 01:16:27,444 - src.modules.scanner - INFO - Generated bullish setup for AVGO with 88.1% confidence at $179.27
2025-03-27 01:16:27,445 - src.modules.scanner - INFO - Added AVGO to results
2025-03-27 01:16:27,445 - src.modules.scanner - INFO - Processing BKNG... (74/101)
2025-03-27 01:16:27,511 - src.modules.scanner - INFO - Fetched price for BKNG: $4764.16
2025-03-27 01:16:27,512 - src.modules.scanner - INFO - Generated bearish setup for BKNG with 66.8% confidence at $4764.16
2025-03-27 01:16:27,513 - src.modules.scanner - INFO - Added BKNG to results
2025-03-27 01:16:27,514 - src.modules.scanner - INFO - Processing ADP... (75/101)
2025-03-27 01:16:27,624 - src.modules.scanner - INFO - Fetched price for ADP: $302.41
2025-03-27 01:16:27,625 - src.modules.scanner - INFO - Generated bearish setup for ADP with 62.6% confidence at $302.41
2025-03-27 01:16:27,626 - src.modules.scanner - INFO - Added ADP to results
2025-03-27 01:16:27,626 - src.modules.scanner - INFO - Processing ORLY... (76/101)
2025-03-27 01:16:27,699 - src.modules.scanner - INFO - Fetched price for ORLY: $1380.98
2025-03-27 01:16:27,701 - src.modules.scanner - INFO - Generated bearish setup for ORLY with 66.2% confidence at $1380.98
2025-03-27 01:16:27,701 - src.modules.scanner - INFO - Added ORLY to results
2025-03-27 01:16:27,702 - src.modules.scanner - INFO - Processing ROST... (77/101)
2025-03-27 01:16:27,801 - src.modules.scanner - INFO - Fetched price for ROST: $127.70
2025-03-27 01:16:27,802 - src.modules.scanner - INFO - Generated bullish setup for ROST with 72.6% confidence at $127.70
2025-03-27 01:16:27,803 - src.modules.scanner - INFO - Added ROST to results
2025-03-27 01:16:27,804 - src.modules.scanner - INFO - Processing MNST... (78/101)
2025-03-27 01:16:27,878 - src.modules.scanner - INFO - Fetched price for MNST: $57.76
2025-03-27 01:16:27,879 - src.modules.scanner - INFO - Generated bearish setup for MNST with 88.6% confidence at $57.76
2025-03-27 01:16:27,880 - src.modules.scanner - INFO - Added MNST to results
2025-03-27 01:16:27,881 - src.modules.scanner - INFO - Processing VRTX... (79/101)
2025-03-27 01:16:27,955 - src.modules.scanner - INFO - Fetched price for VRTX: $500.28
2025-03-27 01:16:27,956 - src.modules.scanner - INFO - Generated bullish setup for VRTX with 80.1% confidence at $500.28
2025-03-27 01:16:27,957 - src.modules.scanner - INFO - Added VRTX to results
2025-03-27 01:16:27,958 - src.modules.scanner - INFO - Processing ISRG... (80/101)
2025-03-27 01:16:28,026 - src.modules.scanner - INFO - Fetched price for ISRG: $509.03
2025-03-27 01:16:28,027 - src.modules.scanner - INFO - Generated bearish setup for ISRG with 80.0% confidence at $509.03
2025-03-27 01:16:28,027 - src.modules.scanner - INFO - Added ISRG to results
2025-03-27 01:16:28,028 - src.modules.scanner - INFO - Processing CDNS... (81/101)
2025-03-27 01:16:28,101 - src.modules.scanner - INFO - Fetched price for CDNS: $263.41
2025-03-27 01:16:28,103 - src.modules.scanner - INFO - Generated bearish setup for CDNS with 76.1% confidence at $263.41
2025-03-27 01:16:28,104 - src.modules.scanner - INFO - Added CDNS to results
2025-03-27 01:16:28,104 - src.modules.scanner - INFO - Processing GOOGL... (82/101)
2025-03-27 01:16:28,186 - src.modules.scanner - INFO - Fetched price for GOOGL: $165.06
2025-03-27 01:16:28,187 - src.modules.scanner - INFO - Generated neutral setup for GOOGL with 73.2% confidence at $165.06
2025-03-27 01:16:28,188 - src.modules.scanner - INFO - Added GOOGL to results
2025-03-27 01:16:28,189 - src.modules.scanner - INFO - Processing CTSH... (83/101)
2025-03-27 01:16:28,278 - src.modules.scanner - INFO - Fetched price for CTSH: $77.85
2025-03-27 01:16:28,279 - src.modules.scanner - INFO - Generated bullish setup for CTSH with 68.7% confidence at $77.85
2025-03-27 01:16:28,280 - src.modules.scanner - INFO - Added CTSH to results
2025-03-27 01:16:28,281 - src.modules.scanner - INFO - Processing ADSK... (84/101)
2025-03-27 01:16:28,375 - src.modules.scanner - INFO - Fetched price for ADSK: $271.21
2025-03-27 01:16:28,376 - src.modules.scanner - INFO - Generated bullish setup for ADSK with 94.8% confidence at $271.21
2025-03-27 01:16:28,377 - src.modules.scanner - INFO - Added ADSK to results
2025-03-27 01:16:28,377 - src.modules.scanner - INFO - Processing AMGN... (85/101)
2025-03-27 01:16:28,468 - src.modules.scanner - INFO - Fetched price for AMGN: $305.71
2025-03-27 01:16:28,469 - src.modules.scanner - INFO - Generated bearish setup for AMGN with 72.4% confidence at $305.71
2025-03-27 01:16:28,470 - src.modules.scanner - INFO - Added AMGN to results
2025-03-27 01:16:28,471 - src.modules.scanner - INFO - Processing LRCX... (86/101)
2025-03-27 01:16:28,556 - src.modules.scanner - INFO - Fetched price for LRCX: $76.14
2025-03-27 01:16:28,557 - src.modules.scanner - INFO - Generated neutral setup for LRCX with 63.0% confidence at $76.14
2025-03-27 01:16:28,558 - src.modules.scanner - INFO - Added LRCX to results
2025-03-27 01:16:28,559 - src.modules.scanner - INFO - Processing CMCSA... (87/101)
2025-03-27 01:16:28,668 - src.modules.scanner - INFO - Fetched price for CMCSA: $37.37
2025-03-27 01:16:28,669 - src.modules.scanner - INFO - Generated neutral setup for CMCSA with 61.3% confidence at $37.37
2025-03-27 01:16:28,670 - src.modules.scanner - INFO - Added CMCSA to results
2025-03-27 01:16:28,671 - src.modules.scanner - INFO - Processing GILD... (88/101)
2025-03-27 01:16:28,748 - src.modules.scanner - INFO - Fetched price for GILD: $109.27
2025-03-27 01:16:28,749 - src.modules.scanner - INFO - Generated bearish setup for GILD with 63.7% confidence at $109.27
2025-03-27 01:16:28,750 - src.modules.scanner - INFO - Added GILD to results
2025-03-27 01:16:28,751 - src.modules.scanner - INFO - Processing NVDA... (89/101)
2025-03-27 01:16:28,837 - src.modules.scanner - INFO - Fetched price for NVDA: $113.76
2025-03-27 01:16:28,838 - src.modules.scanner - INFO - Generated neutral setup for NVDA with 80.8% confidence at $113.76
2025-03-27 01:16:28,839 - src.modules.scanner - INFO - Added NVDA to results
2025-03-27 01:16:28,840 - src.modules.scanner - INFO - Processing AMZN... (90/101)
2025-03-27 01:16:28,923 - src.modules.scanner - INFO - Fetched price for AMZN: $201.13
2025-03-27 01:16:28,924 - src.modules.scanner - INFO - Generated neutral setup for AMZN with 61.9% confidence at $201.13
2025-03-27 01:16:28,924 - src.modules.scanner - INFO - Added AMZN to results
2025-03-27 01:16:28,925 - src.modules.scanner - INFO - Processing MCHP... (91/101)
2025-03-27 01:16:29,028 - src.modules.scanner - INFO - Fetched price for MCHP: $52.17
2025-03-27 01:16:29,029 - src.modules.scanner - INFO - Generated bullish setup for MCHP with 67.4% confidence at $52.17
2025-03-27 01:16:29,030 - src.modules.scanner - INFO - Added MCHP to results
2025-03-27 01:16:29,031 - src.modules.scanner - INFO - Processing SBUX... (92/101)
2025-03-27 01:16:29,127 - src.modules.scanner - INFO - Fetched price for SBUX: $97.97
2025-03-27 01:16:29,128 - src.modules.scanner - INFO - Generated neutral setup for SBUX with 89.6% confidence at $97.97
2025-03-27 01:16:29,129 - src.modules.scanner - INFO - Added SBUX to results
2025-03-27 01:16:29,129 - src.modules.scanner - INFO - Processing MU... (93/101)
2025-03-27 01:16:29,225 - src.modules.scanner - INFO - Fetched price for MU: $92.13
2025-03-27 01:16:29,225 - src.modules.scanner - INFO - Generated bullish setup for MU with 68.0% confidence at $92.13
2025-03-27 01:16:29,226 - src.modules.scanner - INFO - Added MU to results
2025-03-27 01:16:29,227 - src.modules.scanner - INFO - Processing INTU... (94/101)
2025-03-27 01:16:29,302 - src.modules.scanner - INFO - Fetched price for INTU: $614.86
2025-03-27 01:16:29,303 - src.modules.scanner - INFO - Generated bearish setup for INTU with 93.9% confidence at $614.86
2025-03-27 01:16:29,304 - src.modules.scanner - INFO - Added INTU to results
2025-03-27 01:16:29,304 - src.modules.scanner - INFO - Processing BIIB... (95/101)
2025-03-27 01:16:29,374 - src.modules.scanner - INFO - Fetched price for BIIB: $142.43
2025-03-27 01:16:29,375 - src.modules.scanner - INFO - Generated bearish setup for BIIB with 77.3% confidence at $142.43
2025-03-27 01:16:29,375 - src.modules.scanner - INFO - Added BIIB to results
2025-03-27 01:16:29,376 - src.modules.scanner - INFO - Processing AAPL... (96/101)
2025-03-27 01:16:29,502 - src.modules.scanner - INFO - Fetched price for AAPL: $221.53
2025-03-27 01:16:29,503 - src.modules.scanner - INFO - Generated neutral setup for AAPL with 74.1% confidence at $221.53
2025-03-27 01:16:29,504 - src.modules.scanner - INFO - Added AAPL to results
2025-03-27 01:16:29,504 - src.modules.scanner - INFO - Processing COST... (97/101)
2025-03-27 01:16:29,591 - src.modules.scanner - INFO - Fetched price for COST: $929.75
2025-03-27 01:16:29,592 - src.modules.scanner - INFO - Generated neutral setup for COST with 62.4% confidence at $929.75
2025-03-27 01:16:29,593 - src.modules.scanner - INFO - Added COST to results
2025-03-27 01:16:29,594 - src.modules.scanner - INFO - Processing CTAS... (98/101)
2025-03-27 01:16:29,712 - src.modules.scanner - INFO - Fetched price for CTAS: $204.71
2025-03-27 01:16:29,713 - src.modules.scanner - INFO - Generated bearish setup for CTAS with 80.7% confidence at $204.71
2025-03-27 01:16:29,714 - src.modules.scanner - INFO - Added CTAS to results
2025-03-27 01:16:29,715 - src.modules.scanner - INFO - Processing INTC... (99/101)
2025-03-27 01:16:29,816 - src.modules.scanner - INFO - Fetched price for INTC: $23.42
2025-03-27 01:16:29,817 - src.modules.scanner - INFO - Generated bullish setup for INTC with 88.6% confidence at $23.42
2025-03-27 01:16:29,818 - src.modules.scanner - INFO - Added INTC to results
2025-03-27 01:16:29,819 - src.modules.scanner - INFO - Processing KLAC... (100/101)
2025-03-27 01:16:29,902 - src.modules.scanner - INFO - Fetched price for KLAC: $705.54
2025-03-27 01:16:29,902 - src.modules.scanner - INFO - Generated bullish setup for KLAC with 90.0% confidence at $705.54
2025-03-27 01:16:29,903 - src.modules.scanner - INFO - Added KLAC to results
2025-03-27 01:16:29,953 - src.modules.scanner - INFO - Fetched price for KLAC: $705.54
2025-03-27 01:16:29,953 - src.modules.market_context - INFO - Fetching data for KLAC
2025-03-27 01:16:30,216 - src.modules.key_levels - INFO - Fetching options data for KLAC
2025-03-27 01:16:30,542 - src.modules.scanner - INFO - Added KLAC to results
2025-03-27 01:16:30,542 - src.modules.scanner - INFO - Processing PCAR... (101/101)
2025-03-27 01:16:30,661 - src.modules.scanner - INFO - Fetched price for PCAR: $99.53
2025-03-27 01:16:30,662 - src.modules.scanner - INFO - Generated bullish setup for PCAR with 94.6% confidence at $99.53
2025-03-27 01:16:30,663 - src.modules.scanner - INFO - Added PCAR to results
2025-03-27 01:16:30,711 - src.modules.scanner - INFO - Fetched price for PCAR: $99.53
2025-03-27 01:16:30,713 - src.modules.market_context - INFO - Fetching data for PCAR
2025-03-27 01:16:30,967 - src.modules.key_levels - INFO - Fetching options data for PCAR
2025-03-27 01:16:31,280 - src.modules.scanner - INFO - Filtered out PCAR setup: confidence=94.6%, trend=bullish
2025-03-27 01:16:31,281 - src.modules.scanner - INFO - Pre-filter results count: 102
2025-03-27 01:16:31,282 - src.modules.scanner - INFO - Post-filter results count: 102
2025-03-27 01:16:31,301 - src.modules.scanner - INFO - Results saved to scanner_results\scan_results_20250327_011631.json
2025-03-27 01:16:31,301 - src.modules.scanner - INFO - Scan complete. Found 102 setups after filtering.
2025-03-27 01:17:20,644 - src.modules.scanner - INFO - Loading configuration from config.json
2025-03-27 01:17:20,646 - src.modules.scanner - INFO - Using cached NASDAQ constituents
2025-03-27 01:17:20,647 - src.modules.scanner - INFO - Loaded 101 symbols from NASDAQ Composite
2025-03-27 01:17:20,648 - src.modules.scanner - INFO - Starting scan for 101 symbols
2025-03-27 01:17:20,649 - werkzeug - INFO - 127.0.0.1 - - [27/Mar/2025 01:17:20] "GET /api/scan?filters={"trend":["bullish"],"pcr_min":0,"pcr_max":2,"rsi_min":0,"rsi_max":100,"stoch_rsi_min":0,"stoch_rsi_max":100,"min_confidence":60} HTTP/1.1" 200 -
2025-03-27 01:17:20,650 - src.modules.scanner - INFO - Processing ADBE... (1/101)
2025-03-27 01:17:20,745 - src.modules.scanner - INFO - Fetched price for ADBE: $397.81
2025-03-27 01:17:20,746 - src.modules.scanner - INFO - Generated bullish setup for ADBE with 63.8% confidence at $397.81
2025-03-27 01:17:20,747 - src.modules.scanner - INFO - Added ADBE to results
2025-03-27 01:17:20,748 - src.modules.scanner - INFO - Processing AMAT... (2/101)
2025-03-27 01:17:20,855 - src.modules.scanner - INFO - Fetched price for AMAT: $150.68
2025-03-27 01:17:20,855 - src.modules.scanner - INFO - Generated neutral setup for AMAT with 75.7% confidence at $150.68
2025-03-27 01:17:20,856 - src.modules.scanner - INFO - Filtered out AMAT setup: confidence=75.7%, trend=neutral
2025-03-27 01:17:20,857 - src.modules.scanner - INFO - Processing CSCO... (3/101)
2025-03-27 01:17:20,951 - src.modules.scanner - INFO - Fetched price for CSCO: $61.80
2025-03-27 01:17:20,952 - src.modules.scanner - INFO - Generated bullish setup for CSCO with 66.6% confidence at $61.80
2025-03-27 01:17:20,953 - src.modules.scanner - INFO - Added CSCO to results
2025-03-27 01:17:20,953 - src.modules.scanner - INFO - Processing FAST... (4/101)
2025-03-27 01:17:21,052 - src.modules.scanner - INFO - Fetched price for FAST: $77.09
2025-03-27 01:17:21,053 - src.modules.scanner - INFO - Generated bullish setup for FAST with 82.2% confidence at $77.09
2025-03-27 01:17:21,054 - src.modules.scanner - INFO - Added FAST to results
2025-03-27 01:17:21,054 - src.modules.scanner - INFO - Processing MSFT... (5/101)
2025-03-27 01:17:21,163 - src.modules.scanner - INFO - Fetched price for MSFT: $389.97
2025-03-27 01:17:21,164 - src.modules.scanner - INFO - Generated bullish setup for MSFT with 80.8% confidence at $389.97
2025-03-27 01:17:21,165 - src.modules.scanner - INFO - Added MSFT to results
2025-03-27 01:17:21,166 - src.modules.scanner - INFO - Processing PAYX... (6/101)
2025-03-27 01:17:21,365 - src.modules.scanner - INFO - Fetched price for PAYX: $150.19
2025-03-27 01:17:21,366 - src.modules.scanner - INFO - Generated bullish setup for PAYX with 81.4% confidence at $150.19
2025-03-27 01:17:21,367 - src.modules.scanner - INFO - Added PAYX to results
2025-03-27 01:17:21,368 - src.modules.scanner - INFO - Processing QCOM... (7/101)
2025-03-27 01:17:21,471 - src.modules.scanner - INFO - Fetched price for QCOM: $158.39
2025-03-27 01:17:21,473 - src.modules.scanner - INFO - Generated neutral setup for QCOM with 70.2% confidence at $158.39
2025-03-27 01:17:21,473 - src.modules.scanner - INFO - Filtered out QCOM setup: confidence=70.2%, trend=neutral
2025-03-27 01:17:21,474 - src.modules.scanner - INFO - Processing AXON... (8/101)
2025-03-27 01:17:21,548 - src.modules.scanner - INFO - Fetched price for AXON: $559.06
2025-03-27 01:17:21,549 - src.modules.scanner - INFO - Generated bullish setup for AXON with 92.4% confidence at $559.06
2025-03-27 01:17:21,550 - src.modules.scanner - INFO - Added AXON to results
2025-03-27 01:17:21,551 - src.modules.scanner - INFO - Processing MSTR... (9/101)
2025-03-27 01:17:21,719 - src.modules.scanner - INFO - Fetched price for MSTR: $329.31
2025-03-27 01:17:21,720 - src.modules.scanner - INFO - Generated bearish setup for MSTR with 73.7% confidence at $329.31
2025-03-27 01:17:21,721 - src.modules.scanner - INFO - Filtered out MSTR setup: confidence=73.7%, trend=bearish
2025-03-27 01:17:21,721 - src.modules.scanner - INFO - Processing PLTR... (10/101)
2025-03-27 01:17:21,792 - src.modules.scanner - INFO - Fetched price for PLTR: $92.28
2025-03-27 01:17:21,793 - src.modules.scanner - INFO - Generated neutral setup for PLTR with 74.6% confidence at $92.28
2025-03-27 01:17:21,794 - src.modules.scanner - INFO - Filtered out PLTR setup: confidence=74.6%, trend=neutral
2025-03-27 01:17:21,795 - src.modules.scanner - INFO - Processing APP... (11/101)
2025-03-27 01:17:21,910 - src.modules.scanner - INFO - Fetched price for APP: $327.62
2025-03-27 01:17:21,911 - src.modules.scanner - INFO - Generated bullish setup for APP with 80.4% confidence at $327.62
2025-03-27 01:17:21,912 - src.modules.scanner - INFO - Added APP to results
2025-03-27 01:17:21,912 - src.modules.scanner - INFO - Processing ARM... (12/101)
2025-03-27 01:17:21,980 - src.modules.scanner - INFO - Fetched price for ARM: $114.93
2025-03-27 01:17:21,981 - src.modules.scanner - INFO - Generated neutral setup for ARM with 82.6% confidence at $114.93
2025-03-27 01:17:21,982 - src.modules.scanner - INFO - Filtered out ARM setup: confidence=82.6%, trend=neutral
2025-03-27 01:17:21,983 - src.modules.scanner - INFO - Processing LIN... (13/101)
2025-03-27 01:17:22,087 - src.modules.scanner - INFO - Fetched price for LIN: $461.43
2025-03-27 01:17:22,088 - src.modules.scanner - INFO - Generated bullish setup for LIN with 61.6% confidence at $461.43
2025-03-27 01:17:22,089 - src.modules.scanner - INFO - Added LIN to results
2025-03-27 01:17:22,090 - src.modules.scanner - INFO - Processing CCEP... (14/101)
2025-03-27 01:17:22,210 - src.modules.scanner - INFO - Fetched price for CCEP: $85.37
2025-03-27 01:17:22,211 - src.modules.scanner - INFO - Generated bearish setup for CCEP with 85.4% confidence at $85.37
2025-03-27 01:17:22,212 - src.modules.scanner - INFO - Filtered out CCEP setup: confidence=85.4%, trend=bearish
2025-03-27 01:17:22,213 - src.modules.scanner - INFO - Processing DASH... (15/101)
2025-03-27 01:17:22,284 - src.modules.scanner - INFO - Fetched price for DASH: $192.87
2025-03-27 01:17:22,285 - src.modules.scanner - INFO - Generated bearish setup for DASH with 89.1% confidence at $192.87
2025-03-27 01:17:22,286 - src.modules.scanner - INFO - Filtered out DASH setup: confidence=89.1%, trend=bearish
2025-03-27 01:17:22,287 - src.modules.scanner - INFO - Processing MDB... (16/101)
2025-03-27 01:17:22,359 - src.modules.scanner - INFO - Fetched price for MDB: $193.66
2025-03-27 01:17:22,360 - src.modules.scanner - INFO - Generated neutral setup for MDB with 62.4% confidence at $193.66
2025-03-27 01:17:22,360 - src.modules.scanner - INFO - Filtered out MDB setup: confidence=62.4%, trend=neutral
2025-03-27 01:17:22,361 - src.modules.scanner - INFO - Processing ROP... (17/101)
2025-03-27 01:17:22,550 - src.modules.scanner - INFO - Fetched price for ROP: $582.71
2025-03-27 01:17:22,551 - src.modules.scanner - INFO - Generated bearish setup for ROP with 68.3% confidence at $582.71
2025-03-27 01:17:22,552 - src.modules.scanner - INFO - Filtered out ROP setup: confidence=68.3%, trend=bearish
2025-03-27 01:17:22,553 - src.modules.scanner - INFO - Processing TTD... (18/101)
2025-03-27 01:17:22,630 - src.modules.scanner - INFO - Fetched price for TTD: $58.80
2025-03-27 01:17:22,631 - src.modules.scanner - INFO - Generated neutral setup for TTD with 80.9% confidence at $58.80
2025-03-27 01:17:22,632 - src.modules.scanner - INFO - Filtered out TTD setup: confidence=80.9%, trend=neutral
2025-03-27 01:17:22,633 - src.modules.scanner - INFO - Processing ON... (19/101)
2025-03-27 01:17:22,717 - src.modules.scanner - INFO - Fetched price for ON: $45.04
2025-03-27 01:17:22,718 - src.modules.scanner - INFO - Generated neutral setup for ON with 83.7% confidence at $45.04
2025-03-27 01:17:22,719 - src.modules.scanner - INFO - Filtered out ON setup: confidence=83.7%, trend=neutral
2025-03-27 01:17:22,720 - src.modules.scanner - INFO - Processing GEHC... (20/101)
2025-03-27 01:17:22,794 - src.modules.scanner - INFO - Fetched price for GEHC: $81.00
2025-03-27 01:17:22,795 - src.modules.scanner - INFO - Generated neutral setup for GEHC with 91.3% confidence at $81.00
2025-03-27 01:17:22,796 - src.modules.scanner - INFO - Filtered out GEHC setup: confidence=91.3%, trend=neutral
2025-03-27 01:17:22,797 - src.modules.scanner - INFO - Processing BKR... (21/101)
2025-03-27 01:17:22,931 - src.modules.scanner - INFO - Fetched price for BKR: $44.02
2025-03-27 01:17:22,932 - src.modules.scanner - INFO - Generated bearish setup for BKR with 65.5% confidence at $44.02
2025-03-27 01:17:22,933 - src.modules.scanner - INFO - Filtered out BKR setup: confidence=65.5%, trend=bearish
2025-03-27 01:17:22,933 - src.modules.scanner - INFO - Processing FANG... (22/101)
2025-03-27 01:17:23,015 - src.modules.scanner - INFO - Fetched price for FANG: $163.09
2025-03-27 01:17:23,016 - src.modules.scanner - INFO - Generated bullish setup for FANG with 85.4% confidence at $163.09
2025-03-27 01:17:23,016 - src.modules.scanner - INFO - Added FANG to results
2025-03-27 01:17:23,017 - src.modules.scanner - INFO - Processing GFS... (23/101)
2025-03-27 01:17:23,326 - src.modules.scanner - INFO - Fetched price for GFS: $38.75
2025-03-27 01:17:23,327 - src.modules.scanner - INFO - Generated neutral setup for GFS with 92.8% confidence at $38.75
2025-03-27 01:17:23,328 - src.modules.scanner - INFO - Filtered out GFS setup: confidence=92.8%, trend=neutral
2025-03-27 01:17:23,329 - src.modules.scanner - INFO - Processing WBD... (24/101)
2025-03-27 01:17:23,421 - src.modules.scanner - INFO - Fetched price for WBD: $11.03
2025-03-27 01:17:23,422 - src.modules.scanner - INFO - Generated neutral setup for WBD with 85.2% confidence at $11.03
2025-03-27 01:17:23,423 - src.modules.scanner - INFO - Filtered out WBD setup: confidence=85.2%, trend=neutral
2025-03-27 01:17:23,424 - src.modules.scanner - INFO - Processing AZN... (25/101)
2025-03-27 01:17:23,531 - src.modules.scanner - INFO - Fetched price for AZN: $72.72
2025-03-27 01:17:23,532 - src.modules.scanner - INFO - Generated bullish setup for AZN with 72.9% confidence at $72.72
2025-03-27 01:17:23,532 - src.modules.scanner - INFO - Added AZN to results
2025-03-27 01:17:23,533 - src.modules.scanner - INFO - Processing CEG... (26/101)
2025-03-27 01:17:23,682 - src.modules.scanner - INFO - Fetched price for CEG: $216.97
2025-03-27 01:17:23,683 - src.modules.scanner - INFO - Generated bullish setup for CEG with 85.2% confidence at $216.97
2025-03-27 01:17:23,684 - src.modules.scanner - INFO - Added CEG to results
2025-03-27 01:17:23,685 - src.modules.scanner - INFO - Processing ODFL... (27/101)
2025-03-27 01:17:23,764 - src.modules.scanner - INFO - Fetched price for ODFL: $168.67
2025-03-27 01:17:23,765 - src.modules.scanner - INFO - Generated bullish setup for ODFL with 73.1% confidence at $168.67
2025-03-27 01:17:23,766 - src.modules.scanner - INFO - Added ODFL to results
2025-03-27 01:17:23,767 - src.modules.scanner - INFO - Processing TEAM... (28/101)
2025-03-27 01:17:23,836 - src.modules.scanner - INFO - Fetched price for TEAM: $229.65
2025-03-27 01:17:23,837 - src.modules.scanner - INFO - Generated bullish setup for TEAM with 87.0% confidence at $229.65
2025-03-27 01:17:23,838 - src.modules.scanner - INFO - Added TEAM to results
2025-03-27 01:17:23,838 - src.modules.scanner - INFO - Processing ABNB... (29/101)
2025-03-27 01:17:23,908 - src.modules.scanner - INFO - Fetched price for ABNB: $128.64
2025-03-27 01:17:23,909 - src.modules.scanner - INFO - Generated bullish setup for ABNB with 74.6% confidence at $128.64
2025-03-27 01:17:23,910 - src.modules.scanner - INFO - Added ABNB to results
2025-03-27 01:17:23,910 - src.modules.scanner - INFO - Processing FTNT... (30/101)
2025-03-27 01:17:23,976 - src.modules.scanner - INFO - Fetched price for FTNT: $101.01
2025-03-27 01:17:23,977 - src.modules.scanner - INFO - Generated neutral setup for FTNT with 72.6% confidence at $101.01
2025-03-27 01:17:23,978 - src.modules.scanner - INFO - Filtered out FTNT setup: confidence=72.6%, trend=neutral
2025-03-27 01:17:23,978 - src.modules.scanner - INFO - Processing PANW... (31/101)
2025-03-27 01:17:24,047 - src.modules.scanner - INFO - Fetched price for PANW: $184.96
2025-03-27 01:17:24,048 - src.modules.scanner - INFO - Generated bullish setup for PANW with 71.8% confidence at $184.96
2025-03-27 01:17:24,049 - src.modules.scanner - INFO - Added PANW to results
2025-03-27 01:17:24,050 - src.modules.scanner - INFO - Processing ZS... (32/101)
2025-03-27 01:17:24,119 - src.modules.scanner - INFO - Fetched price for ZS: $211.55
2025-03-27 01:17:24,120 - src.modules.scanner - INFO - Generated neutral setup for ZS with 60.4% confidence at $211.55
2025-03-27 01:17:24,120 - src.modules.scanner - INFO - Filtered out ZS setup: confidence=60.4%, trend=neutral
2025-03-27 01:17:24,121 - src.modules.scanner - INFO - Processing DDOG... (33/101)
2025-03-27 01:17:24,209 - src.modules.scanner - INFO - Fetched price for DDOG: $107.97
2025-03-27 01:17:24,210 - src.modules.scanner - INFO - Generated bearish setup for DDOG with 72.0% confidence at $107.97
2025-03-27 01:17:24,211 - src.modules.scanner - INFO - Filtered out DDOG setup: confidence=72.0%, trend=bearish
2025-03-27 01:17:24,212 - src.modules.scanner - INFO - Processing CRWD... (34/101)
2025-03-27 01:17:24,304 - src.modules.scanner - INFO - Fetched price for CRWD: $371.41
2025-03-27 01:17:24,305 - src.modules.scanner - INFO - Generated bullish setup for CRWD with 91.2% confidence at $371.41
2025-03-27 01:17:24,306 - src.modules.scanner - INFO - Added CRWD to results
2025-03-27 01:17:24,306 - src.modules.scanner - INFO - Processing HON... (35/101)
2025-03-27 01:17:24,449 - src.modules.scanner - INFO - Fetched price for HON: $213.12
2025-03-27 01:17:24,450 - src.modules.scanner - INFO - Generated neutral setup for HON with 84.7% confidence at $213.12
2025-03-27 01:17:24,451 - src.modules.scanner - INFO - Filtered out HON setup: confidence=84.7%, trend=neutral
2025-03-27 01:17:24,451 - src.modules.scanner - INFO - Processing AEP... (36/101)
2025-03-27 01:17:24,616 - src.modules.scanner - INFO - Fetched price for AEP: $103.90
2025-03-27 01:17:24,617 - src.modules.scanner - INFO - Generated bearish setup for AEP with 88.0% confidence at $103.90
2025-03-27 01:17:24,618 - src.modules.scanner - INFO - Filtered out AEP setup: confidence=88.0%, trend=bearish
2025-03-27 01:17:24,619 - src.modules.scanner - INFO - Processing NFLX... (37/101)
2025-03-27 01:17:24,688 - src.modules.scanner - INFO - Fetched price for NFLX: $970.65
2025-03-27 01:17:24,689 - src.modules.scanner - INFO - Generated bullish setup for NFLX with 80.5% confidence at $970.65
2025-03-27 01:17:24,690 - src.modules.scanner - INFO - Added NFLX to results
2025-03-27 01:17:24,690 - src.modules.scanner - INFO - Processing KDP... (38/101)
2025-03-27 01:17:24,776 - src.modules.scanner - INFO - Fetched price for KDP: $34.06
2025-03-27 01:17:24,777 - src.modules.scanner - INFO - Generated bullish setup for KDP with 77.7% confidence at $34.06
2025-03-27 01:17:24,778 - src.modules.scanner - INFO - Added KDP to results
2025-03-27 01:17:24,779 - src.modules.scanner - INFO - Processing PDD... (39/101)
2025-03-27 01:17:24,889 - src.modules.scanner - INFO - Fetched price for PDD: $122.47
2025-03-27 01:17:24,890 - src.modules.scanner - INFO - Generated bullish setup for PDD with 91.9% confidence at $122.47
2025-03-27 01:17:24,891 - src.modules.scanner - INFO - Added PDD to results
2025-03-27 01:17:24,891 - src.modules.scanner - INFO - Processing DXCM... (40/101)
2025-03-27 01:17:24,962 - src.modules.scanner - INFO - Fetched price for DXCM: $72.13
2025-03-27 01:17:24,963 - src.modules.scanner - INFO - Generated bearish setup for DXCM with 70.5% confidence at $72.13
2025-03-27 01:17:24,963 - src.modules.scanner - INFO - Filtered out DXCM setup: confidence=70.5%, trend=bearish
2025-03-27 01:17:24,964 - src.modules.scanner - INFO - Processing ANSS... (41/101)
2025-03-27 01:17:25,035 - src.modules.scanner - INFO - Fetched price for ANSS: $323.34
2025-03-27 01:17:25,036 - src.modules.scanner - INFO - Generated neutral setup for ANSS with 79.1% confidence at $323.34
2025-03-27 01:17:25,037 - src.modules.scanner - INFO - Filtered out ANSS setup: confidence=79.1%, trend=neutral
2025-03-27 01:17:25,038 - src.modules.scanner - INFO - Processing CDW... (42/101)
2025-03-27 01:17:25,120 - src.modules.scanner - INFO - Fetched price for CDW: $167.33
2025-03-27 01:17:25,122 - src.modules.scanner - INFO - Generated bullish setup for CDW with 68.6% confidence at $167.33
2025-03-27 01:17:25,123 - src.modules.scanner - INFO - Added CDW to results
2025-03-27 01:17:25,123 - src.modules.scanner - INFO - Processing CPRT... (43/101)
2025-03-27 01:17:25,208 - src.modules.scanner - INFO - Fetched price for CPRT: $55.07
2025-03-27 01:17:25,209 - src.modules.scanner - INFO - Generated neutral setup for CPRT with 75.6% confidence at $55.07
2025-03-27 01:17:25,210 - src.modules.scanner - INFO - Filtered out CPRT setup: confidence=75.6%, trend=neutral
2025-03-27 01:17:25,210 - src.modules.scanner - INFO - Processing CSGP... (44/101)
2025-03-27 01:17:25,291 - src.modules.scanner - INFO - Fetched price for CSGP: $80.37
2025-03-27 01:17:25,292 - src.modules.scanner - INFO - Generated neutral setup for CSGP with 70.2% confidence at $80.37
2025-03-27 01:17:25,293 - src.modules.scanner - INFO - Filtered out CSGP setup: confidence=70.2%, trend=neutral
2025-03-27 01:17:25,293 - src.modules.scanner - INFO - Processing EXC... (45/101)
2025-03-27 01:17:25,434 - src.modules.scanner - INFO - Fetched price for EXC: $44.02
2025-03-27 01:17:25,435 - src.modules.scanner - INFO - Generated bearish setup for EXC with 83.9% confidence at $44.02
2025-03-27 01:17:25,436 - src.modules.scanner - INFO - Filtered out EXC setup: confidence=83.9%, trend=bearish
2025-03-27 01:17:25,437 - src.modules.scanner - INFO - Processing AMD... (46/101)
2025-03-27 01:17:25,506 - src.modules.scanner - INFO - Fetched price for AMD: $110.19
2025-03-27 01:17:25,507 - src.modules.scanner - INFO - Generated neutral setup for AMD with 70.7% confidence at $110.19
2025-03-27 01:17:25,508 - src.modules.scanner - INFO - Filtered out AMD setup: confidence=70.7%, trend=neutral
2025-03-27 01:17:25,509 - src.modules.scanner - INFO - Processing LULU... (47/101)
2025-03-27 01:17:25,581 - src.modules.scanner - INFO - Fetched price for LULU: $337.79
2025-03-27 01:17:25,582 - src.modules.scanner - INFO - Generated neutral setup for LULU with 87.6% confidence at $337.79
2025-03-27 01:17:25,583 - src.modules.scanner - INFO - Filtered out LULU setup: confidence=87.6%, trend=neutral
2025-03-27 01:17:25,584 - src.modules.scanner - INFO - Processing XEL... (48/101)
2025-03-27 01:17:25,771 - src.modules.scanner - INFO - Fetched price for XEL: $68.92
2025-03-27 01:17:25,772 - src.modules.scanner - INFO - Generated bullish setup for XEL with 85.6% confidence at $68.92
2025-03-27 01:17:25,773 - src.modules.scanner - INFO - Added XEL to results
2025-03-27 01:17:25,774 - src.modules.scanner - INFO - Processing PEP... (49/101)
2025-03-27 01:17:25,894 - src.modules.scanner - INFO - Fetched price for PEP: $148.64
2025-03-27 01:17:25,895 - src.modules.scanner - INFO - Generated neutral setup for PEP with 80.0% confidence at $148.64
2025-03-27 01:17:25,896 - src.modules.scanner - INFO - Filtered out PEP setup: confidence=80.0%, trend=neutral
2025-03-27 01:17:25,897 - src.modules.scanner - INFO - Processing ASML... (50/101)
2025-03-27 01:17:25,978 - src.modules.scanner - INFO - Fetched price for ASML: $705.76
2025-03-27 01:17:25,980 - src.modules.scanner - INFO - Generated neutral setup for ASML with 67.4% confidence at $705.76
2025-03-27 01:17:25,980 - src.modules.scanner - INFO - Filtered out ASML setup: confidence=67.4%, trend=neutral
2025-03-27 01:17:26,042 - src.modules.scanner - INFO - Fetched price for ASML: $705.76
2025-03-27 01:17:26,043 - src.modules.market_context - INFO - Fetching data for ASML
2025-03-27 01:17:26,379 - src.modules.key_levels - INFO - Fetching options data for ASML
2025-03-27 01:17:26,875 - src.modules.scanner - INFO - Filtered out ASML setup: confidence=67.4%, trend=neutral
2025-03-27 01:17:26,876 - src.modules.scanner - INFO - Processing SNPS... (51/101)
2025-03-27 01:17:26,954 - src.modules.scanner - INFO - Fetched price for SNPS: $449.90
2025-03-27 01:17:26,955 - src.modules.scanner - INFO - Generated neutral setup for SNPS with 71.1% confidence at $449.90
2025-03-27 01:17:26,957 - src.modules.scanner - INFO - Filtered out SNPS setup: confidence=71.1%, trend=neutral
2025-03-27 01:17:26,958 - src.modules.scanner - INFO - Processing TTWO... (52/101)
2025-03-27 01:17:27,031 - src.modules.scanner - INFO - Fetched price for TTWO: $215.89
2025-03-27 01:17:27,032 - src.modules.scanner - INFO - Generated bullish setup for TTWO with 73.2% confidence at $215.89
2025-03-27 01:17:27,033 - src.modules.scanner - INFO - Added TTWO to results
2025-03-27 01:17:27,033 - src.modules.scanner - INFO - Processing WDAY... (53/101)
2025-03-27 01:17:27,105 - src.modules.scanner - INFO - Fetched price for WDAY: $250.79
2025-03-27 01:17:27,106 - src.modules.scanner - INFO - Generated neutral setup for WDAY with 79.2% confidence at $250.79
2025-03-27 01:17:27,107 - src.modules.scanner - INFO - Filtered out WDAY setup: confidence=79.2%, trend=neutral
2025-03-27 01:17:27,108 - src.modules.scanner - INFO - Processing MELI... (54/101)
2025-03-27 01:17:27,305 - src.modules.scanner - INFO - Fetched price for MELI: $2074.97
2025-03-27 01:17:27,306 - src.modules.scanner - INFO - Generated bullish setup for MELI with 70.2% confidence at $2074.97
2025-03-27 01:17:27,307 - src.modules.scanner - INFO - Added MELI to results
2025-03-27 01:17:27,308 - src.modules.scanner - INFO - Processing IDXX... (55/101)
2025-03-27 01:17:27,387 - src.modules.scanner - INFO - Fetched price for IDXX: $417.71
2025-03-27 01:17:27,388 - src.modules.scanner - INFO - Generated bearish setup for IDXX with 78.0% confidence at $417.71
2025-03-27 01:17:27,389 - src.modules.scanner - INFO - Filtered out IDXX setup: confidence=78.0%, trend=bearish
2025-03-27 01:17:27,389 - src.modules.scanner - INFO - Processing CSX... (56/101)
2025-03-27 01:17:27,514 - src.modules.scanner - INFO - Fetched price for CSX: $29.90
2025-03-27 01:17:27,514 - src.modules.scanner - INFO - Generated neutral setup for CSX with 80.8% confidence at $29.90
2025-03-27 01:17:27,515 - src.modules.scanner - INFO - Filtered out CSX setup: confidence=80.8%, trend=neutral
2025-03-27 01:17:27,516 - src.modules.scanner - INFO - Processing TMUS... (57/101)
2025-03-27 01:17:27,618 - src.modules.scanner - INFO - Fetched price for TMUS: $262.51
2025-03-27 01:17:27,619 - src.modules.scanner - INFO - Generated neutral setup for TMUS with 74.4% confidence at $262.51
2025-03-27 01:17:27,620 - src.modules.scanner - INFO - Filtered out TMUS setup: confidence=74.4%, trend=neutral
2025-03-27 01:17:27,621 - src.modules.scanner - INFO - Processing PYPL... (58/101)
2025-03-27 01:17:27,713 - src.modules.scanner - INFO - Fetched price for PYPL: $69.97
2025-03-27 01:17:27,714 - src.modules.scanner - INFO - Generated neutral setup for PYPL with 85.7% confidence at $69.97
2025-03-27 01:17:27,715 - src.modules.scanner - INFO - Filtered out PYPL setup: confidence=85.7%, trend=neutral
2025-03-27 01:17:27,715 - src.modules.scanner - INFO - Processing KHC... (59/101)
2025-03-27 01:17:27,797 - src.modules.scanner - INFO - Fetched price for KHC: $29.69
2025-03-27 01:17:27,798 - src.modules.scanner - INFO - Generated bearish setup for KHC with 91.4% confidence at $29.69
2025-03-27 01:17:27,799 - src.modules.scanner - INFO - Filtered out KHC setup: confidence=91.4%, trend=bearish
2025-03-27 01:17:27,800 - src.modules.scanner - INFO - Processing GOOG... (60/101)
2025-03-27 01:17:27,945 - src.modules.scanner - INFO - Fetched price for GOOG: $167.14
2025-03-27 01:17:27,946 - src.modules.scanner - INFO - Generated bearish setup for GOOG with 83.8% confidence at $167.14
2025-03-27 01:17:27,947 - src.modules.scanner - INFO - Filtered out GOOG setup: confidence=83.8%, trend=bearish
2025-03-27 01:17:27,948 - src.modules.scanner - INFO - Processing NXPI... (61/101)
2025-03-27 01:17:28,029 - src.modules.scanner - INFO - Fetched price for NXPI: $205.75
2025-03-27 01:17:28,030 - src.modules.scanner - INFO - Generated bullish setup for NXPI with 93.1% confidence at $205.75
2025-03-27 01:17:28,031 - src.modules.scanner - INFO - Added NXPI to results
2025-03-27 01:17:28,032 - src.modules.scanner - INFO - Processing MAR... (62/101)
2025-03-27 01:17:28,133 - src.modules.scanner - INFO - Fetched price for MAR: $246.72
2025-03-27 01:17:28,134 - src.modules.scanner - INFO - Generated bullish setup for MAR with 73.2% confidence at $246.72
2025-03-27 01:17:28,135 - src.modules.scanner - INFO - Added MAR to results
2025-03-27 01:17:28,136 - src.modules.scanner - INFO - Processing CHTR... (63/101)
2025-03-27 01:17:28,203 - src.modules.scanner - INFO - Fetched price for CHTR: $384.77
2025-03-27 01:17:28,204 - src.modules.scanner - INFO - Generated bullish setup for CHTR with 82.3% confidence at $384.77
2025-03-27 01:17:28,205 - src.modules.scanner - INFO - Added CHTR to results
2025-03-27 01:17:28,205 - src.modules.scanner - INFO - Processing TSLA... (64/101)
2025-03-27 01:17:28,268 - src.modules.scanner - INFO - Fetched price for TSLA: $272.06
2025-03-27 01:17:28,269 - src.modules.scanner - INFO - Generated bullish setup for TSLA with 80.4% confidence at $272.06
2025-03-27 01:17:28,270 - src.modules.scanner - INFO - Added TSLA to results
2025-03-27 01:17:28,271 - src.modules.scanner - INFO - Processing EA... (65/101)
2025-03-27 01:17:28,379 - src.modules.scanner - INFO - Fetched price for EA: $145.19
2025-03-27 01:17:28,381 - src.modules.scanner - INFO - Generated bullish setup for EA with 88.0% confidence at $145.19
2025-03-27 01:17:28,381 - src.modules.scanner - INFO - Added EA to results
2025-03-27 01:17:28,382 - src.modules.scanner - INFO - Processing MRVL... (66/101)
2025-03-27 01:17:28,542 - src.modules.scanner - INFO - Fetched price for MRVL: $66.76
2025-03-27 01:17:28,543 - src.modules.scanner - INFO - Generated neutral setup for MRVL with 80.6% confidence at $66.76
2025-03-27 01:17:28,544 - src.modules.scanner - INFO - Filtered out MRVL setup: confidence=80.6%, trend=neutral
2025-03-27 01:17:28,545 - src.modules.scanner - INFO - Processing REGN... (67/101)
2025-03-27 01:17:28,638 - src.modules.scanner - INFO - Fetched price for REGN: $640.14
2025-03-27 01:17:28,639 - src.modules.scanner - INFO - Generated bearish setup for REGN with 83.8% confidence at $640.14
2025-03-27 01:17:28,639 - src.modules.scanner - INFO - Filtered out REGN setup: confidence=83.8%, trend=bearish
2025-03-27 01:17:28,640 - src.modules.scanner - INFO - Processing VRSK... (68/101)
2025-03-27 01:17:28,723 - src.modules.scanner - INFO - Fetched price for VRSK: $292.03
2025-03-27 01:17:28,724 - src.modules.scanner - INFO - Generated neutral setup for VRSK with 67.4% confidence at $292.03
2025-03-27 01:17:28,725 - src.modules.scanner - INFO - Filtered out VRSK setup: confidence=67.4%, trend=neutral
2025-03-27 01:17:28,726 - src.modules.scanner - INFO - Processing META... (69/101)
2025-03-27 01:17:28,798 - src.modules.scanner - INFO - Fetched price for META: $610.98
2025-03-27 01:17:28,799 - src.modules.scanner - INFO - Generated neutral setup for META with 82.9% confidence at $610.98
2025-03-27 01:17:28,800 - src.modules.scanner - INFO - Filtered out META setup: confidence=82.9%, trend=neutral
2025-03-27 01:17:28,802 - src.modules.scanner - INFO - Processing ADI... (70/101)
2025-03-27 01:17:28,905 - src.modules.scanner - INFO - Fetched price for ADI: $210.53
2025-03-27 01:17:28,906 - src.modules.scanner - INFO - Generated bearish setup for ADI with 88.7% confidence at $210.53
2025-03-27 01:17:28,907 - src.modules.scanner - INFO - Filtered out ADI setup: confidence=88.7%, trend=bearish
2025-03-27 01:17:28,908 - src.modules.scanner - INFO - Processing MDLZ... (71/101)
2025-03-27 01:17:29,010 - src.modules.scanner - INFO - Fetched price for MDLZ: $66.33
2025-03-27 01:17:29,011 - src.modules.scanner - INFO - Generated neutral setup for MDLZ with 83.7% confidence at $66.33
2025-03-27 01:17:29,012 - src.modules.scanner - INFO - Filtered out MDLZ setup: confidence=83.7%, trend=neutral
2025-03-27 01:17:29,013 - src.modules.scanner - INFO - Processing TXN... (72/101)
2025-03-27 01:17:29,216 - src.modules.scanner - INFO - Fetched price for TXN: $184.49
2025-03-27 01:17:29,217 - src.modules.scanner - INFO - Generated bullish setup for TXN with 83.4% confidence at $184.49
2025-03-27 01:17:29,217 - src.modules.scanner - INFO - Added TXN to results
2025-03-27 01:17:29,218 - src.modules.scanner - INFO - Processing AVGO... (73/101)
2025-03-27 01:17:29,311 - src.modules.scanner - INFO - Fetched price for AVGO: $179.27
2025-03-27 01:17:29,311 - src.modules.scanner - INFO - Generated bearish setup for AVGO with 86.9% confidence at $179.27
2025-03-27 01:17:29,312 - src.modules.scanner - INFO - Filtered out AVGO setup: confidence=86.9%, trend=bearish
2025-03-27 01:17:29,313 - src.modules.scanner - INFO - Processing BKNG... (74/101)
2025-03-27 01:17:29,389 - src.modules.scanner - INFO - Fetched price for BKNG: $4764.16
2025-03-27 01:17:29,390 - src.modules.scanner - INFO - Generated neutral setup for BKNG with 81.4% confidence at $4764.16
2025-03-27 01:17:29,391 - src.modules.scanner - INFO - Filtered out BKNG setup: confidence=81.4%, trend=neutral
2025-03-27 01:17:29,392 - src.modules.scanner - INFO - Processing ADP... (75/101)
2025-03-27 01:17:29,524 - src.modules.scanner - INFO - Fetched price for ADP: $302.41
2025-03-27 01:17:29,525 - src.modules.scanner - INFO - Generated bearish setup for ADP with 80.6% confidence at $302.41
2025-03-27 01:17:29,526 - src.modules.scanner - INFO - Filtered out ADP setup: confidence=80.6%, trend=bearish
2025-03-27 01:17:29,527 - src.modules.scanner - INFO - Processing ORLY... (76/101)
2025-03-27 01:17:29,600 - src.modules.scanner - INFO - Fetched price for ORLY: $1380.98
2025-03-27 01:17:29,601 - src.modules.scanner - INFO - Generated bearish setup for ORLY with 90.0% confidence at $1380.98
2025-03-27 01:17:29,602 - src.modules.scanner - INFO - Filtered out ORLY setup: confidence=90.0%, trend=bearish
2025-03-27 01:17:29,603 - src.modules.scanner - INFO - Processing ROST... (77/101)
2025-03-27 01:17:29,757 - src.modules.scanner - INFO - Fetched price for ROST: $127.70
2025-03-27 01:17:29,758 - src.modules.scanner - INFO - Generated bullish setup for ROST with 91.1% confidence at $127.70
2025-03-27 01:17:29,759 - src.modules.scanner - INFO - Added ROST to results
2025-03-27 01:17:29,760 - src.modules.scanner - INFO - Processing MNST... (78/101)
2025-03-27 01:17:29,831 - src.modules.scanner - INFO - Fetched price for MNST: $57.76
2025-03-27 01:17:29,832 - src.modules.scanner - INFO - Generated bearish setup for MNST with 62.8% confidence at $57.76
2025-03-27 01:17:29,833 - src.modules.scanner - INFO - Filtered out MNST setup: confidence=62.8%, trend=bearish
2025-03-27 01:17:29,833 - src.modules.scanner - INFO - Processing VRTX... (79/101)
2025-03-27 01:17:29,906 - src.modules.scanner - INFO - Fetched price for VRTX: $500.28
2025-03-27 01:17:29,907 - src.modules.scanner - INFO - Generated bullish setup for VRTX with 72.6% confidence at $500.28
2025-03-27 01:17:29,908 - src.modules.scanner - INFO - Added VRTX to results
2025-03-27 01:17:29,908 - src.modules.scanner - INFO - Processing ISRG... (80/101)
2025-03-27 01:17:29,982 - src.modules.scanner - INFO - Fetched price for ISRG: $509.03
2025-03-27 01:17:29,983 - src.modules.scanner - INFO - Generated neutral setup for ISRG with 82.7% confidence at $509.03
2025-03-27 01:17:29,984 - src.modules.scanner - INFO - Filtered out ISRG setup: confidence=82.7%, trend=neutral
2025-03-27 01:17:29,985 - src.modules.scanner - INFO - Processing CDNS... (81/101)
2025-03-27 01:17:30,053 - src.modules.scanner - INFO - Fetched price for CDNS: $263.41
2025-03-27 01:17:30,054 - src.modules.scanner - INFO - Generated bullish setup for CDNS with 63.0% confidence at $263.41
2025-03-27 01:17:30,055 - src.modules.scanner - INFO - Added CDNS to results
2025-03-27 01:17:30,056 - src.modules.scanner - INFO - Processing GOOGL... (82/101)
2025-03-27 01:17:30,136 - src.modules.scanner - INFO - Fetched price for GOOGL: $165.06
2025-03-27 01:17:30,137 - src.modules.scanner - INFO - Generated neutral setup for GOOGL with 61.5% confidence at $165.06
2025-03-27 01:17:30,138 - src.modules.scanner - INFO - Filtered out GOOGL setup: confidence=61.5%, trend=neutral
2025-03-27 01:17:30,138 - src.modules.scanner - INFO - Processing CTSH... (83/101)
2025-03-27 01:17:30,219 - src.modules.scanner - INFO - Fetched price for CTSH: $77.85
2025-03-27 01:17:30,220 - src.modules.scanner - INFO - Generated bearish setup for CTSH with 64.9% confidence at $77.85
2025-03-27 01:17:30,221 - src.modules.scanner - INFO - Filtered out CTSH setup: confidence=64.9%, trend=bearish
2025-03-27 01:17:30,221 - src.modules.scanner - INFO - Processing ADSK... (84/101)
2025-03-27 01:17:30,328 - src.modules.scanner - INFO - Fetched price for ADSK: $271.21
2025-03-27 01:17:30,329 - src.modules.scanner - INFO - Generated bullish setup for ADSK with 88.9% confidence at $271.21
2025-03-27 01:17:30,330 - src.modules.scanner - INFO - Added ADSK to results
2025-03-27 01:17:30,331 - src.modules.scanner - INFO - Processing AMGN... (85/101)
2025-03-27 01:17:30,422 - src.modules.scanner - INFO - Fetched price for AMGN: $305.71
2025-03-27 01:17:30,423 - src.modules.scanner - INFO - Generated neutral setup for AMGN with 80.7% confidence at $305.71
2025-03-27 01:17:30,424 - src.modules.scanner - INFO - Filtered out AMGN setup: confidence=80.7%, trend=neutral
2025-03-27 01:17:30,425 - src.modules.scanner - INFO - Processing LRCX... (86/101)
2025-03-27 01:17:30,523 - src.modules.scanner - INFO - Fetched price for LRCX: $76.14
2025-03-27 01:17:30,524 - src.modules.scanner - INFO - Generated bullish setup for LRCX with 81.8% confidence at $76.14
2025-03-27 01:17:30,525 - src.modules.scanner - INFO - Added LRCX to results
2025-03-27 01:17:30,525 - src.modules.scanner - INFO - Processing CMCSA... (87/101)
2025-03-27 01:17:30,644 - src.modules.scanner - INFO - Fetched price for CMCSA: $37.37
2025-03-27 01:17:30,645 - src.modules.scanner - INFO - Generated bullish setup for CMCSA with 89.7% confidence at $37.37
2025-03-27 01:17:30,646 - src.modules.scanner - INFO - Added CMCSA to results
2025-03-27 01:17:30,647 - src.modules.scanner - INFO - Processing GILD... (88/101)
2025-03-27 01:17:30,734 - src.modules.scanner - INFO - Fetched price for GILD: $109.27
2025-03-27 01:17:30,735 - src.modules.scanner - INFO - Generated neutral setup for GILD with 62.9% confidence at $109.27
2025-03-27 01:17:30,736 - src.modules.scanner - INFO - Filtered out GILD setup: confidence=62.9%, trend=neutral
2025-03-27 01:17:30,737 - src.modules.scanner - INFO - Processing NVDA... (89/101)
2025-03-27 01:17:30,891 - src.modules.scanner - INFO - Fetched price for NVDA: $113.76
2025-03-27 01:17:30,892 - src.modules.scanner - INFO - Generated bearish setup for NVDA with 61.4% confidence at $113.76
2025-03-27 01:17:30,893 - src.modules.scanner - INFO - Filtered out NVDA setup: confidence=61.4%, trend=bearish
2025-03-27 01:17:30,894 - src.modules.scanner - INFO - Processing AMZN... (90/101)
2025-03-27 01:17:30,955 - src.modules.scanner - INFO - Fetched price for AMZN: $201.13
2025-03-27 01:17:30,956 - src.modules.scanner - INFO - Generated bearish setup for AMZN with 77.9% confidence at $201.13
2025-03-27 01:17:30,957 - src.modules.scanner - INFO - Filtered out AMZN setup: confidence=77.9%, trend=bearish
2025-03-27 01:17:30,958 - src.modules.scanner - INFO - Processing MCHP... (91/101)
2025-03-27 01:17:31,058 - src.modules.scanner - INFO - Fetched price for MCHP: $52.17
2025-03-27 01:17:31,059 - src.modules.scanner - INFO - Generated neutral setup for MCHP with 70.6% confidence at $52.17
2025-03-27 01:17:31,060 - src.modules.scanner - INFO - Filtered out MCHP setup: confidence=70.6%, trend=neutral
2025-03-27 01:17:31,061 - src.modules.scanner - INFO - Processing SBUX... (92/101)
2025-03-27 01:17:31,146 - src.modules.scanner - INFO - Fetched price for SBUX: $97.97
2025-03-27 01:17:31,148 - src.modules.scanner - INFO - Generated bearish setup for SBUX with 60.2% confidence at $97.97
2025-03-27 01:17:31,148 - src.modules.scanner - INFO - Filtered out SBUX setup: confidence=60.2%, trend=bearish
2025-03-27 01:17:31,149 - src.modules.scanner - INFO - Processing MU... (93/101)
2025-03-27 01:17:31,250 - src.modules.scanner - INFO - Fetched price for MU: $92.13
2025-03-27 01:17:31,251 - src.modules.scanner - INFO - Generated bearish setup for MU with 62.9% confidence at $92.13
2025-03-27 01:17:31,252 - src.modules.scanner - INFO - Filtered out MU setup: confidence=62.9%, trend=bearish
2025-03-27 01:17:31,253 - src.modules.scanner - INFO - Processing INTU... (94/101)
2025-03-27 01:17:31,352 - src.modules.scanner - INFO - Fetched price for INTU: $614.86
2025-03-27 01:17:31,353 - src.modules.scanner - INFO - Generated bullish setup for INTU with 71.6% confidence at $614.86
2025-03-27 01:17:31,353 - src.modules.scanner - INFO - Added INTU to results
2025-03-27 01:17:31,354 - src.modules.scanner - INFO - Processing BIIB... (95/101)
2025-03-27 01:17:31,494 - src.modules.scanner - INFO - Fetched price for BIIB: $142.43
2025-03-27 01:17:31,495 - src.modules.scanner - INFO - Generated bullish setup for BIIB with 81.0% confidence at $142.43
2025-03-27 01:17:31,496 - src.modules.scanner - INFO - Added BIIB to results
2025-03-27 01:17:31,496 - src.modules.scanner - INFO - Processing AAPL... (96/101)
2025-03-27 01:17:31,629 - src.modules.scanner - INFO - Fetched price for AAPL: $221.53
2025-03-27 01:17:31,630 - src.modules.scanner - INFO - Generated bearish setup for AAPL with 63.7% confidence at $221.53
2025-03-27 01:17:31,631 - src.modules.scanner - INFO - Filtered out AAPL setup: confidence=63.7%, trend=bearish
2025-03-27 01:17:31,632 - src.modules.scanner - INFO - Processing COST... (97/101)
2025-03-27 01:17:31,752 - src.modules.scanner - INFO - Fetched price for COST: $929.75
2025-03-27 01:17:31,753 - src.modules.scanner - INFO - Generated neutral setup for COST with 66.2% confidence at $929.75
2025-03-27 01:17:31,754 - src.modules.scanner - INFO - Filtered out COST setup: confidence=66.2%, trend=neutral
2025-03-27 01:17:31,755 - src.modules.scanner - INFO - Processing CTAS... (98/101)
2025-03-27 01:17:31,905 - src.modules.scanner - INFO - Fetched price for CTAS: $204.71
2025-03-27 01:17:31,906 - src.modules.scanner - INFO - Generated bullish setup for CTAS with 64.4% confidence at $204.71
2025-03-27 01:17:31,907 - src.modules.scanner - INFO - Added CTAS to results
2025-03-27 01:17:31,907 - src.modules.scanner - INFO - Processing INTC... (99/101)
2025-03-27 01:17:32,185 - src.modules.scanner - INFO - Fetched price for INTC: $23.42
2025-03-27 01:17:32,186 - src.modules.scanner - INFO - Generated bearish setup for INTC with 78.5% confidence at $23.42
2025-03-27 01:17:32,187 - src.modules.scanner - INFO - Filtered out INTC setup: confidence=78.5%, trend=bearish
2025-03-27 01:17:32,188 - src.modules.scanner - INFO - Processing KLAC... (100/101)
2025-03-27 01:17:32,284 - src.modules.scanner - INFO - Fetched price for KLAC: $705.54
2025-03-27 01:17:32,285 - src.modules.scanner - INFO - Generated neutral setup for KLAC with 75.9% confidence at $705.54
2025-03-27 01:17:32,286 - src.modules.scanner - INFO - Filtered out KLAC setup: confidence=75.9%, trend=neutral
2025-03-27 01:17:32,340 - src.modules.scanner - INFO - Fetched price for KLAC: $705.54
2025-03-27 01:17:32,342 - src.modules.market_context - INFO - Fetching data for KLAC
2025-03-27 01:17:32,621 - src.modules.key_levels - INFO - Fetching options data for KLAC
2025-03-27 01:17:32,951 - src.modules.scanner - INFO - Filtered out KLAC setup: confidence=75.9%, trend=neutral
2025-03-27 01:17:32,952 - src.modules.scanner - INFO - Processing PCAR... (101/101)
2025-03-27 01:17:33,067 - src.modules.scanner - INFO - Fetched price for PCAR: $99.53
2025-03-27 01:17:33,068 - src.modules.scanner - INFO - Generated neutral setup for PCAR with 64.4% confidence at $99.53
2025-03-27 01:17:33,069 - src.modules.scanner - INFO - Filtered out PCAR setup: confidence=64.4%, trend=neutral
2025-03-27 01:17:33,133 - src.modules.scanner - INFO - Fetched price for PCAR: $99.53
2025-03-27 01:17:33,134 - src.modules.market_context - INFO - Fetching data for PCAR
2025-03-27 01:17:33,478 - src.modules.key_levels - INFO - Fetching options data for PCAR
2025-03-27 01:17:33,863 - src.modules.scanner - INFO - Filtered out PCAR setup: confidence=64.4%, trend=neutral
2025-03-27 01:17:33,864 - src.modules.scanner - INFO - Pre-filter results count: 38
2025-03-27 01:17:33,865 - src.modules.scanner - INFO - Post-filter results count: 38
2025-03-27 01:17:33,876 - src.modules.scanner - INFO - Results saved to scanner_results\scan_results_20250327_011733.json
2025-03-27 01:17:33,877 - src.modules.scanner - INFO - Scan complete. Found 38 setups after filtering.
2025-03-27 01:23:37,287 - werkzeug - INFO -  * Detected change in 'C:\\Users\\cciep\\Github\\APPs\\options-scanner-v2\\src\\utils\\data_cache.py', reloading
2025-03-27 01:23:37,455 - werkzeug - INFO -  * Restarting with stat
2025-03-27 01:23:38,669 - __main__ - INFO - Starting Options-Technical Hybrid Scanner
2025-03-27 01:23:38,684 - werkzeug - WARNING -  * Debugger is active!
2025-03-27 01:23:38,687 - werkzeug - INFO -  * Debugger PIN: 216-997-372
2025-03-27 01:23:48,918 - werkzeug - INFO -  * Detected change in 'C:\\Users\\cciep\\Github\\APPs\\options-scanner-v2\\src\\modules\\scanner.py', reloading
2025-03-27 01:23:49,066 - werkzeug - INFO -  * Restarting with stat
2025-03-27 01:23:50,404 - __main__ - INFO - Starting Options-Technical Hybrid Scanner
2025-03-27 01:23:50,418 - werkzeug - WARNING -  * Debugger is active!
2025-03-27 01:23:50,421 - werkzeug - INFO -  * Debugger PIN: 216-997-372
2025-03-27 01:23:57,576 - werkzeug - INFO -  * Detected change in 'C:\\Users\\cciep\\Github\\APPs\\options-scanner-v2\\src\\modules\\scanner.py', reloading
2025-03-27 01:23:57,763 - werkzeug - INFO -  * Restarting with stat
2025-03-27 01:23:58,946 - __main__ - INFO - Starting Options-Technical Hybrid Scanner
2025-03-27 01:23:58,961 - werkzeug - WARNING -  * Debugger is active!
2025-03-27 01:23:58,964 - werkzeug - INFO -  * Debugger PIN: 216-997-372
2025-03-27 01:24:39,267 - src.modules.scanner - INFO - Loading configuration from config.json
2025-03-27 01:24:39,679 - src.modules.scanner - INFO - Loaded 101 symbols from NASDAQ Composite
2025-03-27 01:24:39,681 - src.modules.scanner - INFO - Starting scan for 101 symbols
2025-03-27 01:24:39,681 - werkzeug - INFO - 127.0.0.1 - - [27/Mar/2025 01:24:39] "GET /api/scan?filters={"trend":["bullish"],"pcr_min":0,"pcr_max":2,"rsi_min":0,"rsi_max":100,"stoch_rsi_min":0,"stoch_rsi_max":100,"min_confidence":60} HTTP/1.1" 200 -
2025-03-27 01:24:39,683 - src.modules.scanner - INFO - Processing ADBE... (1/101)
2025-03-27 01:24:40,128 - src.modules.scanner - INFO - Fetched price for ADBE: $397.81
2025-03-27 01:24:40,129 - src.modules.scanner - INFO - Generated bearish setup for ADBE with 62.1% confidence at $397.81
2025-03-27 01:24:40,130 - src.modules.scanner - INFO - Filtered out ADBE setup: confidence=62.1%, trend=bearish
2025-03-27 01:24:40,131 - src.modules.scanner - INFO - Processing AMAT... (2/101)
2025-03-27 01:24:40,217 - src.modules.scanner - INFO - Fetched price for AMAT: $150.68
2025-03-27 01:24:40,218 - src.modules.scanner - INFO - Generated bullish setup for AMAT with 72.9% confidence at $150.68
2025-03-27 01:24:40,219 - src.modules.scanner - INFO - Added AMAT to results
2025-03-27 01:24:40,220 - src.modules.scanner - INFO - Processing CSCO... (3/101)
2025-03-27 01:24:40,301 - src.modules.scanner - INFO - Fetched price for CSCO: $61.80
2025-03-27 01:24:40,302 - src.modules.scanner - INFO - Generated neutral setup for CSCO with 82.8% confidence at $61.80
2025-03-27 01:24:40,303 - src.modules.scanner - INFO - Filtered out CSCO setup: confidence=82.8%, trend=neutral
2025-03-27 01:24:40,304 - src.modules.scanner - INFO - Processing FAST... (4/101)
2025-03-27 01:24:40,413 - src.modules.scanner - INFO - Fetched price for FAST: $77.09
2025-03-27 01:24:40,414 - src.modules.scanner - INFO - Generated neutral setup for FAST with 82.6% confidence at $77.09
2025-03-27 01:24:40,415 - src.modules.scanner - INFO - Filtered out FAST setup: confidence=82.6%, trend=neutral
2025-03-27 01:24:40,416 - src.modules.scanner - INFO - Processing MSFT... (5/101)
2025-03-27 01:24:40,526 - src.modules.scanner - INFO - Fetched price for MSFT: $389.97
2025-03-27 01:24:40,528 - src.modules.scanner - INFO - Generated bearish setup for MSFT with 93.4% confidence at $389.97
2025-03-27 01:24:40,529 - src.modules.scanner - INFO - Filtered out MSFT setup: confidence=93.4%, trend=bearish
2025-03-27 01:24:40,529 - src.modules.scanner - INFO - Processing PAYX... (6/101)
2025-03-27 01:24:40,669 - src.modules.scanner - INFO - Fetched price for PAYX: $150.19
2025-03-27 01:24:40,670 - src.modules.scanner - INFO - Generated neutral setup for PAYX with 75.9% confidence at $150.19
2025-03-27 01:24:40,671 - src.modules.scanner - INFO - Filtered out PAYX setup: confidence=75.9%, trend=neutral
2025-03-27 01:24:40,671 - src.modules.scanner - INFO - Processing QCOM... (7/101)
2025-03-27 01:24:40,776 - src.modules.scanner - INFO - Fetched price for QCOM: $158.39
2025-03-27 01:24:40,777 - src.modules.scanner - INFO - Generated neutral setup for QCOM with 91.8% confidence at $158.39
2025-03-27 01:24:40,778 - src.modules.scanner - INFO - Filtered out QCOM setup: confidence=91.8%, trend=neutral
2025-03-27 01:24:40,778 - src.modules.scanner - INFO - Processing AXON... (8/101)
2025-03-27 01:24:40,845 - src.modules.scanner - INFO - Fetched price for AXON: $559.06
2025-03-27 01:24:40,846 - src.modules.scanner - INFO - Generated bullish setup for AXON with 67.3% confidence at $559.06
2025-03-27 01:24:40,847 - src.modules.scanner - INFO - Added AXON to results
2025-03-27 01:24:40,847 - src.modules.scanner - INFO - Processing MSTR... (9/101)
2025-03-27 01:24:40,915 - src.modules.scanner - INFO - Fetched price for MSTR: $329.31
2025-03-27 01:24:40,916 - src.modules.scanner - INFO - Generated neutral setup for MSTR with 82.2% confidence at $329.31
2025-03-27 01:24:40,916 - src.modules.scanner - INFO - Filtered out MSTR setup: confidence=82.2%, trend=neutral
2025-03-27 01:24:40,917 - src.modules.scanner - INFO - Processing PLTR... (10/101)
2025-03-27 01:24:40,982 - src.modules.scanner - INFO - Fetched price for PLTR: $92.28
2025-03-27 01:24:40,983 - src.modules.scanner - INFO - Generated bullish setup for PLTR with 88.9% confidence at $92.28
2025-03-27 01:24:40,984 - src.modules.scanner - INFO - Added PLTR to results
2025-03-27 01:24:40,985 - src.modules.scanner - INFO - Processing APP... (11/101)
2025-03-27 01:24:41,056 - src.modules.scanner - INFO - Fetched price for APP: $327.62
2025-03-27 01:24:41,057 - src.modules.scanner - INFO - Generated neutral setup for APP with 80.4% confidence at $327.62
2025-03-27 01:24:41,058 - src.modules.scanner - INFO - Filtered out APP setup: confidence=80.4%, trend=neutral
2025-03-27 01:24:41,059 - src.modules.scanner - INFO - Processing ARM... (12/101)
2025-03-27 01:24:41,125 - src.modules.scanner - INFO - Fetched price for ARM: $114.93
2025-03-27 01:24:41,126 - src.modules.scanner - INFO - Generated neutral setup for ARM with 69.7% confidence at $114.93
2025-03-27 01:24:41,127 - src.modules.scanner - INFO - Filtered out ARM setup: confidence=69.7%, trend=neutral
2025-03-27 01:24:41,128 - src.modules.scanner - INFO - Processing LIN... (13/101)
2025-03-27 01:24:41,266 - src.modules.scanner - INFO - Fetched price for LIN: $461.43
2025-03-27 01:24:41,267 - src.modules.scanner - INFO - Generated neutral setup for LIN with 64.2% confidence at $461.43
2025-03-27 01:24:41,267 - src.modules.scanner - INFO - Filtered out LIN setup: confidence=64.2%, trend=neutral
2025-03-27 01:24:41,268 - src.modules.scanner - INFO - Processing CCEP... (14/101)
2025-03-27 01:24:41,384 - src.modules.scanner - INFO - Fetched price for CCEP: $85.37
2025-03-27 01:24:41,385 - src.modules.scanner - INFO - Generated bullish setup for CCEP with 67.1% confidence at $85.37
2025-03-27 01:24:41,386 - src.modules.scanner - INFO - Added CCEP to results
2025-03-27 01:24:41,387 - src.modules.scanner - INFO - Processing DASH... (15/101)
2025-03-27 01:24:41,453 - src.modules.scanner - INFO - Fetched price for DASH: $192.87
2025-03-27 01:24:41,454 - src.modules.scanner - INFO - Generated bearish setup for DASH with 84.2% confidence at $192.87
2025-03-27 01:24:41,455 - src.modules.scanner - INFO - Filtered out DASH setup: confidence=84.2%, trend=bearish
2025-03-27 01:24:41,456 - src.modules.scanner - INFO - Processing MDB... (16/101)
2025-03-27 01:24:41,525 - src.modules.scanner - INFO - Fetched price for MDB: $193.66
2025-03-27 01:24:41,527 - src.modules.scanner - INFO - Generated neutral setup for MDB with 78.0% confidence at $193.66
2025-03-27 01:24:41,527 - src.modules.scanner - INFO - Filtered out MDB setup: confidence=78.0%, trend=neutral
2025-03-27 01:24:41,528 - src.modules.scanner - INFO - Processing ROP... (17/101)
2025-03-27 01:24:41,626 - src.modules.scanner - INFO - Fetched price for ROP: $582.71
2025-03-27 01:24:41,628 - src.modules.scanner - INFO - Generated bearish setup for ROP with 77.4% confidence at $582.71
2025-03-27 01:24:41,628 - src.modules.scanner - INFO - Filtered out ROP setup: confidence=77.4%, trend=bearish
2025-03-27 01:24:41,629 - src.modules.scanner - INFO - Processing TTD... (18/101)
2025-03-27 01:24:41,703 - src.modules.scanner - INFO - Fetched price for TTD: $58.80
2025-03-27 01:24:41,704 - src.modules.scanner - INFO - Generated bearish setup for TTD with 79.2% confidence at $58.80
2025-03-27 01:24:41,705 - src.modules.scanner - INFO - Filtered out TTD setup: confidence=79.2%, trend=bearish
2025-03-27 01:24:41,705 - src.modules.scanner - INFO - Processing ON... (19/101)
2025-03-27 01:24:41,783 - src.modules.scanner - INFO - Fetched price for ON: $45.04
2025-03-27 01:24:41,784 - src.modules.scanner - INFO - Generated neutral setup for ON with 65.7% confidence at $45.04
2025-03-27 01:24:41,785 - src.modules.scanner - INFO - Filtered out ON setup: confidence=65.7%, trend=neutral
2025-03-27 01:24:41,785 - src.modules.scanner - INFO - Processing GEHC... (20/101)
2025-03-27 01:24:41,865 - src.modules.scanner - INFO - Fetched price for GEHC: $81.00
2025-03-27 01:24:41,866 - src.modules.scanner - INFO - Generated neutral setup for GEHC with 92.5% confidence at $81.00
2025-03-27 01:24:41,867 - src.modules.scanner - INFO - Filtered out GEHC setup: confidence=92.5%, trend=neutral
2025-03-27 01:24:41,868 - src.modules.scanner - INFO - Processing BKR... (21/101)
2025-03-27 01:24:41,985 - src.modules.scanner - INFO - Fetched price for BKR: $44.02
2025-03-27 01:24:41,986 - src.modules.scanner - INFO - Generated bearish setup for BKR with 92.4% confidence at $44.02
2025-03-27 01:24:41,987 - src.modules.scanner - INFO - Filtered out BKR setup: confidence=92.4%, trend=bearish
2025-03-27 01:24:41,987 - src.modules.scanner - INFO - Processing FANG... (22/101)
2025-03-27 01:24:42,061 - src.modules.scanner - INFO - Fetched price for FANG: $163.09
2025-03-27 01:24:42,062 - src.modules.scanner - INFO - Generated bullish setup for FANG with 90.9% confidence at $163.09
2025-03-27 01:24:42,063 - src.modules.scanner - INFO - Added FANG to results
2025-03-27 01:24:42,064 - src.modules.scanner - INFO - Processing GFS... (23/101)
2025-03-27 01:24:42,127 - src.modules.scanner - INFO - Fetched price for GFS: $38.75
2025-03-27 01:24:42,129 - src.modules.scanner - INFO - Generated bullish setup for GFS with 68.4% confidence at $38.75
2025-03-27 01:24:42,129 - src.modules.scanner - INFO - Added GFS to results
2025-03-27 01:24:42,130 - src.modules.scanner - INFO - Processing WBD... (24/101)
2025-03-27 01:24:42,195 - src.modules.scanner - INFO - Fetched price for WBD: $11.03
2025-03-27 01:24:42,196 - src.modules.scanner - INFO - Generated bearish setup for WBD with 78.9% confidence at $11.03
2025-03-27 01:24:42,197 - src.modules.scanner - INFO - Filtered out WBD setup: confidence=78.9%, trend=bearish
2025-03-27 01:24:42,198 - src.modules.scanner - INFO - Processing AZN... (25/101)
2025-03-27 01:24:42,338 - src.modules.scanner - INFO - Fetched price for AZN: $72.72
2025-03-27 01:24:42,339 - src.modules.scanner - INFO - Generated bearish setup for AZN with 67.2% confidence at $72.72
2025-03-27 01:24:42,340 - src.modules.scanner - INFO - Filtered out AZN setup: confidence=67.2%, trend=bearish
2025-03-27 01:24:42,340 - src.modules.scanner - INFO - Processing CEG... (26/101)
2025-03-27 01:24:42,406 - src.modules.scanner - INFO - Fetched price for CEG: $216.97
2025-03-27 01:24:42,407 - src.modules.scanner - INFO - Generated bearish setup for CEG with 81.9% confidence at $216.97
2025-03-27 01:24:42,408 - src.modules.scanner - INFO - Filtered out CEG setup: confidence=81.9%, trend=bearish
2025-03-27 01:24:42,408 - src.modules.scanner - INFO - Processing ODFL... (27/101)
2025-03-27 01:24:42,487 - src.modules.scanner - INFO - Fetched price for ODFL: $168.67
2025-03-27 01:24:42,488 - src.modules.scanner - INFO - Generated bullish setup for ODFL with 82.9% confidence at $168.67
2025-03-27 01:24:42,490 - src.modules.scanner - INFO - Added ODFL to results
2025-03-27 01:24:42,490 - src.modules.scanner - INFO - Processing TEAM... (28/101)
2025-03-27 01:24:42,560 - src.modules.scanner - INFO - Fetched price for TEAM: $229.65
2025-03-27 01:24:42,561 - src.modules.scanner - INFO - Generated bearish setup for TEAM with 82.9% confidence at $229.65
2025-03-27 01:24:42,562 - src.modules.scanner - INFO - Filtered out TEAM setup: confidence=82.9%, trend=bearish
2025-03-27 01:24:42,563 - src.modules.scanner - INFO - Processing ABNB... (29/101)
2025-03-27 01:24:42,634 - src.modules.scanner - INFO - Fetched price for ABNB: $128.64
2025-03-27 01:24:42,635 - src.modules.scanner - INFO - Generated neutral setup for ABNB with 79.9% confidence at $128.64
2025-03-27 01:24:42,636 - src.modules.scanner - INFO - Filtered out ABNB setup: confidence=79.9%, trend=neutral
2025-03-27 01:24:42,636 - src.modules.scanner - INFO - Processing FTNT... (30/101)
2025-03-27 01:24:42,704 - src.modules.scanner - INFO - Fetched price for FTNT: $101.01
2025-03-27 01:24:42,705 - src.modules.scanner - INFO - Generated neutral setup for FTNT with 89.7% confidence at $101.01
2025-03-27 01:24:42,706 - src.modules.scanner - INFO - Filtered out FTNT setup: confidence=89.7%, trend=neutral
2025-03-27 01:24:42,707 - src.modules.scanner - INFO - Processing PANW... (31/101)
2025-03-27 01:24:42,778 - src.modules.scanner - INFO - Fetched price for PANW: $184.96
2025-03-27 01:24:42,779 - src.modules.scanner - INFO - Generated neutral setup for PANW with 84.4% confidence at $184.96
2025-03-27 01:24:42,780 - src.modules.scanner - INFO - Filtered out PANW setup: confidence=84.4%, trend=neutral
2025-03-27 01:24:42,781 - src.modules.scanner - INFO - Processing ZS... (32/101)
2025-03-27 01:24:42,854 - src.modules.scanner - INFO - Fetched price for ZS: $211.55
2025-03-27 01:24:42,855 - src.modules.scanner - INFO - Generated bullish setup for ZS with 83.6% confidence at $211.55
2025-03-27 01:24:42,856 - src.modules.scanner - INFO - Added ZS to results
2025-03-27 01:24:42,857 - src.modules.scanner - INFO - Processing DDOG... (33/101)
2025-03-27 01:24:42,929 - src.modules.scanner - INFO - Fetched price for DDOG: $107.97
2025-03-27 01:24:42,930 - src.modules.scanner - INFO - Generated bullish setup for DDOG with 68.9% confidence at $107.97
2025-03-27 01:24:42,931 - src.modules.scanner - INFO - Added DDOG to results
2025-03-27 01:24:42,931 - src.modules.scanner - INFO - Processing CRWD... (34/101)
2025-03-27 01:24:43,011 - src.modules.scanner - INFO - Fetched price for CRWD: $371.41
2025-03-27 01:24:43,012 - src.modules.scanner - INFO - Generated neutral setup for CRWD with 87.4% confidence at $371.41
2025-03-27 01:24:43,013 - src.modules.scanner - INFO - Filtered out CRWD setup: confidence=87.4%, trend=neutral
2025-03-27 01:24:43,014 - src.modules.scanner - INFO - Processing HON... (35/101)
2025-03-27 01:24:43,197 - src.modules.scanner - INFO - Fetched price for HON: $213.12
2025-03-27 01:24:43,198 - src.modules.scanner - INFO - Generated neutral setup for HON with 69.1% confidence at $213.12
2025-03-27 01:24:43,199 - src.modules.scanner - INFO - Filtered out HON setup: confidence=69.1%, trend=neutral
2025-03-27 01:24:43,200 - src.modules.scanner - INFO - Processing AEP... (36/101)
2025-03-27 01:24:43,342 - src.modules.scanner - INFO - Fetched price for AEP: $103.90
2025-03-27 01:24:43,342 - src.modules.scanner - INFO - Generated bearish setup for AEP with 75.1% confidence at $103.90
2025-03-27 01:24:43,343 - src.modules.scanner - INFO - Filtered out AEP setup: confidence=75.1%, trend=bearish
2025-03-27 01:24:43,344 - src.modules.scanner - INFO - Processing NFLX... (37/101)
2025-03-27 01:24:43,415 - src.modules.scanner - INFO - Fetched price for NFLX: $970.65
2025-03-27 01:24:43,416 - src.modules.scanner - INFO - Generated bearish setup for NFLX with 82.1% confidence at $970.65
2025-03-27 01:24:43,416 - src.modules.scanner - INFO - Filtered out NFLX setup: confidence=82.1%, trend=bearish
2025-03-27 01:24:43,417 - src.modules.scanner - INFO - Processing KDP... (38/101)
2025-03-27 01:24:43,506 - src.modules.scanner - INFO - Fetched price for KDP: $34.06
2025-03-27 01:24:43,507 - src.modules.scanner - INFO - Generated bearish setup for KDP with 82.5% confidence at $34.06
2025-03-27 01:24:43,508 - src.modules.scanner - INFO - Filtered out KDP setup: confidence=82.5%, trend=bearish
2025-03-27 01:24:43,508 - src.modules.scanner - INFO - Processing PDD... (39/101)
2025-03-27 01:24:43,578 - src.modules.scanner - INFO - Fetched price for PDD: $122.47
2025-03-27 01:24:43,579 - src.modules.scanner - INFO - Generated bearish setup for PDD with 65.5% confidence at $122.47
2025-03-27 01:24:43,580 - src.modules.scanner - INFO - Filtered out PDD setup: confidence=65.5%, trend=bearish
2025-03-27 01:24:43,581 - src.modules.scanner - INFO - Processing DXCM... (40/101)
2025-03-27 01:24:43,657 - src.modules.scanner - INFO - Fetched price for DXCM: $72.13
2025-03-27 01:24:43,657 - src.modules.scanner - INFO - Generated neutral setup for DXCM with 71.8% confidence at $72.13
2025-03-27 01:24:43,658 - src.modules.scanner - INFO - Filtered out DXCM setup: confidence=71.8%, trend=neutral
2025-03-27 01:24:43,659 - src.modules.scanner - INFO - Processing ANSS... (41/101)
2025-03-27 01:24:43,728 - src.modules.scanner - INFO - Fetched price for ANSS: $323.34
2025-03-27 01:24:43,729 - src.modules.scanner - INFO - Generated neutral setup for ANSS with 66.3% confidence at $323.34
2025-03-27 01:24:43,731 - src.modules.scanner - INFO - Filtered out ANSS setup: confidence=66.3%, trend=neutral
2025-03-27 01:24:43,732 - src.modules.scanner - INFO - Processing CDW... (42/101)
2025-03-27 01:24:43,820 - src.modules.scanner - INFO - Fetched price for CDW: $167.33
2025-03-27 01:24:43,821 - src.modules.scanner - INFO - Generated bullish setup for CDW with 60.6% confidence at $167.33
2025-03-27 01:24:43,822 - src.modules.scanner - INFO - Added CDW to results
2025-03-27 01:24:43,822 - src.modules.scanner - INFO - Processing CPRT... (43/101)
2025-03-27 01:24:43,890 - src.modules.scanner - INFO - Fetched price for CPRT: $55.07
2025-03-27 01:24:43,891 - src.modules.scanner - INFO - Generated bearish setup for CPRT with 74.0% confidence at $55.07
2025-03-27 01:24:43,892 - src.modules.scanner - INFO - Filtered out CPRT setup: confidence=74.0%, trend=bearish
2025-03-27 01:24:43,893 - src.modules.scanner - INFO - Processing CSGP... (44/101)
2025-03-27 01:24:43,965 - src.modules.scanner - INFO - Fetched price for CSGP: $80.37
2025-03-27 01:24:43,967 - src.modules.scanner - INFO - Generated neutral setup for CSGP with 65.2% confidence at $80.37
2025-03-27 01:24:43,968 - src.modules.scanner - INFO - Filtered out CSGP setup: confidence=65.2%, trend=neutral
2025-03-27 01:24:43,968 - src.modules.scanner - INFO - Processing EXC... (45/101)
2025-03-27 01:24:44,089 - src.modules.scanner - INFO - Fetched price for EXC: $44.02
2025-03-27 01:24:44,090 - src.modules.scanner - INFO - Generated neutral setup for EXC with 77.2% confidence at $44.02
2025-03-27 01:24:44,091 - src.modules.scanner - INFO - Filtered out EXC setup: confidence=77.2%, trend=neutral
2025-03-27 01:24:44,092 - src.modules.scanner - INFO - Processing AMD... (46/101)
2025-03-27 01:24:44,159 - src.modules.scanner - INFO - Fetched price for AMD: $110.19
2025-03-27 01:24:44,160 - src.modules.scanner - INFO - Generated bearish setup for AMD with 62.9% confidence at $110.19
2025-03-27 01:24:44,161 - src.modules.scanner - INFO - Filtered out AMD setup: confidence=62.9%, trend=bearish
2025-03-27 01:24:44,162 - src.modules.scanner - INFO - Processing LULU... (47/101)
2025-03-27 01:24:44,235 - src.modules.scanner - INFO - Fetched price for LULU: $337.79
2025-03-27 01:24:44,237 - src.modules.scanner - INFO - Generated bullish setup for LULU with 60.4% confidence at $337.79
2025-03-27 01:24:44,238 - src.modules.scanner - INFO - Added LULU to results
2025-03-27 01:24:44,239 - src.modules.scanner - INFO - Processing XEL... (48/101)
2025-03-27 01:24:44,378 - src.modules.scanner - INFO - Fetched price for XEL: $68.92
2025-03-27 01:24:44,379 - src.modules.scanner - INFO - Generated bearish setup for XEL with 66.7% confidence at $68.92
2025-03-27 01:24:44,380 - src.modules.scanner - INFO - Filtered out XEL setup: confidence=66.7%, trend=bearish
2025-03-27 01:24:44,381 - src.modules.scanner - INFO - Processing PEP... (49/101)
2025-03-27 01:24:44,520 - src.modules.scanner - INFO - Fetched price for PEP: $148.64
2025-03-27 01:24:44,521 - src.modules.scanner - INFO - Generated bullish setup for PEP with 65.7% confidence at $148.64
2025-03-27 01:24:44,522 - src.modules.scanner - INFO - Added PEP to results
2025-03-27 01:24:44,523 - src.modules.scanner - INFO - Processing ASML... (50/101)
2025-03-27 01:24:44,603 - src.modules.scanner - INFO - Fetched price for ASML: $705.76
2025-03-27 01:24:44,604 - src.modules.scanner - INFO - Generated neutral setup for ASML with 74.2% confidence at $705.76
2025-03-27 01:24:44,605 - src.modules.scanner - INFO - Filtered out ASML setup: confidence=74.2%, trend=neutral
2025-03-27 01:24:44,661 - src.modules.scanner - INFO - Fetched price for ASML: $705.76
2025-03-27 01:24:44,662 - src.modules.market_context - INFO - Fetching data for ASML
2025-03-27 01:24:45,012 - src.modules.key_levels - INFO - Fetching options data for ASML
2025-03-27 01:24:45,453 - src.modules.scanner - INFO - Filtered out ASML setup: confidence=74.2%, trend=neutral
2025-03-27 01:24:45,454 - src.modules.scanner - INFO - Processing SNPS... (51/101)
2025-03-27 01:24:45,520 - src.modules.scanner - INFO - Fetched price for SNPS: $449.90
2025-03-27 01:24:45,521 - src.modules.scanner - INFO - Generated bearish setup for SNPS with 65.2% confidence at $449.90
2025-03-27 01:24:45,522 - src.modules.scanner - INFO - Filtered out SNPS setup: confidence=65.2%, trend=bearish
2025-03-27 01:24:45,522 - src.modules.scanner - INFO - Processing TTWO... (52/101)
2025-03-27 01:24:45,593 - src.modules.scanner - INFO - Fetched price for TTWO: $215.89
2025-03-27 01:24:45,594 - src.modules.scanner - INFO - Generated neutral setup for TTWO with 64.4% confidence at $215.89
2025-03-27 01:24:45,595 - src.modules.scanner - INFO - Filtered out TTWO setup: confidence=64.4%, trend=neutral
2025-03-27 01:24:45,596 - src.modules.scanner - INFO - Processing WDAY... (53/101)
2025-03-27 01:24:45,669 - src.modules.scanner - INFO - Fetched price for WDAY: $250.79
2025-03-27 01:24:45,669 - src.modules.scanner - INFO - Generated neutral setup for WDAY with 70.5% confidence at $250.79
2025-03-27 01:24:45,670 - src.modules.scanner - INFO - Filtered out WDAY setup: confidence=70.5%, trend=neutral
2025-03-27 01:24:45,671 - src.modules.scanner - INFO - Processing MELI... (54/101)
2025-03-27 01:24:45,744 - src.modules.scanner - INFO - Fetched price for MELI: $2074.97
2025-03-27 01:24:45,745 - src.modules.scanner - INFO - Generated bullish setup for MELI with 89.7% confidence at $2074.97
2025-03-27 01:24:45,746 - src.modules.scanner - INFO - Added MELI to results
2025-03-27 01:24:45,746 - src.modules.scanner - INFO - Processing IDXX... (55/101)
2025-03-27 01:24:45,817 - src.modules.scanner - INFO - Fetched price for IDXX: $417.71
2025-03-27 01:24:45,818 - src.modules.scanner - INFO - Generated neutral setup for IDXX with 75.0% confidence at $417.71
2025-03-27 01:24:45,819 - src.modules.scanner - INFO - Filtered out IDXX setup: confidence=75.0%, trend=neutral
2025-03-27 01:24:45,819 - src.modules.scanner - INFO - Processing CSX... (56/101)
2025-03-27 01:24:45,953 - src.modules.scanner - INFO - Fetched price for CSX: $29.90
2025-03-27 01:24:45,954 - src.modules.scanner - INFO - Generated neutral setup for CSX with 64.2% confidence at $29.90
2025-03-27 01:24:45,955 - src.modules.scanner - INFO - Filtered out CSX setup: confidence=64.2%, trend=neutral
2025-03-27 01:24:45,956 - src.modules.scanner - INFO - Processing TMUS... (57/101)
2025-03-27 01:24:46,033 - src.modules.scanner - INFO - Fetched price for TMUS: $262.51
2025-03-27 01:24:46,034 - src.modules.scanner - INFO - Generated bearish setup for TMUS with 81.7% confidence at $262.51
2025-03-27 01:24:46,035 - src.modules.scanner - INFO - Filtered out TMUS setup: confidence=81.7%, trend=bearish
2025-03-27 01:24:46,036 - src.modules.scanner - INFO - Processing PYPL... (58/101)
2025-03-27 01:24:46,120 - src.modules.scanner - INFO - Fetched price for PYPL: $69.97
2025-03-27 01:24:46,122 - src.modules.scanner - INFO - Generated bearish setup for PYPL with 91.1% confidence at $69.97
2025-03-27 01:24:46,123 - src.modules.scanner - INFO - Filtered out PYPL setup: confidence=91.1%, trend=bearish
2025-03-27 01:24:46,124 - src.modules.scanner - INFO - Processing KHC... (59/101)
2025-03-27 01:24:46,201 - src.modules.scanner - INFO - Fetched price for KHC: $29.69
2025-03-27 01:24:46,202 - src.modules.scanner - INFO - Generated bullish setup for KHC with 76.2% confidence at $29.69
2025-03-27 01:24:46,203 - src.modules.scanner - INFO - Added KHC to results
2025-03-27 01:24:46,204 - src.modules.scanner - INFO - Processing GOOG... (60/101)
2025-03-27 01:24:46,282 - src.modules.scanner - INFO - Fetched price for GOOG: $167.14
2025-03-27 01:24:46,283 - src.modules.scanner - INFO - Generated neutral setup for GOOG with 65.6% confidence at $167.14
2025-03-27 01:24:46,284 - src.modules.scanner - INFO - Filtered out GOOG setup: confidence=65.6%, trend=neutral
2025-03-27 01:24:46,285 - src.modules.scanner - INFO - Processing NXPI... (61/101)
2025-03-27 01:24:46,359 - src.modules.scanner - INFO - Fetched price for NXPI: $205.75
2025-03-27 01:24:46,360 - src.modules.scanner - INFO - Generated bearish setup for NXPI with 71.9% confidence at $205.75
2025-03-27 01:24:46,361 - src.modules.scanner - INFO - Filtered out NXPI setup: confidence=71.9%, trend=bearish
2025-03-27 01:24:46,361 - src.modules.scanner - INFO - Processing MAR... (62/101)
2025-03-27 01:24:46,470 - src.modules.scanner - INFO - Fetched price for MAR: $246.72
2025-03-27 01:24:46,471 - src.modules.scanner - INFO - Generated bearish setup for MAR with 61.0% confidence at $246.72
2025-03-27 01:24:46,472 - src.modules.scanner - INFO - Filtered out MAR setup: confidence=61.0%, trend=bearish
2025-03-27 01:24:46,473 - src.modules.scanner - INFO - Processing CHTR... (63/101)
2025-03-27 01:24:46,539 - src.modules.scanner - INFO - Fetched price for CHTR: $384.77
2025-03-27 01:24:46,540 - src.modules.scanner - INFO - Generated bearish setup for CHTR with 76.9% confidence at $384.77
2025-03-27 01:24:46,541 - src.modules.scanner - INFO - Filtered out CHTR setup: confidence=76.9%, trend=bearish
2025-03-27 01:24:46,542 - src.modules.scanner - INFO - Processing TSLA... (64/101)
2025-03-27 01:24:46,613 - src.modules.scanner - INFO - Fetched price for TSLA: $272.06
2025-03-27 01:24:46,614 - src.modules.scanner - INFO - Generated bullish setup for TSLA with 74.9% confidence at $272.06
2025-03-27 01:24:46,615 - src.modules.scanner - INFO - Added TSLA to results
2025-03-27 01:24:46,616 - src.modules.scanner - INFO - Processing EA... (65/101)
2025-03-27 01:24:46,709 - src.modules.scanner - INFO - Fetched price for EA: $145.19
2025-03-27 01:24:46,710 - src.modules.scanner - INFO - Generated bearish setup for EA with 67.4% confidence at $145.19
2025-03-27 01:24:46,711 - src.modules.scanner - INFO - Filtered out EA setup: confidence=67.4%, trend=bearish
2025-03-27 01:24:46,711 - src.modules.scanner - INFO - Processing MRVL... (66/101)
2025-03-27 01:24:46,799 - src.modules.scanner - INFO - Fetched price for MRVL: $66.76
2025-03-27 01:24:46,800 - src.modules.scanner - INFO - Generated bullish setup for MRVL with 62.1% confidence at $66.76
2025-03-27 01:24:46,802 - src.modules.scanner - INFO - Added MRVL to results
2025-03-27 01:24:46,802 - src.modules.scanner - INFO - Processing REGN... (67/101)
2025-03-27 01:24:46,871 - src.modules.scanner - INFO - Fetched price for REGN: $640.14
2025-03-27 01:24:46,872 - src.modules.scanner - INFO - Generated bullish setup for REGN with 61.9% confidence at $640.14
2025-03-27 01:24:46,873 - src.modules.scanner - INFO - Added REGN to results
2025-03-27 01:24:46,874 - src.modules.scanner - INFO - Processing VRSK... (68/101)
2025-03-27 01:24:46,952 - src.modules.scanner - INFO - Fetched price for VRSK: $292.03
2025-03-27 01:24:46,953 - src.modules.scanner - INFO - Generated bullish setup for VRSK with 75.2% confidence at $292.03
2025-03-27 01:24:46,954 - src.modules.scanner - INFO - Added VRSK to results
2025-03-27 01:24:46,955 - src.modules.scanner - INFO - Processing META... (69/101)
2025-03-27 01:24:47,029 - src.modules.scanner - INFO - Fetched price for META: $610.98
2025-03-27 01:24:47,031 - src.modules.scanner - INFO - Generated bullish setup for META with 72.0% confidence at $610.98
2025-03-27 01:24:47,031 - src.modules.scanner - INFO - Added META to results
2025-03-27 01:24:47,032 - src.modules.scanner - INFO - Processing ADI... (70/101)
2025-03-27 01:24:47,123 - src.modules.scanner - INFO - Fetched price for ADI: $210.53
2025-03-27 01:24:47,124 - src.modules.scanner - INFO - Generated neutral setup for ADI with 69.5% confidence at $210.53
2025-03-27 01:24:47,125 - src.modules.scanner - INFO - Filtered out ADI setup: confidence=69.5%, trend=neutral
2025-03-27 01:24:47,126 - src.modules.scanner - INFO - Processing MDLZ... (71/101)
2025-03-27 01:24:47,231 - src.modules.scanner - INFO - Fetched price for MDLZ: $66.33
2025-03-27 01:24:47,232 - src.modules.scanner - INFO - Generated bullish setup for MDLZ with 82.1% confidence at $66.33
2025-03-27 01:24:47,233 - src.modules.scanner - INFO - Added MDLZ to results
2025-03-27 01:24:47,233 - src.modules.scanner - INFO - Processing TXN... (72/101)
2025-03-27 01:24:47,445 - src.modules.scanner - INFO - Fetched price for TXN: $184.49
2025-03-27 01:24:47,446 - src.modules.scanner - INFO - Generated bearish setup for TXN with 78.4% confidence at $184.49
2025-03-27 01:24:47,446 - src.modules.scanner - INFO - Filtered out TXN setup: confidence=78.4%, trend=bearish
2025-03-27 01:24:47,447 - src.modules.scanner - INFO - Processing AVGO... (73/101)
2025-03-27 01:24:47,548 - src.modules.scanner - INFO - Fetched price for AVGO: $179.27
2025-03-27 01:24:47,549 - src.modules.scanner - INFO - Generated neutral setup for AVGO with 83.1% confidence at $179.27
2025-03-27 01:24:47,549 - src.modules.scanner - INFO - Filtered out AVGO setup: confidence=83.1%, trend=neutral
2025-03-27 01:24:47,550 - src.modules.scanner - INFO - Processing BKNG... (74/101)
2025-03-27 01:24:47,618 - src.modules.scanner - INFO - Fetched price for BKNG: $4764.16
2025-03-27 01:24:47,619 - src.modules.scanner - INFO - Generated bearish setup for BKNG with 62.5% confidence at $4764.16
2025-03-27 01:24:47,619 - src.modules.scanner - INFO - Filtered out BKNG setup: confidence=62.5%, trend=bearish
2025-03-27 01:24:47,620 - src.modules.scanner - INFO - Processing ADP... (75/101)
2025-03-27 01:24:47,735 - src.modules.scanner - INFO - Fetched price for ADP: $302.41
2025-03-27 01:24:47,736 - src.modules.scanner - INFO - Generated bearish setup for ADP with 91.8% confidence at $302.41
2025-03-27 01:24:47,737 - src.modules.scanner - INFO - Filtered out ADP setup: confidence=91.8%, trend=bearish
2025-03-27 01:24:47,737 - src.modules.scanner - INFO - Processing ORLY... (76/101)
2025-03-27 01:24:47,817 - src.modules.scanner - INFO - Fetched price for ORLY: $1380.98
2025-03-27 01:24:47,818 - src.modules.scanner - INFO - Generated bullish setup for ORLY with 70.2% confidence at $1380.98
2025-03-27 01:24:47,819 - src.modules.scanner - INFO - Added ORLY to results
2025-03-27 01:24:47,819 - src.modules.scanner - INFO - Processing ROST... (77/101)
2025-03-27 01:24:47,949 - src.modules.scanner - INFO - Fetched price for ROST: $127.70
2025-03-27 01:24:47,950 - src.modules.scanner - INFO - Generated bullish setup for ROST with 83.1% confidence at $127.70
2025-03-27 01:24:47,951 - src.modules.scanner - INFO - Added ROST to results
2025-03-27 01:24:47,951 - src.modules.scanner - INFO - Processing MNST... (78/101)
2025-03-27 01:24:48,035 - src.modules.scanner - INFO - Fetched price for MNST: $57.76
2025-03-27 01:24:48,036 - src.modules.scanner - INFO - Generated neutral setup for MNST with 63.2% confidence at $57.76
2025-03-27 01:24:48,037 - src.modules.scanner - INFO - Filtered out MNST setup: confidence=63.2%, trend=neutral
2025-03-27 01:24:48,038 - src.modules.scanner - INFO - Processing VRTX... (79/101)
2025-03-27 01:24:48,114 - src.modules.scanner - INFO - Fetched price for VRTX: $500.28
2025-03-27 01:24:48,115 - src.modules.scanner - INFO - Generated neutral setup for VRTX with 93.3% confidence at $500.28
2025-03-27 01:24:48,116 - src.modules.scanner - INFO - Filtered out VRTX setup: confidence=93.3%, trend=neutral
2025-03-27 01:24:48,116 - src.modules.scanner - INFO - Processing ISRG... (80/101)
2025-03-27 01:24:48,194 - src.modules.scanner - INFO - Fetched price for ISRG: $509.03
2025-03-27 01:24:48,196 - src.modules.scanner - INFO - Generated bearish setup for ISRG with 93.5% confidence at $509.03
2025-03-27 01:24:48,196 - src.modules.scanner - INFO - Filtered out ISRG setup: confidence=93.5%, trend=bearish
2025-03-27 01:24:48,197 - src.modules.scanner - INFO - Processing CDNS... (81/101)
2025-03-27 01:24:48,275 - src.modules.scanner - INFO - Fetched price for CDNS: $263.41
2025-03-27 01:24:48,276 - src.modules.scanner - INFO - Generated neutral setup for CDNS with 88.8% confidence at $263.41
2025-03-27 01:24:48,277 - src.modules.scanner - INFO - Filtered out CDNS setup: confidence=88.8%, trend=neutral
2025-03-27 01:24:48,278 - src.modules.scanner - INFO - Processing GOOGL... (82/101)
2025-03-27 01:24:48,369 - src.modules.scanner - INFO - Fetched price for GOOGL: $165.06
2025-03-27 01:24:48,370 - src.modules.scanner - INFO - Generated neutral setup for GOOGL with 61.5% confidence at $165.06
2025-03-27 01:24:48,371 - src.modules.scanner - INFO - Filtered out GOOGL setup: confidence=61.5%, trend=neutral
2025-03-27 01:24:48,372 - src.modules.scanner - INFO - Processing CTSH... (83/101)
2025-03-27 01:24:48,487 - src.modules.scanner - INFO - Fetched price for CTSH: $77.85
2025-03-27 01:24:48,488 - src.modules.scanner - INFO - Generated neutral setup for CTSH with 81.6% confidence at $77.85
2025-03-27 01:24:48,489 - src.modules.scanner - INFO - Filtered out CTSH setup: confidence=81.6%, trend=neutral
2025-03-27 01:24:48,490 - src.modules.scanner - INFO - Processing ADSK... (84/101)
2025-03-27 01:24:48,596 - src.modules.scanner - INFO - Fetched price for ADSK: $271.21
2025-03-27 01:24:48,598 - src.modules.scanner - INFO - Generated neutral setup for ADSK with 72.1% confidence at $271.21
2025-03-27 01:24:48,598 - src.modules.scanner - INFO - Filtered out ADSK setup: confidence=72.1%, trend=neutral
2025-03-27 01:24:48,599 - src.modules.scanner - INFO - Processing AMGN... (85/101)
2025-03-27 01:24:48,690 - src.modules.scanner - INFO - Fetched price for AMGN: $305.71
2025-03-27 01:24:48,691 - src.modules.scanner - INFO - Generated bearish setup for AMGN with 81.8% confidence at $305.71
2025-03-27 01:24:48,691 - src.modules.scanner - INFO - Filtered out AMGN setup: confidence=81.8%, trend=bearish
2025-03-27 01:24:48,691 - src.modules.scanner - INFO - Processing LRCX... (86/101)
2025-03-27 01:24:48,771 - src.modules.scanner - INFO - Fetched price for LRCX: $76.14
2025-03-27 01:24:48,772 - src.modules.scanner - INFO - Generated neutral setup for LRCX with 61.8% confidence at $76.14
2025-03-27 01:24:48,773 - src.modules.scanner - INFO - Filtered out LRCX setup: confidence=61.8%, trend=neutral
2025-03-27 01:24:48,773 - src.modules.scanner - INFO - Processing CMCSA... (87/101)
2025-03-27 01:24:48,903 - src.modules.scanner - INFO - Fetched price for CMCSA: $37.37
2025-03-27 01:24:48,904 - src.modules.scanner - INFO - Generated bearish setup for CMCSA with 74.6% confidence at $37.37
2025-03-27 01:24:48,905 - src.modules.scanner - INFO - Filtered out CMCSA setup: confidence=74.6%, trend=bearish
2025-03-27 01:24:48,906 - src.modules.scanner - INFO - Processing GILD... (88/101)
2025-03-27 01:24:48,989 - src.modules.scanner - INFO - Fetched price for GILD: $109.27
2025-03-27 01:24:48,990 - src.modules.scanner - INFO - Generated bearish setup for GILD with 88.9% confidence at $109.27
2025-03-27 01:24:48,991 - src.modules.scanner - INFO - Filtered out GILD setup: confidence=88.9%, trend=bearish
2025-03-27 01:24:48,992 - src.modules.scanner - INFO - Processing NVDA... (89/101)
2025-03-27 01:24:49,077 - src.modules.scanner - INFO - Fetched price for NVDA: $113.76
2025-03-27 01:24:49,078 - src.modules.scanner - INFO - Generated bearish setup for NVDA with 70.3% confidence at $113.76
2025-03-27 01:24:49,079 - src.modules.scanner - INFO - Filtered out NVDA setup: confidence=70.3%, trend=bearish
2025-03-27 01:24:49,079 - src.modules.scanner - INFO - Processing AMZN... (90/101)
2025-03-27 01:24:49,159 - src.modules.scanner - INFO - Fetched price for AMZN: $201.13
2025-03-27 01:24:49,160 - src.modules.scanner - INFO - Generated bearish setup for AMZN with 69.9% confidence at $201.13
2025-03-27 01:24:49,161 - src.modules.scanner - INFO - Filtered out AMZN setup: confidence=69.9%, trend=bearish
2025-03-27 01:24:49,162 - src.modules.scanner - INFO - Processing MCHP... (91/101)
2025-03-27 01:24:49,272 - src.modules.scanner - INFO - Fetched price for MCHP: $52.17
2025-03-27 01:24:49,273 - src.modules.scanner - INFO - Generated neutral setup for MCHP with 72.4% confidence at $52.17
2025-03-27 01:24:49,273 - src.modules.scanner - INFO - Filtered out MCHP setup: confidence=72.4%, trend=neutral
2025-03-27 01:24:49,274 - src.modules.scanner - INFO - Processing SBUX... (92/101)
2025-03-27 01:24:49,363 - src.modules.scanner - INFO - Fetched price for SBUX: $97.97
2025-03-27 01:24:49,364 - src.modules.scanner - INFO - Generated bearish setup for SBUX with 65.6% confidence at $97.97
2025-03-27 01:24:49,365 - src.modules.scanner - INFO - Filtered out SBUX setup: confidence=65.6%, trend=bearish
2025-03-27 01:24:49,366 - src.modules.scanner - INFO - Processing MU... (93/101)
2025-03-27 01:24:49,486 - src.modules.scanner - INFO - Fetched price for MU: $92.13
2025-03-27 01:24:49,487 - src.modules.scanner - INFO - Generated bullish setup for MU with 72.7% confidence at $92.13
2025-03-27 01:24:49,488 - src.modules.scanner - INFO - Added MU to results
2025-03-27 01:24:49,489 - src.modules.scanner - INFO - Processing INTU... (94/101)
2025-03-27 01:24:49,581 - src.modules.scanner - INFO - Fetched price for INTU: $614.86
2025-03-27 01:24:49,582 - src.modules.scanner - INFO - Generated bearish setup for INTU with 82.9% confidence at $614.86
2025-03-27 01:24:49,583 - src.modules.scanner - INFO - Filtered out INTU setup: confidence=82.9%, trend=bearish
2025-03-27 01:24:49,584 - src.modules.scanner - INFO - Processing BIIB... (95/101)
2025-03-27 01:24:49,668 - src.modules.scanner - INFO - Fetched price for BIIB: $142.43
2025-03-27 01:24:49,670 - src.modules.scanner - INFO - Generated neutral setup for BIIB with 77.1% confidence at $142.43
2025-03-27 01:24:49,671 - src.modules.scanner - INFO - Filtered out BIIB setup: confidence=77.1%, trend=neutral
2025-03-27 01:24:49,671 - src.modules.scanner - INFO - Processing AAPL... (96/101)
2025-03-27 01:24:49,796 - src.modules.scanner - INFO - Fetched price for AAPL: $221.53
2025-03-27 01:24:49,797 - src.modules.scanner - INFO - Generated bullish setup for AAPL with 83.8% confidence at $221.53
2025-03-27 01:24:49,798 - src.modules.scanner - INFO - Added AAPL to results
2025-03-27 01:24:49,798 - src.modules.scanner - INFO - Processing COST... (97/101)
2025-03-27 01:24:49,898 - src.modules.scanner - INFO - Fetched price for COST: $929.75
2025-03-27 01:24:49,899 - src.modules.scanner - INFO - Generated bearish setup for COST with 64.2% confidence at $929.75
2025-03-27 01:24:49,899 - src.modules.scanner - INFO - Filtered out COST setup: confidence=64.2%, trend=bearish
2025-03-27 01:24:49,900 - src.modules.scanner - INFO - Processing CTAS... (98/101)
2025-03-27 01:24:50,010 - src.modules.scanner - INFO - Fetched price for CTAS: $204.71
2025-03-27 01:24:50,011 - src.modules.scanner - INFO - Generated bearish setup for CTAS with 67.1% confidence at $204.71
2025-03-27 01:24:50,012 - src.modules.scanner - INFO - Filtered out CTAS setup: confidence=67.1%, trend=bearish
2025-03-27 01:24:50,013 - src.modules.scanner - INFO - Processing INTC... (99/101)
2025-03-27 01:24:50,132 - src.modules.scanner - INFO - Fetched price for INTC: $23.42
2025-03-27 01:24:50,133 - src.modules.scanner - INFO - Generated neutral setup for INTC with 79.7% confidence at $23.42
2025-03-27 01:24:50,134 - src.modules.scanner - INFO - Filtered out INTC setup: confidence=79.7%, trend=neutral
2025-03-27 01:24:50,135 - src.modules.scanner - INFO - Processing KLAC... (100/101)
2025-03-27 01:24:50,229 - src.modules.scanner - INFO - Fetched price for KLAC: $705.54
2025-03-27 01:24:50,230 - src.modules.scanner - INFO - Generated bearish setup for KLAC with 67.5% confidence at $705.54
2025-03-27 01:24:50,231 - src.modules.scanner - INFO - Filtered out KLAC setup: confidence=67.5%, trend=bearish
2025-03-27 01:24:50,287 - src.modules.scanner - INFO - Fetched price for KLAC: $705.54
2025-03-27 01:24:50,288 - src.modules.market_context - INFO - Fetching data for KLAC
2025-03-27 01:24:50,595 - src.modules.key_levels - INFO - Fetching options data for KLAC
2025-03-27 01:24:50,971 - src.modules.scanner - INFO - Filtered out KLAC setup: confidence=67.5%, trend=bearish
2025-03-27 01:24:50,972 - src.modules.scanner - INFO - Processing PCAR... (101/101)
2025-03-27 01:24:51,096 - src.modules.scanner - INFO - Fetched price for PCAR: $99.53
2025-03-27 01:24:51,097 - src.modules.scanner - INFO - Generated bullish setup for PCAR with 91.6% confidence at $99.53
2025-03-27 01:24:51,098 - src.modules.scanner - INFO - Added PCAR to results
2025-03-27 01:24:51,154 - src.modules.scanner - INFO - Fetched price for PCAR: $99.53
2025-03-27 01:24:51,155 - src.modules.market_context - INFO - Fetching data for PCAR
2025-03-27 01:24:51,489 - src.modules.key_levels - INFO - Fetching options data for PCAR
2025-03-27 01:24:51,878 - src.modules.scanner - INFO - Filtered out PCAR setup: confidence=91.6%, trend=bullish
2025-03-27 01:24:51,879 - src.modules.scanner - INFO - Pre-filter results count: 25
2025-03-27 01:24:51,880 - src.modules.scanner - INFO - Post-filter results count: 25
2025-03-27 01:24:51,890 - src.modules.scanner - INFO - Results saved to scanner_results\scan_results_20250327_012451.json
2025-03-27 01:24:51,891 - src.modules.scanner - INFO - Scan complete. Found 25 setups after filtering.
2025-03-27 01:29:20,362 - src.modules.scanner - INFO - Loading configuration from config.json
2025-03-27 01:29:20,387 - src.modules.scanner - INFO - Using cached NASDAQ constituents
2025-03-27 01:29:20,388 - src.modules.scanner - INFO - Loaded 101 symbols from NASDAQ Composite
2025-03-27 01:29:20,389 - src.modules.scanner - INFO - Analyzing AAPL
2025-03-27 01:29:20,620 - werkzeug - INFO - 127.0.0.1 - - [27/Mar/2025 01:29:20] "GET /api/analyze/AAPL HTTP/1.1" 200 -
2025-03-27 01:34:19,749 - __main__ - INFO - Starting Options-Technical Hybrid Scanner
2025-03-27 01:34:19,750 - src.modules.scanner - INFO - Loading configuration from config.json
2025-03-27 01:34:19,752 - src.modules.scanner - INFO - Using cached NASDAQ constituents
2025-03-27 01:34:19,752 - src.modules.scanner - INFO - Loaded 101 symbols from NASDAQ Composite
2025-03-27 01:34:19,753 - src.modules.scanner - INFO - Starting scan for 101 symbols
2025-03-27 01:34:19,753 - src.modules.scanner - INFO - Processing ADBE... (1/101)
2025-03-27 01:34:20,132 - src.modules.scanner - INFO - Fetched price for ADBE: $397.81
2025-03-27 01:34:20,133 - src.modules.scanner - INFO - Generated bullish setup for ADBE with 93.9% confidence at $397.81
2025-03-27 01:34:20,133 - src.modules.scanner - INFO - Added ADBE to results
2025-03-27 01:34:20,133 - src.modules.scanner - INFO - Processing AMAT... (2/101)
2025-03-27 01:34:20,231 - src.modules.scanner - INFO - Fetched price for AMAT: $150.68
2025-03-27 01:34:20,232 - src.modules.scanner - INFO - Generated bullish setup for AMAT with 68.7% confidence at $150.68
2025-03-27 01:34:20,233 - src.modules.scanner - INFO - Added AMAT to results
2025-03-27 01:34:20,233 - src.modules.scanner - INFO - Processing CSCO... (3/101)
2025-03-27 01:34:20,303 - src.modules.scanner - INFO - Fetched price for CSCO: $61.80
2025-03-27 01:34:20,304 - src.modules.scanner - INFO - Generated bullish setup for CSCO with 63.9% confidence at $61.80
2025-03-27 01:34:20,305 - src.modules.scanner - INFO - Added CSCO to results
2025-03-27 01:34:20,306 - src.modules.scanner - INFO - Processing FAST... (4/101)
2025-03-27 01:34:20,400 - src.modules.scanner - INFO - Fetched price for FAST: $77.09
2025-03-27 01:34:20,401 - src.modules.scanner - INFO - Generated bearish setup for FAST with 67.8% confidence at $77.09
2025-03-27 01:34:20,401 - src.modules.scanner - INFO - Added FAST to results
2025-03-27 01:34:20,402 - src.modules.scanner - INFO - Processing MSFT... (5/101)
2025-03-27 01:34:20,506 - src.modules.scanner - INFO - Fetched price for MSFT: $389.97
2025-03-27 01:34:20,507 - src.modules.scanner - INFO - Generated bullish setup for MSFT with 90.1% confidence at $389.97
2025-03-27 01:34:20,508 - src.modules.scanner - INFO - Added MSFT to results
2025-03-27 01:34:20,508 - src.modules.scanner - INFO - Processing PAYX... (6/101)
2025-03-27 01:34:20,635 - src.modules.scanner - INFO - Fetched price for PAYX: $150.19
2025-03-27 01:34:20,635 - src.modules.scanner - INFO - Generated neutral setup for PAYX with 74.1% confidence at $150.19
2025-03-27 01:34:20,636 - src.modules.scanner - INFO - Added PAYX to results
2025-03-27 01:34:20,636 - src.modules.scanner - INFO - Processing QCOM... (7/101)
2025-03-27 01:34:20,728 - src.modules.scanner - INFO - Fetched price for QCOM: $158.39
2025-03-27 01:34:20,729 - src.modules.scanner - INFO - Generated bullish setup for QCOM with 65.7% confidence at $158.39
2025-03-27 01:34:20,730 - src.modules.scanner - INFO - Added QCOM to results
2025-03-27 01:34:20,731 - src.modules.scanner - INFO - Processing AXON... (8/101)
2025-03-27 01:34:20,786 - src.modules.scanner - INFO - Fetched price for AXON: $559.06
2025-03-27 01:34:20,787 - src.modules.scanner - INFO - Generated bearish setup for AXON with 79.8% confidence at $559.06
2025-03-27 01:34:20,787 - src.modules.scanner - INFO - Added AXON to results
2025-03-27 01:34:20,787 - src.modules.scanner - INFO - Processing MSTR... (9/101)
2025-03-27 01:34:20,852 - src.modules.scanner - INFO - Fetched price for MSTR: $329.31
2025-03-27 01:34:20,852 - src.modules.scanner - INFO - Generated neutral setup for MSTR with 85.5% confidence at $329.31
2025-03-27 01:34:20,853 - src.modules.scanner - INFO - Added MSTR to results
2025-03-27 01:34:20,853 - src.modules.scanner - INFO - Processing PLTR... (10/101)
2025-03-27 01:34:20,909 - src.modules.scanner - INFO - Fetched price for PLTR: $92.28
2025-03-27 01:34:20,909 - src.modules.scanner - INFO - Generated bullish setup for PLTR with 66.7% confidence at $92.28
2025-03-27 01:34:20,910 - src.modules.scanner - INFO - Added PLTR to results
2025-03-27 01:34:20,911 - src.modules.scanner - INFO - Processing APP... (11/101)
2025-03-27 01:34:20,984 - src.modules.scanner - INFO - Fetched price for APP: $327.62
2025-03-27 01:34:20,985 - src.modules.scanner - INFO - Generated neutral setup for APP with 92.3% confidence at $327.62
2025-03-27 01:34:20,986 - src.modules.scanner - INFO - Added APP to results
2025-03-27 01:34:20,987 - src.modules.scanner - INFO - Processing ARM... (12/101)
2025-03-27 01:34:21,042 - src.modules.scanner - INFO - Fetched price for ARM: $114.93
2025-03-27 01:34:21,043 - src.modules.scanner - INFO - Generated bullish setup for ARM with 87.3% confidence at $114.93
2025-03-27 01:34:21,043 - src.modules.scanner - INFO - Added ARM to results
2025-03-27 01:34:21,044 - src.modules.scanner - INFO - Processing LIN... (13/101)
2025-03-27 01:34:21,146 - src.modules.scanner - INFO - Fetched price for LIN: $461.43
2025-03-27 01:34:21,147 - src.modules.scanner - INFO - Generated bearish setup for LIN with 78.0% confidence at $461.43
2025-03-27 01:34:21,148 - src.modules.scanner - INFO - Added LIN to results
2025-03-27 01:34:21,148 - src.modules.scanner - INFO - Processing CCEP... (14/101)
2025-03-27 01:34:21,255 - src.modules.scanner - INFO - Fetched price for CCEP: $85.37
2025-03-27 01:34:21,255 - src.modules.scanner - INFO - Generated bullish setup for CCEP with 70.8% confidence at $85.37
2025-03-27 01:34:21,256 - src.modules.scanner - INFO - Added CCEP to results
2025-03-27 01:34:21,256 - src.modules.scanner - INFO - Processing DASH... (15/101)
2025-03-27 01:34:21,313 - src.modules.scanner - INFO - Fetched price for DASH: $192.87
2025-03-27 01:34:21,314 - src.modules.scanner - INFO - Generated bullish setup for DASH with 78.1% confidence at $192.87
2025-03-27 01:34:21,315 - src.modules.scanner - INFO - Added DASH to results
2025-03-27 01:34:21,315 - src.modules.scanner - INFO - Processing MDB... (16/101)
2025-03-27 01:34:21,377 - src.modules.scanner - INFO - Fetched price for MDB: $193.66
2025-03-27 01:34:21,378 - src.modules.scanner - INFO - Generated bullish setup for MDB with 81.5% confidence at $193.66
2025-03-27 01:34:21,378 - src.modules.scanner - INFO - Added MDB to results
2025-03-27 01:34:21,379 - src.modules.scanner - INFO - Processing ROP... (17/101)
2025-03-27 01:34:21,473 - src.modules.scanner - INFO - Fetched price for ROP: $582.71
2025-03-27 01:34:21,474 - src.modules.scanner - INFO - Generated neutral setup for ROP with 61.0% confidence at $582.71
2025-03-27 01:34:21,475 - src.modules.scanner - INFO - Added ROP to results
2025-03-27 01:34:21,475 - src.modules.scanner - INFO - Processing TTD... (18/101)
2025-03-27 01:34:21,542 - src.modules.scanner - INFO - Fetched price for TTD: $58.80
2025-03-27 01:34:21,543 - src.modules.scanner - INFO - Generated bullish setup for TTD with 61.0% confidence at $58.80
2025-03-27 01:34:21,544 - src.modules.scanner - INFO - Added TTD to results
2025-03-27 01:34:21,545 - src.modules.scanner - INFO - Processing ON... (19/101)
2025-03-27 01:34:21,621 - src.modules.scanner - INFO - Fetched price for ON: $45.04
2025-03-27 01:34:21,621 - src.modules.scanner - INFO - Generated bullish setup for ON with 65.7% confidence at $45.04
2025-03-27 01:34:21,622 - src.modules.scanner - INFO - Added ON to results
2025-03-27 01:34:21,623 - src.modules.scanner - INFO - Processing GEHC... (20/101)
2025-03-27 01:34:21,686 - src.modules.scanner - INFO - Fetched price for GEHC: $81.00
2025-03-27 01:34:21,687 - src.modules.scanner - INFO - Generated bullish setup for GEHC with 82.2% confidence at $81.00
2025-03-27 01:34:21,688 - src.modules.scanner - INFO - Added GEHC to results
2025-03-27 01:34:21,689 - src.modules.scanner - INFO - Processing BKR... (21/101)
2025-03-27 01:34:21,786 - src.modules.scanner - INFO - Fetched price for BKR: $44.02
2025-03-27 01:34:21,787 - src.modules.scanner - INFO - Generated neutral setup for BKR with 77.4% confidence at $44.02
2025-03-27 01:34:21,788 - src.modules.scanner - INFO - Added BKR to results
2025-03-27 01:34:21,788 - src.modules.scanner - INFO - Processing FANG... (22/101)
2025-03-27 01:34:21,855 - src.modules.scanner - INFO - Fetched price for FANG: $163.09
2025-03-27 01:34:21,856 - src.modules.scanner - INFO - Generated bearish setup for FANG with 72.2% confidence at $163.09
2025-03-27 01:34:21,857 - src.modules.scanner - INFO - Added FANG to results
2025-03-27 01:34:21,857 - src.modules.scanner - INFO - Processing GFS... (23/101)
2025-03-27 01:34:21,917 - src.modules.scanner - INFO - Fetched price for GFS: $38.75
2025-03-27 01:34:21,918 - src.modules.scanner - INFO - Generated bearish setup for GFS with 63.9% confidence at $38.75
2025-03-27 01:34:21,919 - src.modules.scanner - INFO - Added GFS to results
2025-03-27 01:34:21,919 - src.modules.scanner - INFO - Processing WBD... (24/101)
2025-03-27 01:34:21,980 - src.modules.scanner - INFO - Fetched price for WBD: $11.03
2025-03-27 01:34:21,981 - src.modules.scanner - INFO - Generated neutral setup for WBD with 79.0% confidence at $11.03
2025-03-27 01:34:21,981 - src.modules.scanner - INFO - Added WBD to results
2025-03-27 01:34:21,982 - src.modules.scanner - INFO - Processing AZN... (25/101)
2025-03-27 01:34:22,071 - src.modules.scanner - INFO - Fetched price for AZN: $72.72
2025-03-27 01:34:22,071 - src.modules.scanner - INFO - Generated bullish setup for AZN with 93.2% confidence at $72.72
2025-03-27 01:34:22,072 - src.modules.scanner - INFO - Added AZN to results
2025-03-27 01:34:22,072 - src.modules.scanner - INFO - Processing CEG... (26/101)
2025-03-27 01:34:22,128 - src.modules.scanner - INFO - Fetched price for CEG: $216.97
2025-03-27 01:34:22,129 - src.modules.scanner - INFO - Generated neutral setup for CEG with 90.8% confidence at $216.97
2025-03-27 01:34:22,129 - src.modules.scanner - INFO - Added CEG to results
2025-03-27 01:34:22,130 - src.modules.scanner - INFO - Processing ODFL... (27/101)
2025-03-27 01:34:22,198 - src.modules.scanner - INFO - Fetched price for ODFL: $168.67
2025-03-27 01:34:22,199 - src.modules.scanner - INFO - Generated neutral setup for ODFL with 79.2% confidence at $168.67
2025-03-27 01:34:22,200 - src.modules.scanner - INFO - Added ODFL to results
2025-03-27 01:34:22,201 - src.modules.scanner - INFO - Processing TEAM... (28/101)
2025-03-27 01:34:22,265 - src.modules.scanner - INFO - Fetched price for TEAM: $229.65
2025-03-27 01:34:22,266 - src.modules.scanner - INFO - Generated bullish setup for TEAM with 63.1% confidence at $229.65
2025-03-27 01:34:22,267 - src.modules.scanner - INFO - Added TEAM to results
2025-03-27 01:34:22,267 - src.modules.scanner - INFO - Processing ABNB... (29/101)
2025-03-27 01:34:22,327 - src.modules.scanner - INFO - Fetched price for ABNB: $128.64
2025-03-27 01:34:22,327 - src.modules.scanner - INFO - Generated bullish setup for ABNB with 64.7% confidence at $128.64
2025-03-27 01:34:22,328 - src.modules.scanner - INFO - Added ABNB to results
2025-03-27 01:34:22,328 - src.modules.scanner - INFO - Processing FTNT... (30/101)
2025-03-27 01:34:22,388 - src.modules.scanner - INFO - Fetched price for FTNT: $101.01
2025-03-27 01:34:22,389 - src.modules.scanner - INFO - Generated bearish setup for FTNT with 80.6% confidence at $101.01
2025-03-27 01:34:22,390 - src.modules.scanner - INFO - Added FTNT to results
2025-03-27 01:34:22,390 - src.modules.scanner - INFO - Processing PANW... (31/101)
2025-03-27 01:34:22,448 - src.modules.scanner - INFO - Fetched price for PANW: $184.96
2025-03-27 01:34:22,449 - src.modules.scanner - INFO - Generated bearish setup for PANW with 92.5% confidence at $184.96
2025-03-27 01:34:22,449 - src.modules.scanner - INFO - Added PANW to results
2025-03-27 01:34:22,449 - src.modules.scanner - INFO - Processing ZS... (32/101)
2025-03-27 01:34:22,518 - src.modules.scanner - INFO - Fetched price for ZS: $211.55
2025-03-27 01:34:22,519 - src.modules.scanner - INFO - Generated bearish setup for ZS with 67.5% confidence at $211.55
2025-03-27 01:34:22,519 - src.modules.scanner - INFO - Added ZS to results
2025-03-27 01:34:22,519 - src.modules.scanner - INFO - Processing DDOG... (33/101)
2025-03-27 01:34:22,583 - src.modules.scanner - INFO - Fetched price for DDOG: $107.97
2025-03-27 01:34:22,584 - src.modules.scanner - INFO - Generated bearish setup for DDOG with 76.1% confidence at $107.97
2025-03-27 01:34:22,584 - src.modules.scanner - INFO - Added DDOG to results
2025-03-27 01:34:22,585 - src.modules.scanner - INFO - Processing CRWD... (34/101)
2025-03-27 01:34:22,643 - src.modules.scanner - INFO - Fetched price for CRWD: $371.41
2025-03-27 01:34:22,643 - src.modules.scanner - INFO - Generated neutral setup for CRWD with 71.4% confidence at $371.41
2025-03-27 01:34:22,645 - src.modules.scanner - INFO - Added CRWD to results
2025-03-27 01:34:22,645 - src.modules.scanner - INFO - Processing HON... (35/101)
2025-03-27 01:34:22,781 - src.modules.scanner - INFO - Fetched price for HON: $213.12
2025-03-27 01:34:22,781 - src.modules.scanner - INFO - Generated bearish setup for HON with 64.5% confidence at $213.12
2025-03-27 01:34:22,782 - src.modules.scanner - INFO - Added HON to results
2025-03-27 01:34:22,783 - src.modules.scanner - INFO - Processing AEP... (36/101)
2025-03-27 01:34:22,914 - src.modules.scanner - INFO - Fetched price for AEP: $103.90
2025-03-27 01:34:22,914 - src.modules.scanner - INFO - Generated bearish setup for AEP with 69.1% confidence at $103.90
2025-03-27 01:34:22,915 - src.modules.scanner - INFO - Added AEP to results
2025-03-27 01:34:22,916 - src.modules.scanner - INFO - Processing NFLX... (37/101)
2025-03-27 01:34:22,971 - src.modules.scanner - INFO - Fetched price for NFLX: $970.65
2025-03-27 01:34:22,971 - src.modules.scanner - INFO - Generated bearish setup for NFLX with 94.7% confidence at $970.65
2025-03-27 01:34:22,972 - src.modules.scanner - INFO - Added NFLX to results
2025-03-27 01:34:22,972 - src.modules.scanner - INFO - Processing KDP... (38/101)
2025-03-27 01:34:23,053 - src.modules.scanner - INFO - Fetched price for KDP: $34.06
2025-03-27 01:34:23,054 - src.modules.scanner - INFO - Generated bullish setup for KDP with 78.2% confidence at $34.06
2025-03-27 01:34:23,055 - src.modules.scanner - INFO - Added KDP to results
2025-03-27 01:34:23,055 - src.modules.scanner - INFO - Processing PDD... (39/101)
2025-03-27 01:34:23,109 - src.modules.scanner - INFO - Fetched price for PDD: $122.47
2025-03-27 01:34:23,109 - src.modules.scanner - INFO - Generated bullish setup for PDD with 90.1% confidence at $122.47
2025-03-27 01:34:23,110 - src.modules.scanner - INFO - Added PDD to results
2025-03-27 01:34:23,110 - src.modules.scanner - INFO - Processing DXCM... (40/101)
2025-03-27 01:34:23,180 - src.modules.scanner - INFO - Fetched price for DXCM: $72.13
2025-03-27 01:34:23,181 - src.modules.scanner - INFO - Generated neutral setup for DXCM with 91.8% confidence at $72.13
2025-03-27 01:34:23,182 - src.modules.scanner - INFO - Added DXCM to results
2025-03-27 01:34:23,183 - src.modules.scanner - INFO - Processing ANSS... (41/101)
2025-03-27 01:34:23,708 - src.modules.scanner - INFO - Fetched price for ANSS: $323.34
2025-03-27 01:34:23,708 - src.modules.scanner - INFO - Generated bullish setup for ANSS with 63.9% confidence at $323.34
2025-03-27 01:34:23,709 - src.modules.scanner - INFO - Added ANSS to results
2025-03-27 01:34:23,709 - src.modules.scanner - INFO - Processing CDW... (42/101)
2025-03-27 01:34:23,783 - src.modules.scanner - INFO - Fetched price for CDW: $167.33
2025-03-27 01:34:23,784 - src.modules.scanner - INFO - Generated bullish setup for CDW with 72.7% confidence at $167.33
2025-03-27 01:34:23,785 - src.modules.scanner - INFO - Added CDW to results
2025-03-27 01:34:23,785 - src.modules.scanner - INFO - Processing CPRT... (43/101)
2025-03-27 01:34:23,845 - src.modules.scanner - INFO - Fetched price for CPRT: $55.07
2025-03-27 01:34:23,846 - src.modules.scanner - INFO - Generated bearish setup for CPRT with 89.0% confidence at $55.07
2025-03-27 01:34:23,846 - src.modules.scanner - INFO - Added CPRT to results
2025-03-27 01:34:23,847 - src.modules.scanner - INFO - Processing CSGP... (44/101)
2025-03-27 01:34:23,907 - src.modules.scanner - INFO - Fetched price for CSGP: $80.37
2025-03-27 01:34:23,908 - src.modules.scanner - INFO - Generated neutral setup for CSGP with 88.5% confidence at $80.37
2025-03-27 01:34:23,908 - src.modules.scanner - INFO - Added CSGP to results
2025-03-27 01:34:23,909 - src.modules.scanner - INFO - Processing EXC... (45/101)
2025-03-27 01:34:24,051 - src.modules.scanner - INFO - Fetched price for EXC: $44.02
2025-03-27 01:34:24,052 - src.modules.scanner - INFO - Generated neutral setup for EXC with 91.4% confidence at $44.02
2025-03-27 01:34:24,053 - src.modules.scanner - INFO - Added EXC to results
2025-03-27 01:34:24,053 - src.modules.scanner - INFO - Processing AMD... (46/101)
2025-03-27 01:34:24,113 - src.modules.scanner - INFO - Fetched price for AMD: $110.19
2025-03-27 01:34:24,114 - src.modules.scanner - INFO - Generated bullish setup for AMD with 61.0% confidence at $110.19
2025-03-27 01:34:24,114 - src.modules.scanner - INFO - Added AMD to results
2025-03-27 01:34:24,114 - src.modules.scanner - INFO - Processing LULU... (47/101)
2025-03-27 01:34:24,170 - src.modules.scanner - INFO - Fetched price for LULU: $337.79
2025-03-27 01:34:24,171 - src.modules.scanner - INFO - Generated bullish setup for LULU with 88.1% confidence at $337.79
2025-03-27 01:34:24,171 - src.modules.scanner - INFO - Added LULU to results
2025-03-27 01:34:24,172 - src.modules.scanner - INFO - Processing XEL... (48/101)
2025-03-27 01:34:24,289 - src.modules.scanner - INFO - Fetched price for XEL: $68.92
2025-03-27 01:34:24,290 - src.modules.scanner - INFO - Generated neutral setup for XEL with 65.7% confidence at $68.92
2025-03-27 01:34:24,290 - src.modules.scanner - INFO - Added XEL to results
2025-03-27 01:34:24,291 - src.modules.scanner - INFO - Processing PEP... (49/101)
2025-03-27 01:34:24,512 - src.modules.scanner - INFO - Fetched price for PEP: $148.64
2025-03-27 01:34:24,513 - src.modules.scanner - INFO - Generated neutral setup for PEP with 80.6% confidence at $148.64
2025-03-27 01:34:24,513 - src.modules.scanner - INFO - Added PEP to results
2025-03-27 01:34:24,513 - src.modules.scanner - INFO - Processing ASML... (50/101)
2025-03-27 01:34:24,599 - src.modules.scanner - INFO - Fetched price for ASML: $705.76
2025-03-27 01:34:24,600 - src.modules.scanner - INFO - Generated bullish setup for ASML with 74.2% confidence at $705.76
2025-03-27 01:34:24,601 - src.modules.scanner - INFO - Added ASML to results
2025-03-27 01:34:24,648 - src.modules.scanner - INFO - Fetched price for ASML: $705.76
2025-03-27 01:34:24,649 - src.modules.market_context - INFO - Fetching data for ASML
2025-03-27 01:34:24,978 - src.modules.key_levels - INFO - Fetching options data for ASML
2025-03-27 01:34:25,337 - src.modules.scanner - INFO - Filtered out ASML setup: confidence=74.2%, trend=bullish
2025-03-27 01:34:25,338 - src.modules.scanner - INFO - Processing SNPS... (51/101)
2025-03-27 01:34:25,408 - src.modules.scanner - INFO - Fetched price for SNPS: $449.90
2025-03-27 01:34:25,409 - src.modules.scanner - INFO - Generated neutral setup for SNPS with 60.0% confidence at $449.90
2025-03-27 01:34:25,410 - src.modules.scanner - INFO - Added SNPS to results
2025-03-27 01:34:25,411 - src.modules.scanner - INFO - Processing TTWO... (52/101)
2025-03-27 01:34:25,472 - src.modules.scanner - INFO - Fetched price for TTWO: $215.89
2025-03-27 01:34:25,473 - src.modules.scanner - INFO - Generated bullish setup for TTWO with 63.5% confidence at $215.89
2025-03-27 01:34:25,473 - src.modules.scanner - INFO - Added TTWO to results
2025-03-27 01:34:25,474 - src.modules.scanner - INFO - Processing WDAY... (53/101)
2025-03-27 01:34:25,529 - src.modules.scanner - INFO - Fetched price for WDAY: $250.79
2025-03-27 01:34:25,530 - src.modules.scanner - INFO - Generated neutral setup for WDAY with 69.0% confidence at $250.79
2025-03-27 01:34:25,530 - src.modules.scanner - INFO - Added WDAY to results
2025-03-27 01:34:25,531 - src.modules.scanner - INFO - Processing MELI... (54/101)
2025-03-27 01:34:25,604 - src.modules.scanner - INFO - Fetched price for MELI: $2074.97
2025-03-27 01:34:25,606 - src.modules.scanner - INFO - Generated bearish setup for MELI with 76.7% confidence at $2074.97
2025-03-27 01:34:25,606 - src.modules.scanner - INFO - Added MELI to results
2025-03-27 01:34:25,606 - src.modules.scanner - INFO - Processing IDXX... (55/101)
2025-03-27 01:34:25,666 - src.modules.scanner - INFO - Fetched price for IDXX: $417.71
2025-03-27 01:34:25,666 - src.modules.scanner - INFO - Generated neutral setup for IDXX with 71.5% confidence at $417.71
2025-03-27 01:34:25,667 - src.modules.scanner - INFO - Added IDXX to results
2025-03-27 01:34:25,667 - src.modules.scanner - INFO - Processing CSX... (56/101)
2025-03-27 01:34:25,789 - src.modules.scanner - INFO - Fetched price for CSX: $29.90
2025-03-27 01:34:25,789 - src.modules.scanner - INFO - Generated bullish setup for CSX with 66.8% confidence at $29.90
2025-03-27 01:34:25,790 - src.modules.scanner - INFO - Added CSX to results
2025-03-27 01:34:25,790 - src.modules.scanner - INFO - Processing TMUS... (57/101)
2025-03-27 01:34:25,865 - src.modules.scanner - INFO - Fetched price for TMUS: $262.51
2025-03-27 01:34:25,866 - src.modules.scanner - INFO - Generated bullish setup for TMUS with 89.0% confidence at $262.51
2025-03-27 01:34:25,867 - src.modules.scanner - INFO - Added TMUS to results
2025-03-27 01:34:25,867 - src.modules.scanner - INFO - Processing PYPL... (58/101)
2025-03-27 01:34:25,925 - src.modules.scanner - INFO - Fetched price for PYPL: $69.97
2025-03-27 01:34:25,925 - src.modules.scanner - INFO - Generated neutral setup for PYPL with 62.9% confidence at $69.97
2025-03-27 01:34:25,927 - src.modules.scanner - INFO - Added PYPL to results
2025-03-27 01:34:25,928 - src.modules.scanner - INFO - Processing KHC... (59/101)
2025-03-27 01:34:25,998 - src.modules.scanner - INFO - Fetched price for KHC: $29.69
2025-03-27 01:34:25,999 - src.modules.scanner - INFO - Generated bullish setup for KHC with 64.1% confidence at $29.69
2025-03-27 01:34:26,000 - src.modules.scanner - INFO - Added KHC to results
2025-03-27 01:34:26,001 - src.modules.scanner - INFO - Processing GOOG... (60/101)
2025-03-27 01:34:26,064 - src.modules.scanner - INFO - Fetched price for GOOG: $167.14
2025-03-27 01:34:26,065 - src.modules.scanner - INFO - Generated bullish setup for GOOG with 85.8% confidence at $167.14
2025-03-27 01:34:26,066 - src.modules.scanner - INFO - Added GOOG to results
2025-03-27 01:34:26,067 - src.modules.scanner - INFO - Processing NXPI... (61/101)
2025-03-27 01:34:26,134 - src.modules.scanner - INFO - Fetched price for NXPI: $205.75
2025-03-27 01:34:26,135 - src.modules.scanner - INFO - Generated bearish setup for NXPI with 84.3% confidence at $205.75
2025-03-27 01:34:26,136 - src.modules.scanner - INFO - Added NXPI to results
2025-03-27 01:34:26,137 - src.modules.scanner - INFO - Processing MAR... (62/101)
2025-03-27 01:34:26,288 - src.modules.scanner - INFO - Fetched price for MAR: $246.72
2025-03-27 01:34:26,288 - src.modules.scanner - INFO - Generated neutral setup for MAR with 88.0% confidence at $246.72
2025-03-27 01:34:26,288 - src.modules.scanner - INFO - Added MAR to results
2025-03-27 01:34:26,288 - src.modules.scanner - INFO - Processing CHTR... (63/101)
2025-03-27 01:34:26,351 - src.modules.scanner - INFO - Fetched price for CHTR: $384.77
2025-03-27 01:34:26,352 - src.modules.scanner - INFO - Generated neutral setup for CHTR with 72.5% confidence at $384.77
2025-03-27 01:34:26,352 - src.modules.scanner - INFO - Added CHTR to results
2025-03-27 01:34:26,353 - src.modules.scanner - INFO - Processing TSLA... (64/101)
2025-03-27 01:34:26,415 - src.modules.scanner - INFO - Fetched price for TSLA: $272.06
2025-03-27 01:34:26,416 - src.modules.scanner - INFO - Generated bearish setup for TSLA with 61.7% confidence at $272.06
2025-03-27 01:34:26,416 - src.modules.scanner - INFO - Added TSLA to results
2025-03-27 01:34:26,417 - src.modules.scanner - INFO - Processing EA... (65/101)
2025-03-27 01:34:26,487 - src.modules.scanner - INFO - Fetched price for EA: $145.19
2025-03-27 01:34:26,488 - src.modules.scanner - INFO - Generated neutral setup for EA with 89.8% confidence at $145.19
2025-03-27 01:34:26,489 - src.modules.scanner - INFO - Added EA to results
2025-03-27 01:34:26,489 - src.modules.scanner - INFO - Processing MRVL... (66/101)
2025-03-27 01:34:26,572 - src.modules.scanner - INFO - Fetched price for MRVL: $66.76
2025-03-27 01:34:26,573 - src.modules.scanner - INFO - Generated bearish setup for MRVL with 80.0% confidence at $66.76
2025-03-27 01:34:26,574 - src.modules.scanner - INFO - Added MRVL to results
2025-03-27 01:34:26,574 - src.modules.scanner - INFO - Processing REGN... (67/101)
2025-03-27 01:34:26,645 - src.modules.scanner - INFO - Fetched price for REGN: $640.14
2025-03-27 01:34:26,646 - src.modules.scanner - INFO - Generated neutral setup for REGN with 61.5% confidence at $640.14
2025-03-27 01:34:26,647 - src.modules.scanner - INFO - Added REGN to results
2025-03-27 01:34:26,648 - src.modules.scanner - INFO - Processing VRSK... (68/101)
2025-03-27 01:34:26,720 - src.modules.scanner - INFO - Fetched price for VRSK: $292.03
2025-03-27 01:34:26,720 - src.modules.scanner - INFO - Generated bullish setup for VRSK with 81.5% confidence at $292.03
2025-03-27 01:34:26,721 - src.modules.scanner - INFO - Added VRSK to results
2025-03-27 01:34:26,721 - src.modules.scanner - INFO - Processing META... (69/101)
2025-03-27 01:34:26,784 - src.modules.scanner - INFO - Fetched price for META: $610.98
2025-03-27 01:34:26,785 - src.modules.scanner - INFO - Generated bearish setup for META with 91.3% confidence at $610.98
2025-03-27 01:34:26,786 - src.modules.scanner - INFO - Added META to results
2025-03-27 01:34:26,786 - src.modules.scanner - INFO - Processing ADI... (70/101)
2025-03-27 01:34:26,878 - src.modules.scanner - INFO - Fetched price for ADI: $210.53
2025-03-27 01:34:26,879 - src.modules.scanner - INFO - Generated neutral setup for ADI with 93.3% confidence at $210.53
2025-03-27 01:34:26,879 - src.modules.scanner - INFO - Added ADI to results
2025-03-27 01:34:26,880 - src.modules.scanner - INFO - Processing MDLZ... (71/101)
2025-03-27 01:34:26,973 - src.modules.scanner - INFO - Fetched price for MDLZ: $66.33
2025-03-27 01:34:26,974 - src.modules.scanner - INFO - Generated neutral setup for MDLZ with 83.7% confidence at $66.33
2025-03-27 01:34:26,974 - src.modules.scanner - INFO - Added MDLZ to results
2025-03-27 01:34:26,975 - src.modules.scanner - INFO - Processing TXN... (72/101)
2025-03-27 01:34:27,107 - src.modules.scanner - INFO - Fetched price for TXN: $184.49
2025-03-27 01:34:27,108 - src.modules.scanner - INFO - Generated bullish setup for TXN with 78.6% confidence at $184.49
2025-03-27 01:34:27,108 - src.modules.scanner - INFO - Added TXN to results
2025-03-27 01:34:27,109 - src.modules.scanner - INFO - Processing AVGO... (73/101)
2025-03-27 01:34:27,193 - src.modules.scanner - INFO - Fetched price for AVGO: $179.27
2025-03-27 01:34:27,194 - src.modules.scanner - INFO - Generated bearish setup for AVGO with 64.6% confidence at $179.27
2025-03-27 01:34:27,194 - src.modules.scanner - INFO - Added AVGO to results
2025-03-27 01:34:27,195 - src.modules.scanner - INFO - Processing BKNG... (74/101)
2025-03-27 01:34:27,258 - src.modules.scanner - INFO - Fetched price for BKNG: $4764.16
2025-03-27 01:34:27,259 - src.modules.scanner - INFO - Generated bearish setup for BKNG with 94.6% confidence at $4764.16
2025-03-27 01:34:27,260 - src.modules.scanner - INFO - Added BKNG to results
2025-03-27 01:34:27,261 - src.modules.scanner - INFO - Processing ADP... (75/101)
2025-03-27 01:34:27,402 - src.modules.scanner - INFO - Fetched price for ADP: $302.41
2025-03-27 01:34:27,403 - src.modules.scanner - INFO - Generated neutral setup for ADP with 87.3% confidence at $302.41
2025-03-27 01:34:27,404 - src.modules.scanner - INFO - Added ADP to results
2025-03-27 01:34:27,405 - src.modules.scanner - INFO - Processing ORLY... (76/101)
2025-03-27 01:34:27,459 - src.modules.scanner - INFO - Fetched price for ORLY: $1380.98
2025-03-27 01:34:27,460 - src.modules.scanner - INFO - Generated bullish setup for ORLY with 80.6% confidence at $1380.98
2025-03-27 01:34:27,460 - src.modules.scanner - INFO - Added ORLY to results
2025-03-27 01:34:27,461 - src.modules.scanner - INFO - Processing ROST... (77/101)
2025-03-27 01:34:27,566 - src.modules.scanner - INFO - Fetched price for ROST: $127.70
2025-03-27 01:34:27,567 - src.modules.scanner - INFO - Generated bearish setup for ROST with 74.3% confidence at $127.70
2025-03-27 01:34:27,568 - src.modules.scanner - INFO - Added ROST to results
2025-03-27 01:34:27,569 - src.modules.scanner - INFO - Processing MNST... (78/101)
2025-03-27 01:34:27,627 - src.modules.scanner - INFO - Fetched price for MNST: $57.76
2025-03-27 01:34:27,627 - src.modules.scanner - INFO - Generated bullish setup for MNST with 73.3% confidence at $57.76
2025-03-27 01:34:27,627 - src.modules.scanner - INFO - Added MNST to results
2025-03-27 01:34:27,628 - src.modules.scanner - INFO - Processing VRTX... (79/101)
2025-03-27 01:34:27,683 - src.modules.scanner - INFO - Fetched price for VRTX: $500.28
2025-03-27 01:34:27,683 - src.modules.scanner - INFO - Generated bearish setup for VRTX with 83.7% confidence at $500.28
2025-03-27 01:34:27,684 - src.modules.scanner - INFO - Added VRTX to results
2025-03-27 01:34:27,685 - src.modules.scanner - INFO - Processing ISRG... (80/101)
2025-03-27 01:34:27,745 - src.modules.scanner - INFO - Fetched price for ISRG: $509.03
2025-03-27 01:34:27,746 - src.modules.scanner - INFO - Generated bullish setup for ISRG with 91.8% confidence at $509.03
2025-03-27 01:34:27,747 - src.modules.scanner - INFO - Added ISRG to results
2025-03-27 01:34:27,747 - src.modules.scanner - INFO - Processing CDNS... (81/101)
2025-03-27 01:34:27,804 - src.modules.scanner - INFO - Fetched price for CDNS: $263.41
2025-03-27 01:34:27,805 - src.modules.scanner - INFO - Generated bullish setup for CDNS with 91.6% confidence at $263.41
2025-03-27 01:34:27,806 - src.modules.scanner - INFO - Added CDNS to results
2025-03-27 01:34:27,806 - src.modules.scanner - INFO - Processing GOOGL... (82/101)
2025-03-27 01:34:27,861 - src.modules.scanner - INFO - Fetched price for GOOGL: $165.06
2025-03-27 01:34:27,862 - src.modules.scanner - INFO - Generated bullish setup for GOOGL with 61.2% confidence at $165.06
2025-03-27 01:34:27,863 - src.modules.scanner - INFO - Added GOOGL to results
2025-03-27 01:34:27,863 - src.modules.scanner - INFO - Processing CTSH... (83/101)
2025-03-27 01:34:27,925 - src.modules.scanner - INFO - Fetched price for CTSH: $77.85
2025-03-27 01:34:27,926 - src.modules.scanner - INFO - Generated bearish setup for CTSH with 77.3% confidence at $77.85
2025-03-27 01:34:27,927 - src.modules.scanner - INFO - Added CTSH to results
2025-03-27 01:34:27,927 - src.modules.scanner - INFO - Processing ADSK... (84/101)
2025-03-27 01:34:28,002 - src.modules.scanner - INFO - Fetched price for ADSK: $271.21
2025-03-27 01:34:28,003 - src.modules.scanner - INFO - Generated bearish setup for ADSK with 93.0% confidence at $271.21
2025-03-27 01:34:28,003 - src.modules.scanner - INFO - Added ADSK to results
2025-03-27 01:34:28,004 - src.modules.scanner - INFO - Processing AMGN... (85/101)
2025-03-27 01:34:28,074 - src.modules.scanner - INFO - Fetched price for AMGN: $305.71
2025-03-27 01:34:28,074 - src.modules.scanner - INFO - Generated bearish setup for AMGN with 64.6% confidence at $305.71
2025-03-27 01:34:28,075 - src.modules.scanner - INFO - Added AMGN to results
2025-03-27 01:34:28,076 - src.modules.scanner - INFO - Processing LRCX... (86/101)
2025-03-27 01:34:28,148 - src.modules.scanner - INFO - Fetched price for LRCX: $76.14
2025-03-27 01:34:28,149 - src.modules.scanner - INFO - Generated neutral setup for LRCX with 89.2% confidence at $76.14
2025-03-27 01:34:28,150 - src.modules.scanner - INFO - Added LRCX to results
2025-03-27 01:34:28,150 - src.modules.scanner - INFO - Processing CMCSA... (87/101)
2025-03-27 01:34:28,251 - src.modules.scanner - INFO - Fetched price for CMCSA: $37.37
2025-03-27 01:34:28,252 - src.modules.scanner - INFO - Generated bearish setup for CMCSA with 75.7% confidence at $37.37
2025-03-27 01:34:28,252 - src.modules.scanner - INFO - Added CMCSA to results
2025-03-27 01:34:28,253 - src.modules.scanner - INFO - Processing GILD... (88/101)
2025-03-27 01:34:28,329 - src.modules.scanner - INFO - Fetched price for GILD: $109.27
2025-03-27 01:34:28,330 - src.modules.scanner - INFO - Generated bearish setup for GILD with 70.0% confidence at $109.27
2025-03-27 01:34:28,330 - src.modules.scanner - INFO - Added GILD to results
2025-03-27 01:34:28,331 - src.modules.scanner - INFO - Processing NVDA... (89/101)
2025-03-27 01:34:28,424 - src.modules.scanner - INFO - Fetched price for NVDA: $113.76
2025-03-27 01:34:28,425 - src.modules.scanner - INFO - Generated neutral setup for NVDA with 74.0% confidence at $113.76
2025-03-27 01:34:28,425 - src.modules.scanner - INFO - Added NVDA to results
2025-03-27 01:34:28,426 - src.modules.scanner - INFO - Processing AMZN... (90/101)
2025-03-27 01:34:28,485 - src.modules.scanner - INFO - Fetched price for AMZN: $201.13
2025-03-27 01:34:28,486 - src.modules.scanner - INFO - Generated bullish setup for AMZN with 94.6% confidence at $201.13
2025-03-27 01:34:28,486 - src.modules.scanner - INFO - Added AMZN to results
2025-03-27 01:34:28,487 - src.modules.scanner - INFO - Processing MCHP... (91/101)
2025-03-27 01:34:28,570 - src.modules.scanner - INFO - Fetched price for MCHP: $52.17
2025-03-27 01:34:28,571 - src.modules.scanner - INFO - Generated bearish setup for MCHP with 64.9% confidence at $52.17
2025-03-27 01:34:28,571 - src.modules.scanner - INFO - Added MCHP to results
2025-03-27 01:34:28,572 - src.modules.scanner - INFO - Processing SBUX... (92/101)
2025-03-27 01:34:28,654 - src.modules.scanner - INFO - Fetched price for SBUX: $97.97
2025-03-27 01:34:28,654 - src.modules.scanner - INFO - Generated bearish setup for SBUX with 81.0% confidence at $97.97
2025-03-27 01:34:28,655 - src.modules.scanner - INFO - Added SBUX to results
2025-03-27 01:34:28,655 - src.modules.scanner - INFO - Processing MU... (93/101)
2025-03-27 01:34:28,751 - src.modules.scanner - INFO - Fetched price for MU: $92.13
2025-03-27 01:34:28,752 - src.modules.scanner - INFO - Generated bullish setup for MU with 62.6% confidence at $92.13
2025-03-27 01:34:28,752 - src.modules.scanner - INFO - Added MU to results
2025-03-27 01:34:28,753 - src.modules.scanner - INFO - Processing INTU... (94/101)
2025-03-27 01:34:28,828 - src.modules.scanner - INFO - Fetched price for INTU: $614.86
2025-03-27 01:34:28,829 - src.modules.scanner - INFO - Generated bearish setup for INTU with 60.7% confidence at $614.86
2025-03-27 01:34:28,830 - src.modules.scanner - INFO - Added INTU to results
2025-03-27 01:34:28,830 - src.modules.scanner - INFO - Processing BIIB... (95/101)
2025-03-27 01:34:28,887 - src.modules.scanner - INFO - Fetched price for BIIB: $142.43
2025-03-27 01:34:28,888 - src.modules.scanner - INFO - Generated bullish setup for BIIB with 83.7% confidence at $142.43
2025-03-27 01:34:28,888 - src.modules.scanner - INFO - Added BIIB to results
2025-03-27 01:34:28,889 - src.modules.scanner - INFO - Processing AAPL... (96/101)
2025-03-27 01:34:28,983 - src.modules.scanner - INFO - Fetched price for AAPL: $221.53
2025-03-27 01:34:28,984 - src.modules.scanner - INFO - Generated neutral setup for AAPL with 89.0% confidence at $221.53
2025-03-27 01:34:28,984 - src.modules.scanner - INFO - Added AAPL to results
2025-03-27 01:34:28,984 - src.modules.scanner - INFO - Processing COST... (97/101)
2025-03-27 01:34:29,067 - src.modules.scanner - INFO - Fetched price for COST: $929.75
2025-03-27 01:34:29,068 - src.modules.scanner - INFO - Generated bearish setup for COST with 72.5% confidence at $929.75
2025-03-27 01:34:29,068 - src.modules.scanner - INFO - Added COST to results
2025-03-27 01:34:29,069 - src.modules.scanner - INFO - Processing CTAS... (98/101)
2025-03-27 01:34:29,168 - src.modules.scanner - INFO - Fetched price for CTAS: $204.71
2025-03-27 01:34:29,169 - src.modules.scanner - INFO - Generated neutral setup for CTAS with 70.5% confidence at $204.71
2025-03-27 01:34:29,170 - src.modules.scanner - INFO - Added CTAS to results
2025-03-27 01:34:29,170 - src.modules.scanner - INFO - Processing INTC... (99/101)
2025-03-27 01:34:29,265 - src.modules.scanner - INFO - Fetched price for INTC: $23.42
2025-03-27 01:34:29,266 - src.modules.scanner - INFO - Generated bearish setup for INTC with 78.4% confidence at $23.42
2025-03-27 01:34:29,267 - src.modules.scanner - INFO - Added INTC to results
2025-03-27 01:34:29,267 - src.modules.scanner - INFO - Processing KLAC... (100/101)
2025-03-27 01:34:29,353 - src.modules.scanner - INFO - Fetched price for KLAC: $705.54
2025-03-27 01:34:29,354 - src.modules.scanner - INFO - Generated neutral setup for KLAC with 66.8% confidence at $705.54
2025-03-27 01:34:29,354 - src.modules.scanner - INFO - Added KLAC to results
2025-03-27 01:34:29,399 - src.modules.scanner - INFO - Fetched price for KLAC: $705.54
2025-03-27 01:34:29,400 - src.modules.market_context - INFO - Fetching data for KLAC
2025-03-27 01:34:29,670 - src.modules.key_levels - INFO - Fetching options data for KLAC
2025-03-27 01:34:29,998 - src.modules.scanner - INFO - Added KLAC to results
2025-03-27 01:34:29,999 - src.modules.scanner - INFO - Processing PCAR... (101/101)
2025-03-27 01:34:30,108 - src.modules.scanner - INFO - Fetched price for PCAR: $99.53
2025-03-27 01:34:30,108 - src.modules.scanner - INFO - Generated neutral setup for PCAR with 88.3% confidence at $99.53
2025-03-27 01:34:30,109 - src.modules.scanner - INFO - Added PCAR to results
2025-03-27 01:34:30,155 - src.modules.scanner - INFO - Fetched price for PCAR: $99.53
2025-03-27 01:34:30,156 - src.modules.market_context - INFO - Fetching data for PCAR
2025-03-27 01:34:30,431 - src.modules.key_levels - INFO - Fetching options data for PCAR
2025-03-27 01:34:30,754 - src.modules.scanner - INFO - Filtered out PCAR setup: confidence=88.3%, trend=neutral
2025-03-27 01:34:30,755 - src.modules.scanner - INFO - Pre-filter results count: 102
2025-03-27 01:34:30,756 - src.modules.scanner - INFO - Post-filter results count: 102
2025-03-27 01:34:30,771 - src.modules.scanner - INFO - Results saved to scanner_results\scan_results_20250327_013430.json
2025-03-27 01:34:30,771 - src.modules.scanner - INFO - Scan complete. Found 102 setups after filtering.
2025-03-27 01:34:38,047 - __main__ - INFO - Starting Options-Technical Hybrid Scanner
2025-03-27 01:34:38,078 - werkzeug - INFO - [31m[1mWARNING: This is a development server. Do not use it in a production deployment. Use a production WSGI server instead.[0m
 * Running on all addresses (0.0.0.0)
 * Running on http://127.0.0.1:8080
 * Running on http://192.168.88.9:8080
2025-03-27 01:34:38,079 - werkzeug - INFO - [33mPress CTRL+C to quit[0m
2025-03-27 01:34:38,081 - werkzeug - INFO -  * Restarting with stat
2025-03-27 01:34:39,307 - __main__ - INFO - Starting Options-Technical Hybrid Scanner
2025-03-27 01:34:39,320 - werkzeug - WARNING -  * Debugger is active!
2025-03-27 01:34:39,324 - werkzeug - INFO -  * Debugger PIN: 216-997-372
2025-03-27 01:35:05,247 - werkzeug - INFO - 127.0.0.1 - - [27/Mar/2025 01:35:05] "GET / HTTP/1.1" 200 -
2025-03-27 01:35:05,316 - werkzeug - INFO - 127.0.0.1 - - [27/Mar/2025 01:35:05] "[36mGET /static/css/styles.css HTTP/1.1[0m" 304 -
2025-03-27 01:35:05,340 - werkzeug - INFO - 127.0.0.1 - - [27/Mar/2025 01:35:05] "[36mGET /static/js/app.js HTTP/1.1[0m" 304 -
2025-03-27 01:35:05,644 - werkzeug - INFO - 127.0.0.1 - - [27/Mar/2025 01:35:05] "GET /api/results HTTP/1.1" 200 -
2025-03-27 01:35:48,075 - __main__ - INFO - Starting Options-Technical Hybrid Scanner
2025-03-27 01:35:48,075 - __main__ - INFO - Analyzing TSLA
2025-03-27 01:35:48,076 - src.modules.market_context - INFO - Fetching data for TSLA
2025-03-27 01:35:48,748 - src.modules.key_levels - INFO - Fetching options data for TSLA
2025-03-27 01:35:49,133 - src.modules.confirmation - INFO - Fetching confirmation data for TSLA
2025-03-27 01:43:01,107 - werkzeug - INFO -  * Detected change in 'C:\\Users\\cciep\\Github\\APPs\\options-scanner-v2\\src\\modules\\options_metrics.py', reloading
2025-03-27 01:43:01,399 - werkzeug - INFO -  * Restarting with stat
2025-03-27 01:43:04,376 - __main__ - INFO - Starting Options-Technical Hybrid Scanner
2025-03-27 01:43:04,414 - werkzeug - WARNING -  * Debugger is active!
2025-03-27 01:43:04,425 - werkzeug - INFO -  * Debugger PIN: 216-997-372
2025-03-27 01:43:16,016 - werkzeug - INFO -  * Detected change in 'C:\\Users\\cciep\\Github\\APPs\\options-scanner-v2\\src\\modules\\options_metrics.py', reloading
2025-03-27 01:43:16,253 - werkzeug - INFO -  * Restarting with stat
2025-03-27 01:43:19,222 - __main__ - INFO - Starting Options-Technical Hybrid Scanner
2025-03-27 01:43:19,256 - werkzeug - WARNING -  * Debugger is active!
2025-03-27 01:43:19,267 - werkzeug - INFO -  * Debugger PIN: 216-997-372
2025-03-27 01:45:13,778 - werkzeug - INFO -  * Detected change in 'C:\\Users\\cciep\\Github\\APPs\\options-scanner-v2\\src\\modules\\options_metrics.py', reloading
2025-03-27 01:45:14,066 - werkzeug - INFO -  * Restarting with stat
2025-03-27 01:45:17,698 - __main__ - INFO - Starting Options-Technical Hybrid Scanner
2025-03-27 01:45:17,742 - werkzeug - WARNING -  * Debugger is active!
2025-03-27 01:45:17,754 - werkzeug - INFO -  * Debugger PIN: 216-997-372
2025-03-27 01:45:49,259 - werkzeug - INFO -  * Detected change in 'C:\\Users\\cciep\\Github\\APPs\\options-scanner-v2\\src\\modules\\options_metrics.py', reloading
2025-03-27 01:45:49,533 - werkzeug - INFO -  * Restarting with stat
2025-03-27 01:45:52,504 - __main__ - INFO - Starting Options-Technical Hybrid Scanner
2025-03-27 01:45:52,549 - werkzeug - WARNING -  * Debugger is active!
2025-03-27 01:45:52,558 - werkzeug - INFO -  * Debugger PIN: 216-997-372
2025-03-27 01:46:06,352 - werkzeug - INFO -  * Detected change in 'C:\\Users\\cciep\\Github\\APPs\\options-scanner-v2\\test_options_metrics.py', reloading
2025-03-27 01:46:06,621 - werkzeug - INFO -  * Restarting with stat
2025-03-27 01:46:09,909 - __main__ - INFO - Starting Options-Technical Hybrid Scanner
2025-03-27 01:46:09,945 - werkzeug - WARNING -  * Debugger is active!
2025-03-27 01:46:09,955 - werkzeug - INFO -  * Debugger PIN: 216-997-372
2025-03-27 01:47:45,108 - werkzeug - INFO -  * Detected change in 'C:\\Users\\cciep\\Github\\APPs\\options-scanner-v2\\examples\\options_metrics_integration.py', reloading
2025-03-27 01:47:45,399 - werkzeug - INFO -  * Restarting with stat
2025-03-27 01:47:48,607 - __main__ - INFO - Starting Options-Technical Hybrid Scanner
2025-03-27 01:47:48,656 - werkzeug - WARNING -  * Debugger is active!
2025-03-27 01:47:48,668 - werkzeug - INFO -  * Debugger PIN: 216-997-372
2025-03-27 01:49:07,111 - werkzeug - INFO - 127.0.0.1 - - [27/Mar/2025 01:49:07] "GET / HTTP/1.1" 200 -
2025-03-27 01:49:07,327 - werkzeug - INFO - 127.0.0.1 - - [27/Mar/2025 01:49:07] "[36mGET /static/js/app.js HTTP/1.1[0m" 304 -
2025-03-27 01:49:07,333 - werkzeug - INFO - 127.0.0.1 - - [27/Mar/2025 01:49:07] "[36mGET /static/css/styles.css HTTP/1.1[0m" 304 -
2025-03-27 01:49:07,401 - werkzeug - INFO - 127.0.0.1 - - [27/Mar/2025 01:49:07] "GET /api/results HTTP/1.1" 200 -
2025-03-27 01:50:31,406 - __main__ - INFO - Starting Options-Technical Hybrid Scanner
2025-03-27 01:50:31,443 - werkzeug - INFO - [31m[1mWARNING: This is a development server. Do not use it in a production deployment. Use a production WSGI server instead.[0m
 * Running on all addresses (0.0.0.0)
 * Running on http://127.0.0.1:8080
 * Running on http://192.168.88.9:8080
2025-03-27 01:50:31,444 - werkzeug - INFO - [33mPress CTRL+C to quit[0m
2025-03-27 01:50:31,446 - werkzeug - INFO -  * Restarting with stat
2025-03-27 01:50:34,114 - __main__ - INFO - Starting Options-Technical Hybrid Scanner
2025-03-27 01:50:34,146 - werkzeug - WARNING -  * Debugger is active!
2025-03-27 01:50:34,157 - werkzeug - INFO -  * Debugger PIN: 216-997-372
2025-03-27 01:50:39,375 - werkzeug - INFO - 127.0.0.1 - - [27/Mar/2025 01:50:39] "GET / HTTP/1.1" 200 -
2025-03-27 01:50:39,443 - werkzeug - INFO - 127.0.0.1 - - [27/Mar/2025 01:50:39] "[36mGET /static/css/styles.css HTTP/1.1[0m" 304 -
2025-03-27 01:50:39,447 - werkzeug - INFO - 127.0.0.1 - - [27/Mar/2025 01:50:39] "[36mGET /static/js/app.js HTTP/1.1[0m" 304 -
2025-03-27 01:50:40,064 - werkzeug - INFO - 127.0.0.1 - - [27/Mar/2025 01:50:40] "GET /api/results HTTP/1.1" 200 -
2025-03-27 01:50:52,152 - src.modules.scanner - INFO - Loading configuration from config.json
2025-03-27 01:50:52,184 - src.modules.scanner - INFO - Using cached NASDAQ constituents
2025-03-27 01:50:52,185 - src.modules.scanner - INFO - Loaded 101 symbols from NASDAQ Composite
2025-03-27 01:50:52,187 - src.modules.scanner - INFO - Starting scan for 101 symbols
2025-03-27 01:50:52,188 - werkzeug - INFO - 127.0.0.1 - - [27/Mar/2025 01:50:52] "GET /api/scan?filters={"trend":["bullish","bearish","neutral"],"pcr_min":0,"pcr_max":2,"rsi_min":0,"rsi_max":100,"stoch_rsi_min":0,"stoch_rsi_max":100,"min_confidence":60} HTTP/1.1" 200 -
2025-03-27 01:50:52,190 - src.modules.scanner - INFO - Processing ADBE... (1/101)
2025-03-27 01:50:52,699 - src.modules.scanner - INFO - Fetched price for ADBE: $397.81
2025-03-27 01:50:52,700 - src.modules.scanner - INFO - Generated bearish setup for ADBE with 79.1% confidence at $397.81
2025-03-27 01:50:52,701 - src.modules.scanner - INFO - Added ADBE to results
2025-03-27 01:50:52,702 - src.modules.scanner - INFO - Processing AMAT... (2/101)
2025-03-27 01:50:52,798 - src.modules.scanner - INFO - Fetched price for AMAT: $150.68
2025-03-27 01:50:52,799 - src.modules.scanner - INFO - Generated bullish setup for AMAT with 92.5% confidence at $150.68
2025-03-27 01:50:52,800 - src.modules.scanner - INFO - Added AMAT to results
2025-03-27 01:50:52,801 - src.modules.scanner - INFO - Processing CSCO... (3/101)
2025-03-27 01:50:52,893 - src.modules.scanner - INFO - Fetched price for CSCO: $61.80
2025-03-27 01:50:52,894 - src.modules.scanner - INFO - Generated neutral setup for CSCO with 82.1% confidence at $61.80
2025-03-27 01:50:52,895 - src.modules.scanner - INFO - Added CSCO to results
2025-03-27 01:50:52,896 - src.modules.scanner - INFO - Processing FAST... (4/101)
2025-03-27 01:50:53,021 - src.modules.scanner - INFO - Fetched price for FAST: $77.09
2025-03-27 01:50:53,022 - src.modules.scanner - INFO - Generated neutral setup for FAST with 71.5% confidence at $77.09
2025-03-27 01:50:53,023 - src.modules.scanner - INFO - Added FAST to results
2025-03-27 01:50:53,024 - src.modules.scanner - INFO - Processing MSFT... (5/101)
2025-03-27 01:50:53,112 - src.modules.scanner - INFO - Fetched price for MSFT: $389.97
2025-03-27 01:50:53,113 - src.modules.scanner - INFO - Generated bullish setup for MSFT with 65.6% confidence at $389.97
2025-03-27 01:50:53,114 - src.modules.scanner - INFO - Added MSFT to results
2025-03-27 01:50:53,114 - src.modules.scanner - INFO - Processing PAYX... (6/101)
2025-03-27 01:50:53,266 - src.modules.scanner - INFO - Fetched price for PAYX: $150.19
2025-03-27 01:50:53,267 - src.modules.scanner - INFO - Generated bullish setup for PAYX with 73.6% confidence at $150.19
2025-03-27 01:50:53,268 - src.modules.scanner - INFO - Added PAYX to results
2025-03-27 01:50:53,269 - src.modules.scanner - INFO - Processing QCOM... (7/101)
2025-03-27 01:50:53,367 - src.modules.scanner - INFO - Fetched price for QCOM: $158.39
2025-03-27 01:50:53,368 - src.modules.scanner - INFO - Generated bearish setup for QCOM with 81.3% confidence at $158.39
2025-03-27 01:50:53,368 - src.modules.scanner - INFO - Added QCOM to results
2025-03-27 01:50:53,369 - src.modules.scanner - INFO - Processing AXON... (8/101)
2025-03-27 01:50:53,437 - src.modules.scanner - INFO - Fetched price for AXON: $559.06
2025-03-27 01:50:53,437 - src.modules.scanner - INFO - Generated bullish setup for AXON with 61.2% confidence at $559.06
2025-03-27 01:50:53,438 - src.modules.scanner - INFO - Added AXON to results
2025-03-27 01:50:53,439 - src.modules.scanner - INFO - Processing MSTR... (9/101)
2025-03-27 01:50:53,717 - src.modules.scanner - INFO - Fetched price for MSTR: $329.31
2025-03-27 01:50:53,718 - src.modules.scanner - INFO - Generated neutral setup for MSTR with 66.8% confidence at $329.31
2025-03-27 01:50:53,719 - src.modules.scanner - INFO - Added MSTR to results
2025-03-27 01:50:53,720 - src.modules.scanner - INFO - Processing PLTR... (10/101)
2025-03-27 01:50:53,787 - src.modules.scanner - INFO - Fetched price for PLTR: $92.28
2025-03-27 01:50:53,788 - src.modules.scanner - INFO - Generated bearish setup for PLTR with 70.1% confidence at $92.28
2025-03-27 01:50:53,788 - src.modules.scanner - INFO - Added PLTR to results
2025-03-27 01:50:53,789 - src.modules.scanner - INFO - Processing APP... (11/101)
2025-03-27 01:50:53,855 - src.modules.scanner - INFO - Fetched price for APP: $327.62
2025-03-27 01:50:53,856 - src.modules.scanner - INFO - Generated neutral setup for APP with 69.1% confidence at $327.62
2025-03-27 01:50:53,857 - src.modules.scanner - INFO - Added APP to results
2025-03-27 01:50:53,858 - src.modules.scanner - INFO - Processing ARM... (12/101)
2025-03-27 01:50:53,941 - src.modules.scanner - INFO - Fetched price for ARM: $114.93
2025-03-27 01:50:53,942 - src.modules.scanner - INFO - Generated bearish setup for ARM with 89.8% confidence at $114.93
2025-03-27 01:50:53,943 - src.modules.scanner - INFO - Added ARM to results
2025-03-27 01:50:53,943 - src.modules.scanner - INFO - Processing LIN... (13/101)
2025-03-27 01:50:54,069 - src.modules.scanner - INFO - Fetched price for LIN: $461.43
2025-03-27 01:50:54,070 - src.modules.scanner - INFO - Generated bullish setup for LIN with 77.5% confidence at $461.43
2025-03-27 01:50:54,070 - src.modules.scanner - INFO - Added LIN to results
2025-03-27 01:50:54,071 - src.modules.scanner - INFO - Processing CCEP... (14/101)
2025-03-27 01:50:54,338 - src.modules.scanner - INFO - Fetched price for CCEP: $85.37
2025-03-27 01:50:54,339 - src.modules.scanner - INFO - Generated neutral setup for CCEP with 77.3% confidence at $85.37
2025-03-27 01:50:54,340 - src.modules.scanner - INFO - Added CCEP to results
2025-03-27 01:50:54,341 - src.modules.scanner - INFO - Processing DASH... (15/101)
2025-03-27 01:50:54,410 - src.modules.scanner - INFO - Fetched price for DASH: $192.87
2025-03-27 01:50:54,411 - src.modules.scanner - INFO - Generated bullish setup for DASH with 77.6% confidence at $192.87
2025-03-27 01:50:54,412 - src.modules.scanner - INFO - Added DASH to results
2025-03-27 01:50:54,412 - src.modules.scanner - INFO - Processing MDB... (16/101)
2025-03-27 01:50:54,477 - src.modules.scanner - INFO - Fetched price for MDB: $193.66
2025-03-27 01:50:54,477 - src.modules.scanner - INFO - Generated bearish setup for MDB with 91.6% confidence at $193.66
2025-03-27 01:50:54,479 - src.modules.scanner - INFO - Added MDB to results
2025-03-27 01:50:54,479 - src.modules.scanner - INFO - Processing ROP... (17/101)
2025-03-27 01:50:54,598 - src.modules.scanner - INFO - Fetched price for ROP: $582.71
2025-03-27 01:50:54,599 - src.modules.scanner - INFO - Generated bearish setup for ROP with 63.4% confidence at $582.71
2025-03-27 01:50:54,600 - src.modules.scanner - INFO - Added ROP to results
2025-03-27 01:50:54,601 - src.modules.scanner - INFO - Processing TTD... (18/101)
2025-03-27 01:50:54,679 - src.modules.scanner - INFO - Fetched price for TTD: $58.80
2025-03-27 01:50:54,680 - src.modules.scanner - INFO - Generated bullish setup for TTD with 90.3% confidence at $58.80
2025-03-27 01:50:54,681 - src.modules.scanner - INFO - Added TTD to results
2025-03-27 01:50:54,682 - src.modules.scanner - INFO - Processing ON... (19/101)
2025-03-27 01:50:54,762 - src.modules.scanner - INFO - Fetched price for ON: $45.04
2025-03-27 01:50:54,763 - src.modules.scanner - INFO - Generated bullish setup for ON with 73.6% confidence at $45.04
2025-03-27 01:50:54,764 - src.modules.scanner - INFO - Added ON to results
2025-03-27 01:50:54,764 - src.modules.scanner - INFO - Processing GEHC... (20/101)
2025-03-27 01:50:54,838 - src.modules.scanner - INFO - Fetched price for GEHC: $81.00
2025-03-27 01:50:54,839 - src.modules.scanner - INFO - Generated bullish setup for GEHC with 67.2% confidence at $81.00
2025-03-27 01:50:54,839 - src.modules.scanner - INFO - Added GEHC to results
2025-03-27 01:50:54,840 - src.modules.scanner - INFO - Processing BKR... (21/101)
2025-03-27 01:50:54,942 - src.modules.scanner - INFO - Fetched price for BKR: $44.02
2025-03-27 01:50:54,943 - src.modules.scanner - INFO - Generated neutral setup for BKR with 83.7% confidence at $44.02
2025-03-27 01:50:54,944 - src.modules.scanner - INFO - Added BKR to results
2025-03-27 01:50:54,945 - src.modules.scanner - INFO - Processing FANG... (22/101)
2025-03-27 01:50:55,018 - src.modules.scanner - INFO - Fetched price for FANG: $163.09
2025-03-27 01:50:55,019 - src.modules.scanner - INFO - Generated bullish setup for FANG with 64.8% confidence at $163.09
2025-03-27 01:50:55,020 - src.modules.scanner - INFO - Added FANG to results
2025-03-27 01:50:55,021 - src.modules.scanner - INFO - Processing GFS... (23/101)
2025-03-27 01:50:55,120 - src.modules.scanner - INFO - Fetched price for GFS: $38.75
2025-03-27 01:50:55,121 - src.modules.scanner - INFO - Generated bearish setup for GFS with 89.0% confidence at $38.75
2025-03-27 01:50:55,122 - src.modules.scanner - INFO - Added GFS to results
2025-03-27 01:50:55,123 - src.modules.scanner - INFO - Processing WBD... (24/101)
2025-03-27 01:50:55,210 - src.modules.scanner - INFO - Fetched price for WBD: $11.03
2025-03-27 01:50:55,211 - src.modules.scanner - INFO - Generated bearish setup for WBD with 60.4% confidence at $11.03
2025-03-27 01:50:55,212 - src.modules.scanner - INFO - Added WBD to results
2025-03-27 01:50:55,212 - src.modules.scanner - INFO - Processing AZN... (25/101)
2025-03-27 01:50:55,324 - src.modules.scanner - INFO - Fetched price for AZN: $72.72
2025-03-27 01:50:55,325 - src.modules.scanner - INFO - Generated bearish setup for AZN with 72.1% confidence at $72.72
2025-03-27 01:50:55,326 - src.modules.scanner - INFO - Added AZN to results
2025-03-27 01:50:55,327 - src.modules.scanner - INFO - Processing CEG... (26/101)
2025-03-27 01:50:55,405 - src.modules.scanner - INFO - Fetched price for CEG: $216.97
2025-03-27 01:50:55,406 - src.modules.scanner - INFO - Generated bullish setup for CEG with 88.1% confidence at $216.97
2025-03-27 01:50:55,407 - src.modules.scanner - INFO - Added CEG to results
2025-03-27 01:50:55,408 - src.modules.scanner - INFO - Processing ODFL... (27/101)
2025-03-27 01:50:55,519 - src.modules.scanner - INFO - Fetched price for ODFL: $168.67
2025-03-27 01:50:55,520 - src.modules.scanner - INFO - Generated neutral setup for ODFL with 62.8% confidence at $168.67
2025-03-27 01:50:55,521 - src.modules.scanner - INFO - Added ODFL to results
2025-03-27 01:50:55,521 - src.modules.scanner - INFO - Processing TEAM... (28/101)
2025-03-27 01:50:55,673 - src.modules.scanner - INFO - Fetched price for TEAM: $229.65
2025-03-27 01:50:55,674 - src.modules.scanner - INFO - Generated neutral setup for TEAM with 88.6% confidence at $229.65
2025-03-27 01:50:55,675 - src.modules.scanner - INFO - Added TEAM to results
2025-03-27 01:50:55,675 - src.modules.scanner - INFO - Processing ABNB... (29/101)
2025-03-27 01:50:55,743 - src.modules.scanner - INFO - Fetched price for ABNB: $128.64
2025-03-27 01:50:55,743 - src.modules.scanner - INFO - Generated bearish setup for ABNB with 86.2% confidence at $128.64
2025-03-27 01:50:55,744 - src.modules.scanner - INFO - Added ABNB to results
2025-03-27 01:50:55,745 - src.modules.scanner - INFO - Processing FTNT... (30/101)
2025-03-27 01:50:55,816 - src.modules.scanner - INFO - Fetched price for FTNT: $101.01
2025-03-27 01:50:55,817 - src.modules.scanner - INFO - Generated bullish setup for FTNT with 74.3% confidence at $101.01
2025-03-27 01:50:55,818 - src.modules.scanner - INFO - Added FTNT to results
2025-03-27 01:50:55,819 - src.modules.scanner - INFO - Processing PANW... (31/101)
2025-03-27 01:50:55,892 - src.modules.scanner - INFO - Fetched price for PANW: $184.96
2025-03-27 01:50:55,893 - src.modules.scanner - INFO - Generated neutral setup for PANW with 78.9% confidence at $184.96
2025-03-27 01:50:55,894 - src.modules.scanner - INFO - Added PANW to results
2025-03-27 01:50:55,895 - src.modules.scanner - INFO - Processing ZS... (32/101)
2025-03-27 01:50:55,962 - src.modules.scanner - INFO - Fetched price for ZS: $211.55
2025-03-27 01:50:55,963 - src.modules.scanner - INFO - Generated bullish setup for ZS with 63.7% confidence at $211.55
2025-03-27 01:50:55,964 - src.modules.scanner - INFO - Added ZS to results
2025-03-27 01:50:55,965 - src.modules.scanner - INFO - Processing DDOG... (33/101)
2025-03-27 01:50:56,156 - src.modules.scanner - INFO - Fetched price for DDOG: $107.97
2025-03-27 01:50:56,157 - src.modules.scanner - INFO - Generated neutral setup for DDOG with 90.1% confidence at $107.97
2025-03-27 01:50:56,158 - src.modules.scanner - INFO - Added DDOG to results
2025-03-27 01:50:56,159 - src.modules.scanner - INFO - Processing CRWD... (34/101)
2025-03-27 01:50:56,335 - src.modules.scanner - INFO - Fetched price for CRWD: $371.41
2025-03-27 01:50:56,337 - src.modules.scanner - INFO - Generated neutral setup for CRWD with 65.7% confidence at $371.41
2025-03-27 01:50:56,338 - src.modules.scanner - INFO - Added CRWD to results
2025-03-27 01:50:56,338 - src.modules.scanner - INFO - Processing HON... (35/101)
2025-03-27 01:50:56,507 - src.modules.scanner - INFO - Fetched price for HON: $213.12
2025-03-27 01:50:56,508 - src.modules.scanner - INFO - Generated neutral setup for HON with 90.9% confidence at $213.12
2025-03-27 01:50:56,508 - src.modules.scanner - INFO - Added HON to results
2025-03-27 01:50:56,509 - src.modules.scanner - INFO - Processing AEP... (36/101)
2025-03-27 01:50:56,647 - src.modules.scanner - INFO - Fetched price for AEP: $103.90
2025-03-27 01:50:56,648 - src.modules.scanner - INFO - Generated neutral setup for AEP with 66.7% confidence at $103.90
2025-03-27 01:50:56,649 - src.modules.scanner - INFO - Added AEP to results
2025-03-27 01:50:56,650 - src.modules.scanner - INFO - Processing NFLX... (37/101)
2025-03-27 01:50:56,713 - src.modules.scanner - INFO - Fetched price for NFLX: $970.65
2025-03-27 01:50:56,714 - src.modules.scanner - INFO - Generated neutral setup for NFLX with 77.4% confidence at $970.65
2025-03-27 01:50:56,715 - src.modules.scanner - INFO - Added NFLX to results
2025-03-27 01:50:56,716 - src.modules.scanner - INFO - Processing KDP... (38/101)
2025-03-27 01:50:56,796 - src.modules.scanner - INFO - Fetched price for KDP: $34.06
2025-03-27 01:50:56,797 - src.modules.scanner - INFO - Generated neutral setup for KDP with 88.7% confidence at $34.06
2025-03-27 01:50:56,798 - src.modules.scanner - INFO - Added KDP to results
2025-03-27 01:50:56,799 - src.modules.scanner - INFO - Processing PDD... (39/101)
2025-03-27 01:50:56,866 - src.modules.scanner - INFO - Fetched price for PDD: $122.47
2025-03-27 01:50:56,867 - src.modules.scanner - INFO - Generated bullish setup for PDD with 63.6% confidence at $122.47
2025-03-27 01:50:56,867 - src.modules.scanner - INFO - Added PDD to results
2025-03-27 01:50:56,868 - src.modules.scanner - INFO - Processing DXCM... (40/101)
2025-03-27 01:50:56,937 - src.modules.scanner - INFO - Fetched price for DXCM: $72.13
2025-03-27 01:50:56,938 - src.modules.scanner - INFO - Generated bearish setup for DXCM with 83.4% confidence at $72.13
2025-03-27 01:50:56,939 - src.modules.scanner - INFO - Added DXCM to results
2025-03-27 01:50:56,940 - src.modules.scanner - INFO - Processing ANSS... (41/101)
2025-03-27 01:50:57,018 - src.modules.scanner - INFO - Fetched price for ANSS: $323.34
2025-03-27 01:50:57,019 - src.modules.scanner - INFO - Generated bearish setup for ANSS with 64.4% confidence at $323.34
2025-03-27 01:50:57,020 - src.modules.scanner - INFO - Added ANSS to results
2025-03-27 01:50:57,021 - src.modules.scanner - INFO - Processing CDW... (42/101)
2025-03-27 01:50:57,110 - src.modules.scanner - INFO - Fetched price for CDW: $167.33
2025-03-27 01:50:57,111 - src.modules.scanner - INFO - Generated bearish setup for CDW with 90.2% confidence at $167.33
2025-03-27 01:50:57,112 - src.modules.scanner - INFO - Added CDW to results
2025-03-27 01:50:57,113 - src.modules.scanner - INFO - Processing CPRT... (43/101)
2025-03-27 01:50:57,184 - src.modules.scanner - INFO - Fetched price for CPRT: $55.07
2025-03-27 01:50:57,186 - src.modules.scanner - INFO - Generated neutral setup for CPRT with 73.9% confidence at $55.07
2025-03-27 01:50:57,187 - src.modules.scanner - INFO - Added CPRT to results
2025-03-27 01:50:57,188 - src.modules.scanner - INFO - Processing CSGP... (44/101)
2025-03-27 01:50:57,253 - src.modules.scanner - INFO - Fetched price for CSGP: $80.37
2025-03-27 01:50:57,253 - src.modules.scanner - INFO - Generated neutral setup for CSGP with 90.9% confidence at $80.37
2025-03-27 01:50:57,254 - src.modules.scanner - INFO - Added CSGP to results
2025-03-27 01:50:57,255 - src.modules.scanner - INFO - Processing EXC... (45/101)
2025-03-27 01:50:57,378 - src.modules.scanner - INFO - Fetched price for EXC: $44.02
2025-03-27 01:50:57,379 - src.modules.scanner - INFO - Generated bullish setup for EXC with 90.8% confidence at $44.02
2025-03-27 01:50:57,379 - src.modules.scanner - INFO - Added EXC to results
2025-03-27 01:50:57,380 - src.modules.scanner - INFO - Processing AMD... (46/101)
2025-03-27 01:50:57,445 - src.modules.scanner - INFO - Fetched price for AMD: $110.19
2025-03-27 01:50:57,446 - src.modules.scanner - INFO - Generated bearish setup for AMD with 74.2% confidence at $110.19
2025-03-27 01:50:57,446 - src.modules.scanner - INFO - Added AMD to results
2025-03-27 01:50:57,447 - src.modules.scanner - INFO - Processing LULU... (47/101)
2025-03-27 01:50:57,515 - src.modules.scanner - INFO - Fetched price for LULU: $337.79
2025-03-27 01:50:57,516 - src.modules.scanner - INFO - Generated bullish setup for LULU with 83.7% confidence at $337.79
2025-03-27 01:50:57,517 - src.modules.scanner - INFO - Added LULU to results
2025-03-27 01:50:57,518 - src.modules.scanner - INFO - Processing XEL... (48/101)
2025-03-27 01:50:57,649 - src.modules.scanner - INFO - Fetched price for XEL: $68.92
2025-03-27 01:50:57,650 - src.modules.scanner - INFO - Generated neutral setup for XEL with 74.0% confidence at $68.92
2025-03-27 01:50:57,651 - src.modules.scanner - INFO - Added XEL to results
2025-03-27 01:50:57,652 - src.modules.scanner - INFO - Processing PEP... (49/101)
2025-03-27 01:50:57,776 - src.modules.scanner - INFO - Fetched price for PEP: $148.64
2025-03-27 01:50:57,777 - src.modules.scanner - INFO - Generated bullish setup for PEP with 87.9% confidence at $148.64
2025-03-27 01:50:57,778 - src.modules.scanner - INFO - Added PEP to results
2025-03-27 01:50:57,779 - src.modules.scanner - INFO - Processing ASML... (50/101)
2025-03-27 01:50:57,858 - src.modules.scanner - INFO - Fetched price for ASML: $705.76
2025-03-27 01:50:57,859 - src.modules.scanner - INFO - Generated neutral setup for ASML with 61.4% confidence at $705.76
2025-03-27 01:50:57,860 - src.modules.scanner - INFO - Added ASML to results
2025-03-27 01:50:57,922 - src.modules.scanner - INFO - Fetched price for ASML: $705.76
2025-03-27 01:50:57,923 - src.modules.market_context - INFO - Fetching data for ASML
2025-03-27 01:50:58,272 - src.modules.key_levels - INFO - Fetching options data for ASML
2025-03-27 01:50:58,753 - src.modules.scanner - INFO - Filtered out ASML setup: confidence=61.4%, trend=neutral
2025-03-27 01:50:58,754 - src.modules.scanner - INFO - Processing SNPS... (51/101)
2025-03-27 01:50:58,819 - src.modules.scanner - INFO - Fetched price for SNPS: $449.90
2025-03-27 01:50:58,820 - src.modules.scanner - INFO - Generated bearish setup for SNPS with 60.4% confidence at $449.90
2025-03-27 01:50:58,821 - src.modules.scanner - INFO - Added SNPS to results
2025-03-27 01:50:58,822 - src.modules.scanner - INFO - Processing TTWO... (52/101)
2025-03-27 01:50:58,912 - src.modules.scanner - INFO - Fetched price for TTWO: $215.89
2025-03-27 01:50:58,913 - src.modules.scanner - INFO - Generated bullish setup for TTWO with 90.3% confidence at $215.89
2025-03-27 01:50:58,914 - src.modules.scanner - INFO - Added TTWO to results
2025-03-27 01:50:58,915 - src.modules.scanner - INFO - Processing WDAY... (53/101)
2025-03-27 01:50:58,987 - src.modules.scanner - INFO - Fetched price for WDAY: $250.79
2025-03-27 01:50:58,988 - src.modules.scanner - INFO - Generated neutral setup for WDAY with 83.1% confidence at $250.79
2025-03-27 01:50:58,989 - src.modules.scanner - INFO - Added WDAY to results
2025-03-27 01:50:58,989 - src.modules.scanner - INFO - Processing MELI... (54/101)
2025-03-27 01:50:59,092 - src.modules.scanner - INFO - Fetched price for MELI: $2074.97
2025-03-27 01:50:59,093 - src.modules.scanner - INFO - Generated bearish setup for MELI with 82.6% confidence at $2074.97
2025-03-27 01:50:59,094 - src.modules.scanner - INFO - Added MELI to results
2025-03-27 01:50:59,094 - src.modules.scanner - INFO - Processing IDXX... (55/101)
2025-03-27 01:50:59,168 - src.modules.scanner - INFO - Fetched price for IDXX: $417.71
2025-03-27 01:50:59,169 - src.modules.scanner - INFO - Generated neutral setup for IDXX with 83.0% confidence at $417.71
2025-03-27 01:50:59,170 - src.modules.scanner - INFO - Added IDXX to results
2025-03-27 01:50:59,171 - src.modules.scanner - INFO - Processing CSX... (56/101)
2025-03-27 01:50:59,307 - src.modules.scanner - INFO - Fetched price for CSX: $29.90
2025-03-27 01:50:59,308 - src.modules.scanner - INFO - Generated bearish setup for CSX with 94.4% confidence at $29.90
2025-03-27 01:50:59,309 - src.modules.scanner - INFO - Added CSX to results
2025-03-27 01:50:59,310 - src.modules.scanner - INFO - Processing TMUS... (57/101)
2025-03-27 01:50:59,412 - src.modules.scanner - INFO - Fetched price for TMUS: $262.51
2025-03-27 01:50:59,413 - src.modules.scanner - INFO - Generated bullish setup for TMUS with 63.9% confidence at $262.51
2025-03-27 01:50:59,414 - src.modules.scanner - INFO - Added TMUS to results
2025-03-27 01:50:59,415 - src.modules.scanner - INFO - Processing PYPL... (58/101)
2025-03-27 01:50:59,488 - src.modules.scanner - INFO - Fetched price for PYPL: $69.97
2025-03-27 01:50:59,489 - src.modules.scanner - INFO - Generated neutral setup for PYPL with 74.7% confidence at $69.97
2025-03-27 01:50:59,490 - src.modules.scanner - INFO - Added PYPL to results
2025-03-27 01:50:59,491 - src.modules.scanner - INFO - Processing KHC... (59/101)
2025-03-27 01:50:59,572 - src.modules.scanner - INFO - Fetched price for KHC: $29.69
2025-03-27 01:50:59,573 - src.modules.scanner - INFO - Generated bearish setup for KHC with 88.6% confidence at $29.69
2025-03-27 01:50:59,574 - src.modules.scanner - INFO - Added KHC to results
2025-03-27 01:50:59,574 - src.modules.scanner - INFO - Processing GOOG... (60/101)
2025-03-27 01:50:59,647 - src.modules.scanner - INFO - Fetched price for GOOG: $167.14
2025-03-27 01:50:59,648 - src.modules.scanner - INFO - Generated bearish setup for GOOG with 85.5% confidence at $167.14
2025-03-27 01:50:59,650 - src.modules.scanner - INFO - Added GOOG to results
2025-03-27 01:50:59,650 - src.modules.scanner - INFO - Processing NXPI... (61/101)
2025-03-27 01:50:59,731 - src.modules.scanner - INFO - Fetched price for NXPI: $205.75
2025-03-27 01:50:59,732 - src.modules.scanner - INFO - Generated bearish setup for NXPI with 92.0% confidence at $205.75
2025-03-27 01:50:59,732 - src.modules.scanner - INFO - Added NXPI to results
2025-03-27 01:50:59,733 - src.modules.scanner - INFO - Processing MAR... (62/101)
2025-03-27 01:50:59,834 - src.modules.scanner - INFO - Fetched price for MAR: $246.72
2025-03-27 01:50:59,835 - src.modules.scanner - INFO - Generated bullish setup for MAR with 91.4% confidence at $246.72
2025-03-27 01:50:59,836 - src.modules.scanner - INFO - Added MAR to results
2025-03-27 01:50:59,837 - src.modules.scanner - INFO - Processing CHTR... (63/101)
2025-03-27 01:50:59,912 - src.modules.scanner - INFO - Fetched price for CHTR: $384.77
2025-03-27 01:50:59,913 - src.modules.scanner - INFO - Generated bearish setup for CHTR with 70.1% confidence at $384.77
2025-03-27 01:50:59,914 - src.modules.scanner - INFO - Added CHTR to results
2025-03-27 01:50:59,915 - src.modules.scanner - INFO - Processing TSLA... (64/101)
2025-03-27 01:50:59,985 - src.modules.scanner - INFO - Fetched price for TSLA: $272.06
2025-03-27 01:50:59,986 - src.modules.scanner - INFO - Generated bearish setup for TSLA with 88.5% confidence at $272.06
2025-03-27 01:50:59,987 - src.modules.scanner - INFO - Added TSLA to results
2025-03-27 01:50:59,988 - src.modules.scanner - INFO - Processing EA... (65/101)
2025-03-27 01:51:00,070 - src.modules.scanner - INFO - Fetched price for EA: $145.19
2025-03-27 01:51:00,071 - src.modules.scanner - INFO - Generated bearish setup for EA with 71.6% confidence at $145.19
2025-03-27 01:51:00,072 - src.modules.scanner - INFO - Added EA to results
2025-03-27 01:51:00,073 - src.modules.scanner - INFO - Processing MRVL... (66/101)
2025-03-27 01:51:00,156 - src.modules.scanner - INFO - Fetched price for MRVL: $66.76
2025-03-27 01:51:00,157 - src.modules.scanner - INFO - Generated bearish setup for MRVL with 94.9% confidence at $66.76
2025-03-27 01:51:00,158 - src.modules.scanner - INFO - Added MRVL to results
2025-03-27 01:51:00,159 - src.modules.scanner - INFO - Processing REGN... (67/101)
2025-03-27 01:51:00,231 - src.modules.scanner - INFO - Fetched price for REGN: $640.14
2025-03-27 01:51:00,232 - src.modules.scanner - INFO - Generated bearish setup for REGN with 80.4% confidence at $640.14
2025-03-27 01:51:00,233 - src.modules.scanner - INFO - Added REGN to results
2025-03-27 01:51:00,234 - src.modules.scanner - INFO - Processing VRSK... (68/101)
2025-03-27 01:51:00,316 - src.modules.scanner - INFO - Fetched price for VRSK: $292.03
2025-03-27 01:51:00,317 - src.modules.scanner - INFO - Generated bearish setup for VRSK with 61.7% confidence at $292.03
2025-03-27 01:51:00,318 - src.modules.scanner - INFO - Added VRSK to results
2025-03-27 01:51:00,319 - src.modules.scanner - INFO - Processing META... (69/101)
2025-03-27 01:51:00,391 - src.modules.scanner - INFO - Fetched price for META: $610.98
2025-03-27 01:51:00,391 - src.modules.scanner - INFO - Generated bearish setup for META with 85.5% confidence at $610.98
2025-03-27 01:51:00,392 - src.modules.scanner - INFO - Added META to results
2025-03-27 01:51:00,393 - src.modules.scanner - INFO - Processing ADI... (70/101)
2025-03-27 01:51:00,492 - src.modules.scanner - INFO - Fetched price for ADI: $210.53
2025-03-27 01:51:00,493 - src.modules.scanner - INFO - Generated bullish setup for ADI with 68.0% confidence at $210.53
2025-03-27 01:51:00,494 - src.modules.scanner - INFO - Added ADI to results
2025-03-27 01:51:00,495 - src.modules.scanner - INFO - Processing MDLZ... (71/101)
2025-03-27 01:51:00,598 - src.modules.scanner - INFO - Fetched price for MDLZ: $66.33
2025-03-27 01:51:00,599 - src.modules.scanner - INFO - Generated bullish setup for MDLZ with 93.0% confidence at $66.33
2025-03-27 01:51:00,600 - src.modules.scanner - INFO - Added MDLZ to results
2025-03-27 01:51:00,601 - src.modules.scanner - INFO - Processing TXN... (72/101)
2025-03-27 01:51:00,737 - src.modules.scanner - INFO - Fetched price for TXN: $184.49
2025-03-27 01:51:00,738 - src.modules.scanner - INFO - Generated bearish setup for TXN with 74.5% confidence at $184.49
2025-03-27 01:51:00,739 - src.modules.scanner - INFO - Added TXN to results
2025-03-27 01:51:00,740 - src.modules.scanner - INFO - Processing AVGO... (73/101)
2025-03-27 01:51:00,829 - src.modules.scanner - INFO - Fetched price for AVGO: $179.27
2025-03-27 01:51:00,830 - src.modules.scanner - INFO - Generated neutral setup for AVGO with 94.7% confidence at $179.27
2025-03-27 01:51:00,831 - src.modules.scanner - INFO - Added AVGO to results
2025-03-27 01:51:00,832 - src.modules.scanner - INFO - Processing BKNG... (74/101)
2025-03-27 01:51:00,905 - src.modules.scanner - INFO - Fetched price for BKNG: $4764.16
2025-03-27 01:51:00,906 - src.modules.scanner - INFO - Generated bearish setup for BKNG with 79.6% confidence at $4764.16
2025-03-27 01:51:00,907 - src.modules.scanner - INFO - Added BKNG to results
2025-03-27 01:51:00,908 - src.modules.scanner - INFO - Processing ADP... (75/101)
2025-03-27 01:51:01,042 - src.modules.scanner - INFO - Fetched price for ADP: $302.41
2025-03-27 01:51:01,043 - src.modules.scanner - INFO - Generated neutral setup for ADP with 79.7% confidence at $302.41
2025-03-27 01:51:01,044 - src.modules.scanner - INFO - Added ADP to results
2025-03-27 01:51:01,045 - src.modules.scanner - INFO - Processing ORLY... (76/101)
2025-03-27 01:51:01,114 - src.modules.scanner - INFO - Fetched price for ORLY: $1380.98
2025-03-27 01:51:01,115 - src.modules.scanner - INFO - Generated bullish setup for ORLY with 64.9% confidence at $1380.98
2025-03-27 01:51:01,116 - src.modules.scanner - INFO - Added ORLY to results
2025-03-27 01:51:01,117 - src.modules.scanner - INFO - Processing ROST... (77/101)
2025-03-27 01:51:01,229 - src.modules.scanner - INFO - Fetched price for ROST: $127.70
2025-03-27 01:51:01,230 - src.modules.scanner - INFO - Generated bearish setup for ROST with 64.6% confidence at $127.70
2025-03-27 01:51:01,231 - src.modules.scanner - INFO - Added ROST to results
2025-03-27 01:51:01,232 - src.modules.scanner - INFO - Processing MNST... (78/101)
2025-03-27 01:51:01,302 - src.modules.scanner - INFO - Fetched price for MNST: $57.76
2025-03-27 01:51:01,303 - src.modules.scanner - INFO - Generated bullish setup for MNST with 64.3% confidence at $57.76
2025-03-27 01:51:01,304 - src.modules.scanner - INFO - Added MNST to results
2025-03-27 01:51:01,305 - src.modules.scanner - INFO - Processing VRTX... (79/101)
2025-03-27 01:51:01,372 - src.modules.scanner - INFO - Fetched price for VRTX: $500.28
2025-03-27 01:51:01,373 - src.modules.scanner - INFO - Generated neutral setup for VRTX with 89.2% confidence at $500.28
2025-03-27 01:51:01,374 - src.modules.scanner - INFO - Added VRTX to results
2025-03-27 01:51:01,375 - src.modules.scanner - INFO - Processing ISRG... (80/101)
2025-03-27 01:51:01,451 - src.modules.scanner - INFO - Fetched price for ISRG: $509.03
2025-03-27 01:51:01,452 - src.modules.scanner - INFO - Generated bullish setup for ISRG with 90.6% confidence at $509.03
2025-03-27 01:51:01,453 - src.modules.scanner - INFO - Added ISRG to results
2025-03-27 01:51:01,454 - src.modules.scanner - INFO - Processing CDNS... (81/101)
2025-03-27 01:51:01,527 - src.modules.scanner - INFO - Fetched price for CDNS: $263.41
2025-03-27 01:51:01,528 - src.modules.scanner - INFO - Generated neutral setup for CDNS with 84.9% confidence at $263.41
2025-03-27 01:51:01,528 - src.modules.scanner - INFO - Added CDNS to results
2025-03-27 01:51:01,529 - src.modules.scanner - INFO - Processing GOOGL... (82/101)
2025-03-27 01:51:01,605 - src.modules.scanner - INFO - Fetched price for GOOGL: $165.06
2025-03-27 01:51:01,606 - src.modules.scanner - INFO - Generated neutral setup for GOOGL with 90.6% confidence at $165.06
2025-03-27 01:51:01,606 - src.modules.scanner - INFO - Added GOOGL to results
2025-03-27 01:51:01,607 - src.modules.scanner - INFO - Processing CTSH... (83/101)
2025-03-27 01:51:01,689 - src.modules.scanner - INFO - Fetched price for CTSH: $77.85
2025-03-27 01:51:01,690 - src.modules.scanner - INFO - Generated neutral setup for CTSH with 91.8% confidence at $77.85
2025-03-27 01:51:01,691 - src.modules.scanner - INFO - Added CTSH to results
2025-03-27 01:51:01,692 - src.modules.scanner - INFO - Processing ADSK... (84/101)
2025-03-27 01:51:01,782 - src.modules.scanner - INFO - Fetched price for ADSK: $271.21
2025-03-27 01:51:01,783 - src.modules.scanner - INFO - Generated neutral setup for ADSK with 73.8% confidence at $271.21
2025-03-27 01:51:01,784 - src.modules.scanner - INFO - Added ADSK to results
2025-03-27 01:51:01,785 - src.modules.scanner - INFO - Processing AMGN... (85/101)
2025-03-27 01:51:01,878 - src.modules.scanner - INFO - Fetched price for AMGN: $305.71
2025-03-27 01:51:01,879 - src.modules.scanner - INFO - Generated bullish setup for AMGN with 84.0% confidence at $305.71
2025-03-27 01:51:01,881 - src.modules.scanner - INFO - Added AMGN to results
2025-03-27 01:51:01,882 - src.modules.scanner - INFO - Processing LRCX... (86/101)
2025-03-27 01:51:01,978 - src.modules.scanner - INFO - Fetched price for LRCX: $76.14
2025-03-27 01:51:01,979 - src.modules.scanner - INFO - Generated bearish setup for LRCX with 63.5% confidence at $76.14
2025-03-27 01:51:01,980 - src.modules.scanner - INFO - Added LRCX to results
2025-03-27 01:51:01,981 - src.modules.scanner - INFO - Processing CMCSA... (87/101)
2025-03-27 01:51:02,106 - src.modules.scanner - INFO - Fetched price for CMCSA: $37.37
2025-03-27 01:51:02,107 - src.modules.scanner - INFO - Generated bearish setup for CMCSA with 71.7% confidence at $37.37
2025-03-27 01:51:02,108 - src.modules.scanner - INFO - Added CMCSA to results
2025-03-27 01:51:02,108 - src.modules.scanner - INFO - Processing GILD... (88/101)
2025-03-27 01:51:02,185 - src.modules.scanner - INFO - Fetched price for GILD: $109.27
2025-03-27 01:51:02,186 - src.modules.scanner - INFO - Generated bullish setup for GILD with 80.8% confidence at $109.27
2025-03-27 01:51:02,187 - src.modules.scanner - INFO - Added GILD to results
2025-03-27 01:51:02,188 - src.modules.scanner - INFO - Processing NVDA... (89/101)
2025-03-27 01:51:02,272 - src.modules.scanner - INFO - Fetched price for NVDA: $113.76
2025-03-27 01:51:02,274 - src.modules.scanner - INFO - Generated bearish setup for NVDA with 93.7% confidence at $113.76
2025-03-27 01:51:02,275 - src.modules.scanner - INFO - Added NVDA to results
2025-03-27 01:51:02,275 - src.modules.scanner - INFO - Processing AMZN... (90/101)
2025-03-27 01:51:02,354 - src.modules.scanner - INFO - Fetched price for AMZN: $201.13
2025-03-27 01:51:02,355 - src.modules.scanner - INFO - Generated bearish setup for AMZN with 87.7% confidence at $201.13
2025-03-27 01:51:02,356 - src.modules.scanner - INFO - Added AMZN to results
2025-03-27 01:51:02,356 - src.modules.scanner - INFO - Processing MCHP... (91/101)
2025-03-27 01:51:02,462 - src.modules.scanner - INFO - Fetched price for MCHP: $52.17
2025-03-27 01:51:02,463 - src.modules.scanner - INFO - Generated neutral setup for MCHP with 77.2% confidence at $52.17
2025-03-27 01:51:02,463 - src.modules.scanner - INFO - Added MCHP to results
2025-03-27 01:51:02,464 - src.modules.scanner - INFO - Processing SBUX... (92/101)
2025-03-27 01:51:02,553 - src.modules.scanner - INFO - Fetched price for SBUX: $97.97
2025-03-27 01:51:02,554 - src.modules.scanner - INFO - Generated bearish setup for SBUX with 63.6% confidence at $97.97
2025-03-27 01:51:02,555 - src.modules.scanner - INFO - Added SBUX to results
2025-03-27 01:51:02,555 - src.modules.scanner - INFO - Processing MU... (93/101)
2025-03-27 01:51:02,658 - src.modules.scanner - INFO - Fetched price for MU: $92.13
2025-03-27 01:51:02,659 - src.modules.scanner - INFO - Generated neutral setup for MU with 78.0% confidence at $92.13
2025-03-27 01:51:02,660 - src.modules.scanner - INFO - Added MU to results
2025-03-27 01:51:02,661 - src.modules.scanner - INFO - Processing INTU... (94/101)
2025-03-27 01:51:02,746 - src.modules.scanner - INFO - Fetched price for INTU: $614.86
2025-03-27 01:51:02,747 - src.modules.scanner - INFO - Generated bearish setup for INTU with 75.5% confidence at $614.86
2025-03-27 01:51:02,748 - src.modules.scanner - INFO - Added INTU to results
2025-03-27 01:51:02,749 - src.modules.scanner - INFO - Processing BIIB... (95/101)
2025-03-27 01:51:02,819 - src.modules.scanner - INFO - Fetched price for BIIB: $142.43
2025-03-27 01:51:02,820 - src.modules.scanner - INFO - Generated bearish setup for BIIB with 85.3% confidence at $142.43
2025-03-27 01:51:02,821 - src.modules.scanner - INFO - Added BIIB to results
2025-03-27 01:51:02,822 - src.modules.scanner - INFO - Processing AAPL... (96/101)
2025-03-27 01:51:02,939 - src.modules.scanner - INFO - Fetched price for AAPL: $221.53
2025-03-27 01:51:02,940 - src.modules.scanner - INFO - Generated bullish setup for AAPL with 91.3% confidence at $221.53
2025-03-27 01:51:02,941 - src.modules.scanner - INFO - Added AAPL to results
2025-03-27 01:51:02,941 - src.modules.scanner - INFO - Processing COST... (97/101)
2025-03-27 01:51:03,072 - src.modules.scanner - INFO - Fetched price for COST: $929.75
2025-03-27 01:51:03,073 - src.modules.scanner - INFO - Generated bullish setup for COST with 68.3% confidence at $929.75
2025-03-27 01:51:03,074 - src.modules.scanner - INFO - Added COST to results
2025-03-27 01:51:03,075 - src.modules.scanner - INFO - Processing CTAS... (98/101)
2025-03-27 01:51:03,204 - src.modules.scanner - INFO - Fetched price for CTAS: $204.71
2025-03-27 01:51:03,204 - src.modules.scanner - INFO - Generated neutral setup for CTAS with 62.6% confidence at $204.71
2025-03-27 01:51:03,205 - src.modules.scanner - INFO - Added CTAS to results
2025-03-27 01:51:03,206 - src.modules.scanner - INFO - Processing INTC... (99/101)
2025-03-27 01:51:03,349 - src.modules.scanner - INFO - Fetched price for INTC: $23.42
2025-03-27 01:51:03,350 - src.modules.scanner - INFO - Generated neutral setup for INTC with 70.7% confidence at $23.42
2025-03-27 01:51:03,350 - src.modules.scanner - INFO - Added INTC to results
2025-03-27 01:51:03,351 - src.modules.scanner - INFO - Processing KLAC... (100/101)
2025-03-27 01:51:03,450 - src.modules.scanner - INFO - Fetched price for KLAC: $705.54
2025-03-27 01:51:03,451 - src.modules.scanner - INFO - Generated neutral setup for KLAC with 61.4% confidence at $705.54
2025-03-27 01:51:03,452 - src.modules.scanner - INFO - Added KLAC to results
2025-03-27 01:51:03,515 - src.modules.scanner - INFO - Fetched price for KLAC: $705.54
2025-03-27 01:51:03,517 - src.modules.market_context - INFO - Fetching data for KLAC
2025-03-27 01:51:03,841 - src.modules.key_levels - INFO - Fetching options data for KLAC
2025-03-27 01:51:04,180 - src.modules.scanner - INFO - Added KLAC to results
2025-03-27 01:51:04,181 - src.modules.scanner - INFO - Processing PCAR... (101/101)
2025-03-27 01:51:04,282 - src.modules.scanner - INFO - Fetched price for PCAR: $99.53
2025-03-27 01:51:04,283 - src.modules.scanner - INFO - Generated neutral setup for PCAR with 79.5% confidence at $99.53
2025-03-27 01:51:04,284 - src.modules.scanner - INFO - Added PCAR to results
2025-03-27 01:51:04,337 - src.modules.scanner - INFO - Fetched price for PCAR: $99.53
2025-03-27 01:51:04,338 - src.modules.market_context - INFO - Fetching data for PCAR
2025-03-27 01:51:04,639 - src.modules.key_levels - INFO - Fetching options data for PCAR
2025-03-27 01:51:04,986 - src.modules.scanner - INFO - Filtered out PCAR setup: confidence=79.5%, trend=neutral
2025-03-27 01:51:04,987 - src.modules.scanner - INFO - Pre-filter results count: 102
2025-03-27 01:51:04,988 - src.modules.scanner - INFO - Post-filter results count: 102
2025-03-27 01:51:05,018 - src.modules.scanner - INFO - Results saved to scanner_results\scan_results_20250327_015104.json
2025-03-27 01:51:05,019 - src.modules.scanner - INFO - Scan complete. Found 102 setups after filtering.
2025-03-27 01:55:08,808 - werkzeug - INFO -  * Detected change in 'C:\\Users\\cciep\\Github\\APPs\\options-scanner-v2\\src\\modules\\key_levels.py', reloading
2025-03-27 01:55:09,073 - werkzeug - INFO -  * Restarting with stat
2025-03-27 01:55:12,455 - __main__ - INFO - Starting Options-Technical Hybrid Scanner
2025-03-27 01:55:12,480 - werkzeug - WARNING -  * Debugger is active!
2025-03-27 01:55:12,485 - werkzeug - INFO -  * Debugger PIN: 216-997-372
2025-03-27 01:56:27,317 - werkzeug - INFO -  * Detected change in 'C:\\Users\\cciep\\Github\\APPs\\options-scanner-v2\\src\\modules\\key_levels.py', reloading
2025-03-27 01:56:27,572 - werkzeug - INFO -  * Restarting with stat
2025-03-27 01:56:31,113 - __main__ - INFO - Starting Options-Technical Hybrid Scanner
2025-03-27 01:56:31,151 - werkzeug - WARNING -  * Debugger is active!
2025-03-27 01:56:31,161 - werkzeug - INFO -  * Debugger PIN: 216-997-372
2025-03-27 02:14:27,212 - __main__ - INFO - Starting Options-Technical Hybrid Scanner
2025-03-27 02:14:27,285 - werkzeug - INFO - [31m[1mWARNING: This is a development server. Do not use it in a production deployment. Use a production WSGI server instead.[0m
 * Running on all addresses (0.0.0.0)
 * Running on http://127.0.0.1:8080
 * Running on http://192.168.88.9:8080
2025-03-27 02:14:27,286 - werkzeug - INFO - [33mPress CTRL+C to quit[0m
2025-03-27 02:14:27,292 - werkzeug - INFO -  * Restarting with stat
2025-03-27 02:14:30,299 - __main__ - INFO - Starting Options-Technical Hybrid Scanner
2025-03-27 02:14:30,332 - werkzeug - WARNING -  * Debugger is active!
2025-03-27 02:14:30,340 - werkzeug - INFO -  * Debugger PIN: 216-997-372
2025-03-27 02:16:05,307 - werkzeug - INFO - 127.0.0.1 - - [27/Mar/2025 02:16:05] "GET / HTTP/1.1" 200 -
2025-03-27 02:16:05,551 - werkzeug - INFO - 127.0.0.1 - - [27/Mar/2025 02:16:05] "[36mGET /static/css/styles.css HTTP/1.1[0m" 304 -
2025-03-27 02:16:05,553 - werkzeug - INFO - 127.0.0.1 - - [27/Mar/2025 02:16:05] "[36mGET /static/js/app.js HTTP/1.1[0m" 304 -
2025-03-27 02:16:05,600 - werkzeug - INFO - 127.0.0.1 - - [27/Mar/2025 02:16:05] "GET /api/results HTTP/1.1" 200 -
2025-03-27 02:16:24,479 - src.modules.scanner - INFO - Loading configuration from config.json
2025-03-27 02:16:24,481 - src.modules.scanner - INFO - Using cached NASDAQ constituents
2025-03-27 02:16:24,481 - src.modules.scanner - INFO - Loaded 101 symbols from NASDAQ Composite
2025-03-27 02:16:24,482 - src.modules.scanner - INFO - Analyzing BKR
2025-03-27 02:16:24,954 - werkzeug - INFO - 127.0.0.1 - - [27/Mar/2025 02:16:24] "GET /api/analyze/BKR HTTP/1.1" 200 -
2025-03-27 02:19:16,863 - werkzeug - INFO -  * Detected change in 'C:\\Users\\cciep\\Github\\APPs\\options-scanner-v2\\src\\modules\\options_metrics.py', reloading
2025-03-27 02:19:17,156 - werkzeug - INFO -  * Restarting with stat
2025-03-27 02:19:20,365 - __main__ - INFO - Starting Options-Technical Hybrid Scanner
2025-03-27 02:19:20,406 - werkzeug - WARNING -  * Debugger is active!
2025-03-27 02:19:20,417 - werkzeug - INFO -  * Debugger PIN: 216-997-372
2025-03-27 02:19:50,984 - werkzeug - INFO -  * Detected change in 'C:\\Users\\cciep\\Github\\APPs\\options-scanner-v2\\src\\modules\\options_metrics.py', reloading
2025-03-27 02:19:51,229 - werkzeug - INFO -  * Restarting with stat
2025-03-27 02:19:54,765 - __main__ - INFO - Starting Options-Technical Hybrid Scanner
2025-03-27 02:19:54,810 - werkzeug - WARNING -  * Debugger is active!
2025-03-27 02:19:54,819 - werkzeug - INFO -  * Debugger PIN: 216-997-372
2025-03-27 02:21:21,078 - werkzeug - INFO -  * Detected change in 'C:\\Users\\cciep\\Github\\APPs\\options-scanner-v2\\test_options_metrics.py', reloading
2025-03-27 02:21:21,299 - werkzeug - INFO -  * Restarting with stat
2025-03-27 02:21:24,459 - __main__ - INFO - Starting Options-Technical Hybrid Scanner
2025-03-27 02:21:24,495 - werkzeug - WARNING -  * Debugger is active!
2025-03-27 02:21:24,502 - werkzeug - INFO -  * Debugger PIN: 216-997-372
2025-03-27 02:23:52,376 - werkzeug - INFO -  * Detected change in 'C:\\Users\\cciep\\Github\\APPs\\options-scanner-v2\\src\\web\\app.py', reloading
2025-03-27 02:23:52,670 - werkzeug - INFO -  * Restarting with stat
2025-03-27 02:23:56,083 - __main__ - INFO - Starting Options-Technical Hybrid Scanner
2025-03-27 02:23:56,135 - werkzeug - WARNING -  * Debugger is active!
2025-03-27 02:23:56,144 - werkzeug - INFO -  * Debugger PIN: 216-997-372
2025-03-27 02:33:18,660 - __main__ - INFO - Starting Options-Technical Hybrid Scanner
2025-03-27 02:33:18,739 - werkzeug - INFO - [31m[1mWARNING: This is a development server. Do not use it in a production deployment. Use a production WSGI server instead.[0m
 * Running on all addresses (0.0.0.0)
 * Running on http://127.0.0.1:8080
 * Running on http://192.168.88.9:8080
2025-03-27 02:33:18,741 - werkzeug - INFO - [33mPress CTRL+C to quit[0m
2025-03-27 02:33:18,745 - werkzeug - INFO -  * Restarting with stat
2025-03-27 02:33:22,188 - __main__ - INFO - Starting Options-Technical Hybrid Scanner
2025-03-27 02:33:22,243 - werkzeug - WARNING -  * Debugger is active!
2025-03-27 02:33:22,257 - werkzeug - INFO -  * Debugger PIN: 216-997-372
2025-03-27 02:33:38,514 - werkzeug - INFO - 127.0.0.1 - - [27/Mar/2025 02:33:38] "GET / HTTP/1.1" 200 -
2025-03-27 02:33:38,700 - werkzeug - INFO - 127.0.0.1 - - [27/Mar/2025 02:33:38] "[36mGET /static/css/styles.css HTTP/1.1[0m" 304 -
2025-03-27 02:33:38,747 - werkzeug - INFO - 127.0.0.1 - - [27/Mar/2025 02:33:38] "GET /static/js/app.js HTTP/1.1" 200 -
2025-03-27 02:33:39,093 - werkzeug - INFO - 127.0.0.1 - - [27/Mar/2025 02:33:39] "GET /api/results HTTP/1.1" 200 -
2025-03-27 02:33:57,877 - src.modules.scanner - INFO - Loading configuration from config.json
2025-03-27 02:33:57,880 - src.modules.scanner - INFO - Using cached NASDAQ constituents
2025-03-27 02:33:57,881 - src.modules.scanner - INFO - Loaded 101 symbols from NASDAQ Composite
2025-03-27 02:33:57,882 - src.modules.scanner - INFO - Analyzing AAPL
2025-03-27 02:33:58,441 - werkzeug - INFO - 127.0.0.1 - - [27/Mar/2025 02:33:58] "GET /api/analyze/AAPL HTTP/1.1" 200 -
2025-03-27 02:34:13,100 - src.modules.scanner - INFO - Loading configuration from config.json
2025-03-27 02:34:13,104 - src.modules.scanner - INFO - Using cached NASDAQ constituents
2025-03-27 02:34:13,104 - src.modules.scanner - INFO - Loaded 101 symbols from NASDAQ Composite
2025-03-27 02:34:13,106 - src.modules.scanner - INFO - Starting scan for 101 symbols
2025-03-27 02:34:13,106 - werkzeug - INFO - 127.0.0.1 - - [27/Mar/2025 02:34:13] "GET /api/scan?filters={"trend":["bullish","bearish","neutral"],"pcr_min":0,"pcr_max":2,"rsi_min":0,"rsi_max":100,"stoch_rsi_min":0,"stoch_rsi_max":100,"min_confidence":60} HTTP/1.1" 200 -
2025-03-27 02:34:13,108 - src.modules.scanner - INFO - Processing ADBE... (1/101)
2025-03-27 02:34:13,220 - src.modules.scanner - INFO - Fetched price for ADBE: $397.81
2025-03-27 02:34:13,221 - src.modules.scanner - INFO - Generated bearish setup for ADBE with 65.8% confidence at $397.81
2025-03-27 02:34:13,222 - src.modules.scanner - INFO - Added ADBE to results
2025-03-27 02:34:13,223 - src.modules.scanner - INFO - Processing AMAT... (2/101)
2025-03-27 02:34:13,332 - src.modules.scanner - INFO - Fetched price for AMAT: $150.68
2025-03-27 02:34:13,333 - src.modules.scanner - INFO - Generated neutral setup for AMAT with 69.7% confidence at $150.68
2025-03-27 02:34:13,334 - src.modules.scanner - INFO - Added AMAT to results
2025-03-27 02:34:13,334 - src.modules.scanner - INFO - Processing CSCO... (3/101)
2025-03-27 02:34:13,431 - src.modules.scanner - INFO - Fetched price for CSCO: $61.80
2025-03-27 02:34:13,432 - src.modules.scanner - INFO - Generated bearish setup for CSCO with 75.4% confidence at $61.80
2025-03-27 02:34:13,433 - src.modules.scanner - INFO - Added CSCO to results
2025-03-27 02:34:13,434 - src.modules.scanner - INFO - Processing FAST... (4/101)
2025-03-27 02:34:13,556 - src.modules.scanner - INFO - Fetched price for FAST: $77.09
2025-03-27 02:34:13,558 - src.modules.scanner - INFO - Generated bearish setup for FAST with 70.9% confidence at $77.09
2025-03-27 02:34:13,559 - src.modules.scanner - INFO - Added FAST to results
2025-03-27 02:34:13,560 - src.modules.scanner - INFO - Processing MSFT... (5/101)
2025-03-27 02:34:13,664 - src.modules.scanner - INFO - Fetched price for MSFT: $389.97
2025-03-27 02:34:13,665 - src.modules.scanner - INFO - Generated bearish setup for MSFT with 61.8% confidence at $389.97
2025-03-27 02:34:13,666 - src.modules.scanner - INFO - Added MSFT to results
2025-03-27 02:34:13,667 - src.modules.scanner - INFO - Processing PAYX... (6/101)
2025-03-27 02:34:13,803 - src.modules.scanner - INFO - Fetched price for PAYX: $150.19
2025-03-27 02:34:13,804 - src.modules.scanner - INFO - Generated bearish setup for PAYX with 83.3% confidence at $150.19
2025-03-27 02:34:13,805 - src.modules.scanner - INFO - Added PAYX to results
2025-03-27 02:34:13,806 - src.modules.scanner - INFO - Processing QCOM... (7/101)
2025-03-27 02:34:13,923 - src.modules.scanner - INFO - Fetched price for QCOM: $158.39
2025-03-27 02:34:13,925 - src.modules.scanner - INFO - Generated bullish setup for QCOM with 67.6% confidence at $158.39
2025-03-27 02:34:13,926 - src.modules.scanner - INFO - Added QCOM to results
2025-03-27 02:34:13,927 - src.modules.scanner - INFO - Processing AXON... (8/101)
2025-03-27 02:34:14,003 - src.modules.scanner - INFO - Fetched price for AXON: $559.06
2025-03-27 02:34:14,004 - src.modules.scanner - INFO - Generated neutral setup for AXON with 83.6% confidence at $559.06
2025-03-27 02:34:14,005 - src.modules.scanner - INFO - Added AXON to results
2025-03-27 02:34:14,006 - src.modules.scanner - INFO - Processing MSTR... (9/101)
2025-03-27 02:34:14,115 - src.modules.scanner - INFO - Fetched price for MSTR: $329.31
2025-03-27 02:34:14,116 - src.modules.scanner - INFO - Generated bullish setup for MSTR with 68.1% confidence at $329.31
2025-03-27 02:34:14,117 - src.modules.scanner - INFO - Added MSTR to results
2025-03-27 02:34:14,118 - src.modules.scanner - INFO - Processing PLTR... (10/101)
2025-03-27 02:34:14,189 - src.modules.scanner - INFO - Fetched price for PLTR: $92.28
2025-03-27 02:34:14,190 - src.modules.scanner - INFO - Generated neutral setup for PLTR with 75.3% confidence at $92.28
2025-03-27 02:34:14,192 - src.modules.scanner - INFO - Added PLTR to results
2025-03-27 02:34:14,193 - src.modules.scanner - INFO - Processing APP... (11/101)
2025-03-27 02:34:14,270 - src.modules.scanner - INFO - Fetched price for APP: $327.62
2025-03-27 02:34:14,272 - src.modules.scanner - INFO - Generated bearish setup for APP with 69.1% confidence at $327.62
2025-03-27 02:34:14,272 - src.modules.scanner - INFO - Added APP to results
2025-03-27 02:34:14,273 - src.modules.scanner - INFO - Processing ARM... (12/101)
2025-03-27 02:34:14,347 - src.modules.scanner - INFO - Fetched price for ARM: $114.93
2025-03-27 02:34:14,348 - src.modules.scanner - INFO - Generated bearish setup for ARM with 80.4% confidence at $114.93
2025-03-27 02:34:14,349 - src.modules.scanner - INFO - Added ARM to results
2025-03-27 02:34:14,350 - src.modules.scanner - INFO - Processing LIN... (13/101)
2025-03-27 02:34:14,480 - src.modules.scanner - INFO - Fetched price for LIN: $461.43
2025-03-27 02:34:14,481 - src.modules.scanner - INFO - Generated neutral setup for LIN with 78.1% confidence at $461.43
2025-03-27 02:34:14,482 - src.modules.scanner - INFO - Added LIN to results
2025-03-27 02:34:14,483 - src.modules.scanner - INFO - Processing CCEP... (14/101)
2025-03-27 02:34:14,612 - src.modules.scanner - INFO - Fetched price for CCEP: $85.37
2025-03-27 02:34:14,613 - src.modules.scanner - INFO - Generated bullish setup for CCEP with 80.1% confidence at $85.37
2025-03-27 02:34:14,614 - src.modules.scanner - INFO - Added CCEP to results
2025-03-27 02:34:14,614 - src.modules.scanner - INFO - Processing DASH... (15/101)
2025-03-27 02:34:14,690 - src.modules.scanner - INFO - Fetched price for DASH: $192.87
2025-03-27 02:34:14,691 - src.modules.scanner - INFO - Generated bearish setup for DASH with 76.3% confidence at $192.87
2025-03-27 02:34:14,692 - src.modules.scanner - INFO - Added DASH to results
2025-03-27 02:34:14,693 - src.modules.scanner - INFO - Processing MDB... (16/101)
2025-03-27 02:34:14,771 - src.modules.scanner - INFO - Fetched price for MDB: $193.66
2025-03-27 02:34:14,772 - src.modules.scanner - INFO - Generated bearish setup for MDB with 77.7% confidence at $193.66
2025-03-27 02:34:14,773 - src.modules.scanner - INFO - Added MDB to results
2025-03-27 02:34:14,774 - src.modules.scanner - INFO - Processing ROP... (17/101)
2025-03-27 02:34:14,911 - src.modules.scanner - INFO - Fetched price for ROP: $582.71
2025-03-27 02:34:14,912 - src.modules.scanner - INFO - Generated neutral setup for ROP with 86.9% confidence at $582.71
2025-03-27 02:34:14,913 - src.modules.scanner - INFO - Added ROP to results
2025-03-27 02:34:14,914 - src.modules.scanner - INFO - Processing TTD... (18/101)
2025-03-27 02:34:14,995 - src.modules.scanner - INFO - Fetched price for TTD: $58.80
2025-03-27 02:34:14,997 - src.modules.scanner - INFO - Generated neutral setup for TTD with 75.4% confidence at $58.80
2025-03-27 02:34:14,998 - src.modules.scanner - INFO - Added TTD to results
2025-03-27 02:34:14,999 - src.modules.scanner - INFO - Processing ON... (19/101)
2025-03-27 02:34:15,067 - src.modules.scanner - INFO - Fetched price for ON: $45.04
2025-03-27 02:34:15,069 - src.modules.scanner - INFO - Generated neutral setup for ON with 82.3% confidence at $45.04
2025-03-27 02:34:15,070 - src.modules.scanner - INFO - Added ON to results
2025-03-27 02:34:15,071 - src.modules.scanner - INFO - Processing GEHC... (20/101)
2025-03-27 02:34:15,152 - src.modules.scanner - INFO - Fetched price for GEHC: $81.00
2025-03-27 02:34:15,153 - src.modules.scanner - INFO - Generated neutral setup for GEHC with 76.6% confidence at $81.00
2025-03-27 02:34:15,154 - src.modules.scanner - INFO - Added GEHC to results
2025-03-27 02:34:15,155 - src.modules.scanner - INFO - Processing BKR... (21/101)
2025-03-27 02:34:15,275 - src.modules.scanner - INFO - Fetched price for BKR: $44.02
2025-03-27 02:34:15,276 - src.modules.scanner - INFO - Generated bearish setup for BKR with 85.0% confidence at $44.02
2025-03-27 02:34:15,277 - src.modules.scanner - INFO - Added BKR to results
2025-03-27 02:34:15,278 - src.modules.scanner - INFO - Processing FANG... (22/101)
2025-03-27 02:34:15,359 - src.modules.scanner - INFO - Fetched price for FANG: $163.09
2025-03-27 02:34:15,360 - src.modules.scanner - INFO - Generated bearish setup for FANG with 83.6% confidence at $163.09
2025-03-27 02:34:15,361 - src.modules.scanner - INFO - Added FANG to results
2025-03-27 02:34:15,362 - src.modules.scanner - INFO - Processing GFS... (23/101)
2025-03-27 02:34:15,434 - src.modules.scanner - INFO - Fetched price for GFS: $38.75
2025-03-27 02:34:15,435 - src.modules.scanner - INFO - Generated bullish setup for GFS with 84.5% confidence at $38.75
2025-03-27 02:34:15,436 - src.modules.scanner - INFO - Added GFS to results
2025-03-27 02:34:15,437 - src.modules.scanner - INFO - Processing WBD... (24/101)
2025-03-27 02:34:15,505 - src.modules.scanner - INFO - Fetched price for WBD: $11.03
2025-03-27 02:34:15,507 - src.modules.scanner - INFO - Generated neutral setup for WBD with 79.8% confidence at $11.03
2025-03-27 02:34:15,508 - src.modules.scanner - INFO - Added WBD to results
2025-03-27 02:34:15,508 - src.modules.scanner - INFO - Processing AZN... (25/101)
2025-03-27 02:34:15,620 - src.modules.scanner - INFO - Fetched price for AZN: $72.72
2025-03-27 02:34:15,621 - src.modules.scanner - INFO - Generated bullish setup for AZN with 86.9% confidence at $72.72
2025-03-27 02:34:15,622 - src.modules.scanner - INFO - Added AZN to results
2025-03-27 02:34:15,623 - src.modules.scanner - INFO - Processing CEG... (26/101)
2025-03-27 02:34:15,703 - src.modules.scanner - INFO - Fetched price for CEG: $216.97
2025-03-27 02:34:15,704 - src.modules.scanner - INFO - Generated neutral setup for CEG with 64.1% confidence at $216.97
2025-03-27 02:34:15,705 - src.modules.scanner - INFO - Added CEG to results
2025-03-27 02:34:15,706 - src.modules.scanner - INFO - Processing ODFL... (27/101)
2025-03-27 02:34:15,791 - src.modules.scanner - INFO - Fetched price for ODFL: $168.67
2025-03-27 02:34:15,792 - src.modules.scanner - INFO - Generated bearish setup for ODFL with 76.7% confidence at $168.67
2025-03-27 02:34:15,794 - src.modules.scanner - INFO - Added ODFL to results
2025-03-27 02:34:15,795 - src.modules.scanner - INFO - Processing TEAM... (28/101)
2025-03-27 02:34:15,866 - src.modules.scanner - INFO - Fetched price for TEAM: $229.65
2025-03-27 02:34:15,866 - src.modules.scanner - INFO - Generated neutral setup for TEAM with 82.2% confidence at $229.65
2025-03-27 02:34:15,867 - src.modules.scanner - INFO - Added TEAM to results
2025-03-27 02:34:15,868 - src.modules.scanner - INFO - Processing ABNB... (29/101)
2025-03-27 02:34:15,950 - src.modules.scanner - INFO - Fetched price for ABNB: $128.64
2025-03-27 02:34:15,951 - src.modules.scanner - INFO - Generated bearish setup for ABNB with 64.5% confidence at $128.64
2025-03-27 02:34:15,952 - src.modules.scanner - INFO - Added ABNB to results
2025-03-27 02:34:15,952 - src.modules.scanner - INFO - Processing FTNT... (30/101)
2025-03-27 02:34:16,026 - src.modules.scanner - INFO - Fetched price for FTNT: $101.01
2025-03-27 02:34:16,027 - src.modules.scanner - INFO - Generated neutral setup for FTNT with 91.9% confidence at $101.01
2025-03-27 02:34:16,028 - src.modules.scanner - INFO - Added FTNT to results
2025-03-27 02:34:16,029 - src.modules.scanner - INFO - Processing PANW... (31/101)
2025-03-27 02:34:16,105 - src.modules.scanner - INFO - Fetched price for PANW: $184.96
2025-03-27 02:34:16,106 - src.modules.scanner - INFO - Generated bullish setup for PANW with 87.0% confidence at $184.96
2025-03-27 02:34:16,107 - src.modules.scanner - INFO - Added PANW to results
2025-03-27 02:34:16,108 - src.modules.scanner - INFO - Processing ZS... (32/101)
2025-03-27 02:34:16,186 - src.modules.scanner - INFO - Fetched price for ZS: $211.55
2025-03-27 02:34:16,187 - src.modules.scanner - INFO - Generated neutral setup for ZS with 88.4% confidence at $211.55
2025-03-27 02:34:16,188 - src.modules.scanner - INFO - Added ZS to results
2025-03-27 02:34:16,189 - src.modules.scanner - INFO - Processing DDOG... (33/101)
2025-03-27 02:34:16,266 - src.modules.scanner - INFO - Fetched price for DDOG: $107.97
2025-03-27 02:34:16,267 - src.modules.scanner - INFO - Generated neutral setup for DDOG with 68.2% confidence at $107.97
2025-03-27 02:34:16,268 - src.modules.scanner - INFO - Added DDOG to results
2025-03-27 02:34:16,269 - src.modules.scanner - INFO - Processing CRWD... (34/101)
2025-03-27 02:34:16,343 - src.modules.scanner - INFO - Fetched price for CRWD: $371.41
2025-03-27 02:34:16,344 - src.modules.scanner - INFO - Generated bearish setup for CRWD with 73.9% confidence at $371.41
2025-03-27 02:34:16,345 - src.modules.scanner - INFO - Added CRWD to results
2025-03-27 02:34:16,346 - src.modules.scanner - INFO - Processing HON... (35/101)
2025-03-27 02:34:16,502 - src.modules.scanner - INFO - Fetched price for HON: $213.12
2025-03-27 02:34:16,503 - src.modules.scanner - INFO - Generated bullish setup for HON with 70.5% confidence at $213.12
2025-03-27 02:34:16,504 - src.modules.scanner - INFO - Added HON to results
2025-03-27 02:34:16,505 - src.modules.scanner - INFO - Processing AEP... (36/101)
2025-03-27 02:34:16,649 - src.modules.scanner - INFO - Fetched price for AEP: $103.90
2025-03-27 02:34:16,650 - src.modules.scanner - INFO - Generated neutral setup for AEP with 86.3% confidence at $103.90
2025-03-27 02:34:16,652 - src.modules.scanner - INFO - Added AEP to results
2025-03-27 02:34:16,652 - src.modules.scanner - INFO - Processing NFLX... (37/101)
2025-03-27 02:34:16,736 - src.modules.scanner - INFO - Fetched price for NFLX: $970.65
2025-03-27 02:34:16,737 - src.modules.scanner - INFO - Generated neutral setup for NFLX with 92.7% confidence at $970.65
2025-03-27 02:34:16,738 - src.modules.scanner - INFO - Added NFLX to results
2025-03-27 02:34:16,739 - src.modules.scanner - INFO - Processing KDP... (38/101)
2025-03-27 02:34:16,823 - src.modules.scanner - INFO - Fetched price for KDP: $34.06
2025-03-27 02:34:16,824 - src.modules.scanner - INFO - Generated neutral setup for KDP with 65.3% confidence at $34.06
2025-03-27 02:34:16,826 - src.modules.scanner - INFO - Added KDP to results
2025-03-27 02:34:16,827 - src.modules.scanner - INFO - Processing PDD... (39/101)
2025-03-27 02:34:16,894 - src.modules.scanner - INFO - Fetched price for PDD: $122.47
2025-03-27 02:34:16,896 - src.modules.scanner - INFO - Generated bearish setup for PDD with 75.3% confidence at $122.47
2025-03-27 02:34:16,896 - src.modules.scanner - INFO - Added PDD to results
2025-03-27 02:34:16,897 - src.modules.scanner - INFO - Processing DXCM... (40/101)
2025-03-27 02:34:16,979 - src.modules.scanner - INFO - Fetched price for DXCM: $72.13
2025-03-27 02:34:16,980 - src.modules.scanner - INFO - Generated bearish setup for DXCM with 73.0% confidence at $72.13
2025-03-27 02:34:16,981 - src.modules.scanner - INFO - Added DXCM to results
2025-03-27 02:34:16,982 - src.modules.scanner - INFO - Processing ANSS... (41/101)
2025-03-27 02:34:17,053 - src.modules.scanner - INFO - Fetched price for ANSS: $323.34
2025-03-27 02:34:17,055 - src.modules.scanner - INFO - Generated neutral setup for ANSS with 87.5% confidence at $323.34
2025-03-27 02:34:17,056 - src.modules.scanner - INFO - Added ANSS to results
2025-03-27 02:34:17,057 - src.modules.scanner - INFO - Processing CDW... (42/101)
2025-03-27 02:34:17,143 - src.modules.scanner - INFO - Fetched price for CDW: $167.33
2025-03-27 02:34:17,144 - src.modules.scanner - INFO - Generated bullish setup for CDW with 64.1% confidence at $167.33
2025-03-27 02:34:17,145 - src.modules.scanner - INFO - Added CDW to results
2025-03-27 02:34:17,146 - src.modules.scanner - INFO - Processing CPRT... (43/101)
2025-03-27 02:34:17,218 - src.modules.scanner - INFO - Fetched price for CPRT: $55.07
2025-03-27 02:34:17,220 - src.modules.scanner - INFO - Generated bearish setup for CPRT with 69.5% confidence at $55.07
2025-03-27 02:34:17,220 - src.modules.scanner - INFO - Added CPRT to results
2025-03-27 02:34:17,221 - src.modules.scanner - INFO - Processing CSGP... (44/101)
2025-03-27 02:34:17,304 - src.modules.scanner - INFO - Fetched price for CSGP: $80.37
2025-03-27 02:34:17,305 - src.modules.scanner - INFO - Generated bearish setup for CSGP with 66.2% confidence at $80.37
2025-03-27 02:34:17,306 - src.modules.scanner - INFO - Added CSGP to results
2025-03-27 02:34:17,307 - src.modules.scanner - INFO - Processing EXC... (45/101)
2025-03-27 02:34:17,465 - src.modules.scanner - INFO - Fetched price for EXC: $44.02
2025-03-27 02:34:17,466 - src.modules.scanner - INFO - Generated bearish setup for EXC with 94.3% confidence at $44.02
2025-03-27 02:34:17,467 - src.modules.scanner - INFO - Added EXC to results
2025-03-27 02:34:17,468 - src.modules.scanner - INFO - Processing AMD... (46/101)
2025-03-27 02:34:17,540 - src.modules.scanner - INFO - Fetched price for AMD: $110.19
2025-03-27 02:34:17,541 - src.modules.scanner - INFO - Generated bearish setup for AMD with 88.0% confidence at $110.19
2025-03-27 02:34:17,542 - src.modules.scanner - INFO - Added AMD to results
2025-03-27 02:34:17,543 - src.modules.scanner - INFO - Processing LULU... (47/101)
2025-03-27 02:34:17,623 - src.modules.scanner - INFO - Fetched price for LULU: $337.79
2025-03-27 02:34:17,625 - src.modules.scanner - INFO - Generated bullish setup for LULU with 77.6% confidence at $337.79
2025-03-27 02:34:17,626 - src.modules.scanner - INFO - Added LULU to results
2025-03-27 02:34:17,627 - src.modules.scanner - INFO - Processing XEL... (48/101)
2025-03-27 02:34:17,899 - src.modules.scanner - INFO - Fetched price for XEL: $68.92
2025-03-27 02:34:17,900 - src.modules.scanner - INFO - Generated bullish setup for XEL with 77.7% confidence at $68.92
2025-03-27 02:34:17,901 - src.modules.scanner - INFO - Added XEL to results
2025-03-27 02:34:17,902 - src.modules.scanner - INFO - Processing PEP... (49/101)
2025-03-27 02:34:18,048 - src.modules.scanner - INFO - Fetched price for PEP: $148.64
2025-03-27 02:34:18,049 - src.modules.scanner - INFO - Generated neutral setup for PEP with 83.6% confidence at $148.64
2025-03-27 02:34:18,050 - src.modules.scanner - INFO - Added PEP to results
2025-03-27 02:34:18,051 - src.modules.scanner - INFO - Processing ASML... (50/101)
2025-03-27 02:34:18,138 - src.modules.scanner - INFO - Fetched price for ASML: $705.76
2025-03-27 02:34:18,139 - src.modules.scanner - INFO - Generated bearish setup for ASML with 80.6% confidence at $705.76
2025-03-27 02:34:18,140 - src.modules.scanner - INFO - Added ASML to results
2025-03-27 02:34:18,206 - src.modules.scanner - INFO - Fetched price for ASML: $705.76
2025-03-27 02:34:18,207 - src.modules.market_context - INFO - Fetching data for ASML
2025-03-27 02:34:18,570 - src.modules.key_levels - INFO - Fetching options data for ASML
2025-03-27 02:34:19,342 - src.utils.data_cache - ERROR - Error writing cache options_chain_ASML_nearest: Object of type Timestamp is not JSON serializable
2025-03-27 02:34:19,347 - src.modules.scanner - INFO - Filtered out ASML setup: confidence=80.6%, trend=bearish
2025-03-27 02:34:19,348 - src.modules.scanner - INFO - Processing SNPS... (51/101)
2025-03-27 02:34:19,423 - src.modules.scanner - INFO - Fetched price for SNPS: $449.90
2025-03-27 02:34:19,424 - src.modules.scanner - INFO - Generated bullish setup for SNPS with 90.2% confidence at $449.90
2025-03-27 02:34:19,425 - src.modules.scanner - INFO - Added SNPS to results
2025-03-27 02:34:19,426 - src.modules.scanner - INFO - Processing TTWO... (52/101)
2025-03-27 02:34:19,530 - src.modules.scanner - INFO - Fetched price for TTWO: $215.89
2025-03-27 02:34:19,531 - src.modules.scanner - INFO - Generated bearish setup for TTWO with 80.2% confidence at $215.89
2025-03-27 02:34:19,532 - src.modules.scanner - INFO - Added TTWO to results
2025-03-27 02:34:19,533 - src.modules.scanner - INFO - Processing WDAY... (53/101)
2025-03-27 02:34:19,616 - src.modules.scanner - INFO - Fetched price for WDAY: $250.79
2025-03-27 02:34:19,616 - src.modules.scanner - INFO - Generated neutral setup for WDAY with 80.9% confidence at $250.79
2025-03-27 02:34:19,617 - src.modules.scanner - INFO - Added WDAY to results
2025-03-27 02:34:19,618 - src.modules.scanner - INFO - Processing MELI... (54/101)
2025-03-27 02:34:19,716 - src.modules.scanner - INFO - Fetched price for MELI: $2074.97
2025-03-27 02:34:19,717 - src.modules.scanner - INFO - Generated neutral setup for MELI with 74.9% confidence at $2074.97
2025-03-27 02:34:19,718 - src.modules.scanner - INFO - Added MELI to results
2025-03-27 02:34:19,719 - src.modules.scanner - INFO - Processing IDXX... (55/101)
2025-03-27 02:34:19,796 - src.modules.scanner - INFO - Fetched price for IDXX: $417.71
2025-03-27 02:34:19,797 - src.modules.scanner - INFO - Generated neutral setup for IDXX with 92.6% confidence at $417.71
2025-03-27 02:34:19,799 - src.modules.scanner - INFO - Added IDXX to results
2025-03-27 02:34:19,800 - src.modules.scanner - INFO - Processing CSX... (56/101)
2025-03-27 02:34:19,951 - src.modules.scanner - INFO - Fetched price for CSX: $29.90
2025-03-27 02:34:19,952 - src.modules.scanner - INFO - Generated bearish setup for CSX with 84.1% confidence at $29.90
2025-03-27 02:34:19,953 - src.modules.scanner - INFO - Added CSX to results
2025-03-27 02:34:19,954 - src.modules.scanner - INFO - Processing TMUS... (57/101)
2025-03-27 02:34:20,069 - src.modules.scanner - INFO - Fetched price for TMUS: $262.51
2025-03-27 02:34:20,069 - src.modules.scanner - INFO - Generated bullish setup for TMUS with 78.2% confidence at $262.51
2025-03-27 02:34:20,070 - src.modules.scanner - INFO - Added TMUS to results
2025-03-27 02:34:20,071 - src.modules.scanner - INFO - Processing PYPL... (58/101)
2025-03-27 02:34:20,155 - src.modules.scanner - INFO - Fetched price for PYPL: $69.97
2025-03-27 02:34:20,156 - src.modules.scanner - INFO - Generated bullish setup for PYPL with 62.4% confidence at $69.97
2025-03-27 02:34:20,157 - src.modules.scanner - INFO - Added PYPL to results
2025-03-27 02:34:20,158 - src.modules.scanner - INFO - Processing KHC... (59/101)
2025-03-27 02:34:20,249 - src.modules.scanner - INFO - Fetched price for KHC: $29.69
2025-03-27 02:34:20,250 - src.modules.scanner - INFO - Generated bullish setup for KHC with 73.4% confidence at $29.69
2025-03-27 02:34:20,251 - src.modules.scanner - INFO - Added KHC to results
2025-03-27 02:34:20,252 - src.modules.scanner - INFO - Processing GOOG... (60/101)
2025-03-27 02:34:20,339 - src.modules.scanner - INFO - Fetched price for GOOG: $167.14
2025-03-27 02:34:20,340 - src.modules.scanner - INFO - Generated neutral setup for GOOG with 70.0% confidence at $167.14
2025-03-27 02:34:20,341 - src.modules.scanner - INFO - Added GOOG to results
2025-03-27 02:34:20,342 - src.modules.scanner - INFO - Processing NXPI... (61/101)
2025-03-27 02:34:20,430 - src.modules.scanner - INFO - Fetched price for NXPI: $205.75
2025-03-27 02:34:20,431 - src.modules.scanner - INFO - Generated bearish setup for NXPI with 62.6% confidence at $205.75
2025-03-27 02:34:20,432 - src.modules.scanner - INFO - Added NXPI to results
2025-03-27 02:34:20,433 - src.modules.scanner - INFO - Processing MAR... (62/101)
2025-03-27 02:34:20,564 - src.modules.scanner - INFO - Fetched price for MAR: $246.72
2025-03-27 02:34:20,565 - src.modules.scanner - INFO - Generated bullish setup for MAR with 67.9% confidence at $246.72
2025-03-27 02:34:20,566 - src.modules.scanner - INFO - Added MAR to results
2025-03-27 02:34:20,567 - src.modules.scanner - INFO - Processing CHTR... (63/101)
2025-03-27 02:34:20,645 - src.modules.scanner - INFO - Fetched price for CHTR: $384.77
2025-03-27 02:34:20,646 - src.modules.scanner - INFO - Generated bearish setup for CHTR with 89.9% confidence at $384.77
2025-03-27 02:34:20,647 - src.modules.scanner - INFO - Added CHTR to results
2025-03-27 02:34:20,648 - src.modules.scanner - INFO - Processing TSLA... (64/101)
2025-03-27 02:34:20,758 - src.modules.scanner - INFO - Fetched price for TSLA: $272.06
2025-03-27 02:34:20,760 - src.modules.scanner - INFO - Generated bullish setup for TSLA with 82.6% confidence at $272.06
2025-03-27 02:34:20,761 - src.modules.scanner - INFO - Added TSLA to results
2025-03-27 02:34:20,762 - src.modules.scanner - INFO - Processing EA... (65/101)
2025-03-27 02:34:20,883 - src.modules.scanner - INFO - Fetched price for EA: $145.19
2025-03-27 02:34:20,884 - src.modules.scanner - INFO - Generated neutral setup for EA with 86.9% confidence at $145.19
2025-03-27 02:34:20,885 - src.modules.scanner - INFO - Added EA to results
2025-03-27 02:34:20,886 - src.modules.scanner - INFO - Processing MRVL... (66/101)
2025-03-27 02:34:20,987 - src.modules.scanner - INFO - Fetched price for MRVL: $66.76
2025-03-27 02:34:20,988 - src.modules.scanner - INFO - Generated neutral setup for MRVL with 60.0% confidence at $66.76
2025-03-27 02:34:20,989 - src.modules.scanner - INFO - Added MRVL to results
2025-03-27 02:34:20,990 - src.modules.scanner - INFO - Processing REGN... (67/101)
2025-03-27 02:34:21,077 - src.modules.scanner - INFO - Fetched price for REGN: $640.14
2025-03-27 02:34:21,079 - src.modules.scanner - INFO - Generated bullish setup for REGN with 82.8% confidence at $640.14
2025-03-27 02:34:21,080 - src.modules.scanner - INFO - Added REGN to results
2025-03-27 02:34:21,080 - src.modules.scanner - INFO - Processing VRSK... (68/101)
2025-03-27 02:34:21,164 - src.modules.scanner - INFO - Fetched price for VRSK: $292.03
2025-03-27 02:34:21,165 - src.modules.scanner - INFO - Generated neutral setup for VRSK with 80.8% confidence at $292.03
2025-03-27 02:34:21,166 - src.modules.scanner - INFO - Added VRSK to results
2025-03-27 02:34:21,167 - src.modules.scanner - INFO - Processing META... (69/101)
2025-03-27 02:34:21,242 - src.modules.scanner - INFO - Fetched price for META: $610.98
2025-03-27 02:34:21,243 - src.modules.scanner - INFO - Generated neutral setup for META with 86.8% confidence at $610.98
2025-03-27 02:34:21,244 - src.modules.scanner - INFO - Added META to results
2025-03-27 02:34:21,245 - src.modules.scanner - INFO - Processing ADI... (70/101)
2025-03-27 02:34:21,390 - src.modules.scanner - INFO - Fetched price for ADI: $210.53
2025-03-27 02:34:21,392 - src.modules.scanner - INFO - Generated bullish setup for ADI with 89.0% confidence at $210.53
2025-03-27 02:34:21,394 - src.modules.scanner - INFO - Added ADI to results
2025-03-27 02:34:21,395 - src.modules.scanner - INFO - Processing MDLZ... (71/101)
2025-03-27 02:34:21,503 - src.modules.scanner - INFO - Fetched price for MDLZ: $66.33
2025-03-27 02:34:21,504 - src.modules.scanner - INFO - Generated bullish setup for MDLZ with 68.2% confidence at $66.33
2025-03-27 02:34:21,505 - src.modules.scanner - INFO - Added MDLZ to results
2025-03-27 02:34:21,505 - src.modules.scanner - INFO - Processing TXN... (72/101)
2025-03-27 02:34:21,650 - src.modules.scanner - INFO - Fetched price for TXN: $184.49
2025-03-27 02:34:21,651 - src.modules.scanner - INFO - Generated bullish setup for TXN with 89.7% confidence at $184.49
2025-03-27 02:34:21,653 - src.modules.scanner - INFO - Added TXN to results
2025-03-27 02:34:21,653 - src.modules.scanner - INFO - Processing AVGO... (73/101)
2025-03-27 02:34:21,747 - src.modules.scanner - INFO - Fetched price for AVGO: $179.27
2025-03-27 02:34:21,748 - src.modules.scanner - INFO - Generated neutral setup for AVGO with 65.0% confidence at $179.27
2025-03-27 02:34:21,749 - src.modules.scanner - INFO - Added AVGO to results
2025-03-27 02:34:21,749 - src.modules.scanner - INFO - Processing BKNG... (74/101)
2025-03-27 02:34:21,836 - src.modules.scanner - INFO - Fetched price for BKNG: $4764.16
2025-03-27 02:34:21,837 - src.modules.scanner - INFO - Generated bearish setup for BKNG with 63.6% confidence at $4764.16
2025-03-27 02:34:21,838 - src.modules.scanner - INFO - Added BKNG to results
2025-03-27 02:34:21,838 - src.modules.scanner - INFO - Processing ADP... (75/101)
2025-03-27 02:34:21,969 - src.modules.scanner - INFO - Fetched price for ADP: $302.41
2025-03-27 02:34:21,970 - src.modules.scanner - INFO - Generated neutral setup for ADP with 84.3% confidence at $302.41
2025-03-27 02:34:21,971 - src.modules.scanner - INFO - Added ADP to results
2025-03-27 02:34:21,972 - src.modules.scanner - INFO - Processing ORLY... (76/101)
2025-03-27 02:34:22,062 - src.modules.scanner - INFO - Fetched price for ORLY: $1380.98
2025-03-27 02:34:22,063 - src.modules.scanner - INFO - Generated bullish setup for ORLY with 92.7% confidence at $1380.98
2025-03-27 02:34:22,064 - src.modules.scanner - INFO - Added ORLY to results
2025-03-27 02:34:22,064 - src.modules.scanner - INFO - Processing ROST... (77/101)
2025-03-27 02:34:22,203 - src.modules.scanner - INFO - Fetched price for ROST: $127.70
2025-03-27 02:34:22,204 - src.modules.scanner - INFO - Generated bearish setup for ROST with 78.4% confidence at $127.70
2025-03-27 02:34:22,205 - src.modules.scanner - INFO - Added ROST to results
2025-03-27 02:34:22,206 - src.modules.scanner - INFO - Processing MNST... (78/101)
2025-03-27 02:34:22,282 - src.modules.scanner - INFO - Fetched price for MNST: $57.76
2025-03-27 02:34:22,283 - src.modules.scanner - INFO - Generated neutral setup for MNST with 67.3% confidence at $57.76
2025-03-27 02:34:22,284 - src.modules.scanner - INFO - Added MNST to results
2025-03-27 02:34:22,285 - src.modules.scanner - INFO - Processing VRTX... (79/101)
2025-03-27 02:34:22,366 - src.modules.scanner - INFO - Fetched price for VRTX: $500.28
2025-03-27 02:34:22,367 - src.modules.scanner - INFO - Generated neutral setup for VRTX with 84.8% confidence at $500.28
2025-03-27 02:34:22,368 - src.modules.scanner - INFO - Added VRTX to results
2025-03-27 02:34:22,369 - src.modules.scanner - INFO - Processing ISRG... (80/101)
2025-03-27 02:34:22,452 - src.modules.scanner - INFO - Fetched price for ISRG: $509.03
2025-03-27 02:34:22,453 - src.modules.scanner - INFO - Generated neutral setup for ISRG with 63.8% confidence at $509.03
2025-03-27 02:34:22,454 - src.modules.scanner - INFO - Added ISRG to results
2025-03-27 02:34:22,455 - src.modules.scanner - INFO - Processing CDNS... (81/101)
2025-03-27 02:34:22,548 - src.modules.scanner - INFO - Fetched price for CDNS: $263.41
2025-03-27 02:34:22,549 - src.modules.scanner - INFO - Generated bearish setup for CDNS with 62.8% confidence at $263.41
2025-03-27 02:34:22,550 - src.modules.scanner - INFO - Added CDNS to results
2025-03-27 02:34:22,551 - src.modules.scanner - INFO - Processing GOOGL... (82/101)
2025-03-27 02:34:22,631 - src.modules.scanner - INFO - Fetched price for GOOGL: $165.06
2025-03-27 02:34:22,632 - src.modules.scanner - INFO - Generated bearish setup for GOOGL with 93.9% confidence at $165.06
2025-03-27 02:34:22,633 - src.modules.scanner - INFO - Added GOOGL to results
2025-03-27 02:34:22,634 - src.modules.scanner - INFO - Processing CTSH... (83/101)
2025-03-27 02:34:22,716 - src.modules.scanner - INFO - Fetched price for CTSH: $77.85
2025-03-27 02:34:22,717 - src.modules.scanner - INFO - Generated bearish setup for CTSH with 87.6% confidence at $77.85
2025-03-27 02:34:22,719 - src.modules.scanner - INFO - Added CTSH to results
2025-03-27 02:34:22,719 - src.modules.scanner - INFO - Processing ADSK... (84/101)
2025-03-27 02:34:22,840 - src.modules.scanner - INFO - Fetched price for ADSK: $271.21
2025-03-27 02:34:22,841 - src.modules.scanner - INFO - Generated neutral setup for ADSK with 76.9% confidence at $271.21
2025-03-27 02:34:22,842 - src.modules.scanner - INFO - Added ADSK to results
2025-03-27 02:34:22,844 - src.modules.scanner - INFO - Processing AMGN... (85/101)
2025-03-27 02:34:22,936 - src.modules.scanner - INFO - Fetched price for AMGN: $305.71
2025-03-27 02:34:22,937 - src.modules.scanner - INFO - Generated bearish setup for AMGN with 61.5% confidence at $305.71
2025-03-27 02:34:22,938 - src.modules.scanner - INFO - Added AMGN to results
2025-03-27 02:34:22,938 - src.modules.scanner - INFO - Processing LRCX... (86/101)
2025-03-27 02:34:23,022 - src.modules.scanner - INFO - Fetched price for LRCX: $76.14
2025-03-27 02:34:23,023 - src.modules.scanner - INFO - Generated neutral setup for LRCX with 91.4% confidence at $76.14
2025-03-27 02:34:23,025 - src.modules.scanner - INFO - Added LRCX to results
2025-03-27 02:34:23,026 - src.modules.scanner - INFO - Processing CMCSA... (87/101)
2025-03-27 02:34:23,151 - src.modules.scanner - INFO - Fetched price for CMCSA: $37.37
2025-03-27 02:34:23,152 - src.modules.scanner - INFO - Generated neutral setup for CMCSA with 86.8% confidence at $37.37
2025-03-27 02:34:23,153 - src.modules.scanner - INFO - Added CMCSA to results
2025-03-27 02:34:23,154 - src.modules.scanner - INFO - Processing GILD... (88/101)
2025-03-27 02:34:23,263 - src.modules.scanner - INFO - Fetched price for GILD: $109.27
2025-03-27 02:34:23,264 - src.modules.scanner - INFO - Generated bullish setup for GILD with 79.5% confidence at $109.27
2025-03-27 02:34:23,265 - src.modules.scanner - INFO - Added GILD to results
2025-03-27 02:34:23,266 - src.modules.scanner - INFO - Processing NVDA... (89/101)
2025-03-27 02:34:23,417 - src.modules.scanner - INFO - Fetched price for NVDA: $113.76
2025-03-27 02:34:23,418 - src.modules.scanner - INFO - Generated bearish setup for NVDA with 92.2% confidence at $113.76
2025-03-27 02:34:23,419 - src.modules.scanner - INFO - Added NVDA to results
2025-03-27 02:34:23,420 - src.modules.scanner - INFO - Processing AMZN... (90/101)
2025-03-27 02:34:23,496 - src.modules.scanner - INFO - Fetched price for AMZN: $201.13
2025-03-27 02:34:23,497 - src.modules.scanner - INFO - Generated bullish setup for AMZN with 86.0% confidence at $201.13
2025-03-27 02:34:23,498 - src.modules.scanner - INFO - Added AMZN to results
2025-03-27 02:34:23,499 - src.modules.scanner - INFO - Processing MCHP... (91/101)
2025-03-27 02:34:23,628 - src.modules.scanner - INFO - Fetched price for MCHP: $52.17
2025-03-27 02:34:23,629 - src.modules.scanner - INFO - Generated neutral setup for MCHP with 78.3% confidence at $52.17
2025-03-27 02:34:23,630 - src.modules.scanner - INFO - Added MCHP to results
2025-03-27 02:34:23,630 - src.modules.scanner - INFO - Processing SBUX... (92/101)
2025-03-27 02:34:23,719 - src.modules.scanner - INFO - Fetched price for SBUX: $97.97
2025-03-27 02:34:23,720 - src.modules.scanner - INFO - Generated bullish setup for SBUX with 77.9% confidence at $97.97
2025-03-27 02:34:23,721 - src.modules.scanner - INFO - Added SBUX to results
2025-03-27 02:34:23,723 - src.modules.scanner - INFO - Processing MU... (93/101)
2025-03-27 02:34:23,836 - src.modules.scanner - INFO - Fetched price for MU: $92.13
2025-03-27 02:34:23,837 - src.modules.scanner - INFO - Generated bullish setup for MU with 66.2% confidence at $92.13
2025-03-27 02:34:23,838 - src.modules.scanner - INFO - Added MU to results
2025-03-27 02:34:23,839 - src.modules.scanner - INFO - Processing INTU... (94/101)
2025-03-27 02:34:23,930 - src.modules.scanner - INFO - Fetched price for INTU: $614.86
2025-03-27 02:34:23,931 - src.modules.scanner - INFO - Generated bearish setup for INTU with 87.4% confidence at $614.86
2025-03-27 02:34:23,932 - src.modules.scanner - INFO - Added INTU to results
2025-03-27 02:34:23,932 - src.modules.scanner - INFO - Processing BIIB... (95/101)
2025-03-27 02:34:24,012 - src.modules.scanner - INFO - Fetched price for BIIB: $142.43
2025-03-27 02:34:24,014 - src.modules.scanner - INFO - Generated bearish setup for BIIB with 80.8% confidence at $142.43
2025-03-27 02:34:24,014 - src.modules.scanner - INFO - Added BIIB to results
2025-03-27 02:34:24,015 - src.modules.scanner - INFO - Processing AAPL... (96/101)
2025-03-27 02:34:24,137 - src.modules.scanner - INFO - Fetched price for AAPL: $221.53
2025-03-27 02:34:24,138 - src.modules.scanner - INFO - Generated bullish setup for AAPL with 60.8% confidence at $221.53
2025-03-27 02:34:24,139 - src.modules.scanner - INFO - Added AAPL to results
2025-03-27 02:34:24,140 - src.modules.scanner - INFO - Processing COST... (97/101)
2025-03-27 02:34:24,237 - src.modules.scanner - INFO - Fetched price for COST: $929.75
2025-03-27 02:34:24,238 - src.modules.scanner - INFO - Generated neutral setup for COST with 70.3% confidence at $929.75
2025-03-27 02:34:24,239 - src.modules.scanner - INFO - Added COST to results
2025-03-27 02:34:24,239 - src.modules.scanner - INFO - Processing CTAS... (98/101)
2025-03-27 02:34:24,356 - src.modules.scanner - INFO - Fetched price for CTAS: $204.71
2025-03-27 02:34:24,358 - src.modules.scanner - INFO - Generated neutral setup for CTAS with 93.4% confidence at $204.71
2025-03-27 02:34:24,359 - src.modules.scanner - INFO - Added CTAS to results
2025-03-27 02:34:24,360 - src.modules.scanner - INFO - Processing INTC... (99/101)
2025-03-27 02:34:24,472 - src.modules.scanner - INFO - Fetched price for INTC: $23.42
2025-03-27 02:34:24,474 - src.modules.scanner - INFO - Generated bullish setup for INTC with 79.5% confidence at $23.42
2025-03-27 02:34:24,475 - src.modules.scanner - INFO - Added INTC to results
2025-03-27 02:34:24,476 - src.modules.scanner - INFO - Processing KLAC... (100/101)
2025-03-27 02:34:24,572 - src.modules.scanner - INFO - Fetched price for KLAC: $705.54
2025-03-27 02:34:24,573 - src.modules.scanner - INFO - Generated bullish setup for KLAC with 85.6% confidence at $705.54
2025-03-27 02:34:24,574 - src.modules.scanner - INFO - Added KLAC to results
2025-03-27 02:34:24,639 - src.modules.scanner - INFO - Fetched price for KLAC: $705.54
2025-03-27 02:34:24,640 - src.modules.market_context - INFO - Fetching data for KLAC
2025-03-27 02:34:24,948 - src.modules.key_levels - INFO - Fetching options data for KLAC
2025-03-27 02:34:25,460 - src.utils.data_cache - ERROR - Error writing cache options_chain_KLAC_nearest: Object of type Timestamp is not JSON serializable
2025-03-27 02:34:25,463 - src.modules.scanner - INFO - Added KLAC to results
2025-03-27 02:34:25,464 - src.modules.scanner - INFO - Processing PCAR... (101/101)
2025-03-27 02:34:25,585 - src.modules.scanner - INFO - Fetched price for PCAR: $99.53
2025-03-27 02:34:25,586 - src.modules.scanner - INFO - Generated neutral setup for PCAR with 82.4% confidence at $99.53
2025-03-27 02:34:25,587 - src.modules.scanner - INFO - Added PCAR to results
2025-03-27 02:34:25,648 - src.modules.scanner - INFO - Fetched price for PCAR: $99.53
2025-03-27 02:34:25,650 - src.modules.market_context - INFO - Fetching data for PCAR
2025-03-27 02:34:25,949 - src.modules.key_levels - INFO - Fetching options data for PCAR
2025-03-27 02:34:26,452 - src.utils.data_cache - ERROR - Error writing cache options_chain_PCAR_nearest: Object of type Timestamp is not JSON serializable
2025-03-27 02:34:26,455 - src.modules.scanner - INFO - Filtered out PCAR setup: confidence=82.4%, trend=neutral
2025-03-27 02:34:26,456 - src.modules.scanner - INFO - Pre-filter results count: 102
2025-03-27 02:34:26,457 - src.modules.scanner - INFO - Post-filter results count: 102
2025-03-27 02:34:26,497 - src.modules.scanner - INFO - Results saved to scanner_results\scan_results_20250327_023426.json
2025-03-27 02:34:26,498 - src.modules.scanner - INFO - Scan complete. Found 102 setups after filtering.
2025-03-27 02:34:43,442 - src.modules.scanner - INFO - Loading configuration from config.json
2025-03-27 02:34:43,445 - src.modules.scanner - INFO - Using cached NASDAQ constituents
2025-03-27 02:34:43,446 - src.modules.scanner - INFO - Loaded 101 symbols from NASDAQ Composite
2025-03-27 02:34:43,448 - src.modules.scanner - INFO - Starting scan for 101 symbols
2025-03-27 02:34:43,448 - werkzeug - INFO - 127.0.0.1 - - [27/Mar/2025 02:34:43] "GET /api/scan?filters={"trend":["bullish","bearish","neutral"],"pcr_min":0,"pcr_max":2,"rsi_min":0,"rsi_max":100,"stoch_rsi_min":0,"stoch_rsi_max":100,"min_confidence":60} HTTP/1.1" 200 -
2025-03-27 02:34:43,449 - src.modules.scanner - INFO - Processing ADBE... (1/101)
2025-03-27 02:34:43,545 - src.modules.scanner - INFO - Fetched price for ADBE: $397.81
2025-03-27 02:34:43,546 - src.modules.scanner - INFO - Generated bearish setup for ADBE with 93.1% confidence at $397.81
2025-03-27 02:34:43,547 - src.modules.scanner - INFO - Added ADBE to results
2025-03-27 02:34:43,548 - src.modules.scanner - INFO - Processing AMAT... (2/101)
2025-03-27 02:34:43,650 - src.modules.scanner - INFO - Fetched price for AMAT: $150.68
2025-03-27 02:34:43,650 - src.modules.scanner - INFO - Generated neutral setup for AMAT with 79.2% confidence at $150.68
2025-03-27 02:34:43,651 - src.modules.scanner - INFO - Added AMAT to results
2025-03-27 02:34:43,652 - src.modules.scanner - INFO - Processing CSCO... (3/101)
2025-03-27 02:34:43,739 - src.modules.scanner - INFO - Fetched price for CSCO: $61.80
2025-03-27 02:34:43,741 - src.modules.scanner - INFO - Generated neutral setup for CSCO with 85.7% confidence at $61.80
2025-03-27 02:34:43,741 - src.modules.scanner - INFO - Added CSCO to results
2025-03-27 02:34:43,742 - src.modules.scanner - INFO - Processing FAST... (4/101)
2025-03-27 02:34:43,854 - src.modules.scanner - INFO - Fetched price for FAST: $77.09
2025-03-27 02:34:43,855 - src.modules.scanner - INFO - Generated bearish setup for FAST with 86.8% confidence at $77.09
2025-03-27 02:34:43,856 - src.modules.scanner - INFO - Added FAST to results
2025-03-27 02:34:43,858 - src.modules.scanner - INFO - Processing MSFT... (5/101)
2025-03-27 02:34:43,949 - src.modules.scanner - INFO - Fetched price for MSFT: $389.97
2025-03-27 02:34:43,951 - src.modules.scanner - INFO - Generated bullish setup for MSFT with 61.4% confidence at $389.97
2025-03-27 02:34:43,952 - src.modules.scanner - INFO - Added MSFT to results
2025-03-27 02:34:43,953 - src.modules.scanner - INFO - Processing PAYX... (6/101)
2025-03-27 02:34:44,076 - src.modules.scanner - INFO - Fetched price for PAYX: $150.19
2025-03-27 02:34:44,077 - src.modules.scanner - INFO - Generated neutral setup for PAYX with 67.6% confidence at $150.19
2025-03-27 02:34:44,078 - src.modules.scanner - INFO - Added PAYX to results
2025-03-27 02:34:44,079 - src.modules.scanner - INFO - Processing QCOM... (7/101)
2025-03-27 02:34:44,184 - src.modules.scanner - INFO - Fetched price for QCOM: $158.39
2025-03-27 02:34:44,185 - src.modules.scanner - INFO - Generated bullish setup for QCOM with 90.0% confidence at $158.39
2025-03-27 02:34:44,186 - src.modules.scanner - INFO - Added QCOM to results
2025-03-27 02:34:44,186 - src.modules.scanner - INFO - Processing AXON... (8/101)
2025-03-27 02:34:44,263 - src.modules.scanner - INFO - Fetched price for AXON: $559.06
2025-03-27 02:34:44,264 - src.modules.scanner - INFO - Generated bullish setup for AXON with 76.9% confidence at $559.06
2025-03-27 02:34:44,265 - src.modules.scanner - INFO - Added AXON to results
2025-03-27 02:34:44,265 - src.modules.scanner - INFO - Processing MSTR... (9/101)
2025-03-27 02:34:44,338 - src.modules.scanner - INFO - Fetched price for MSTR: $329.31
2025-03-27 02:34:44,339 - src.modules.scanner - INFO - Generated neutral setup for MSTR with 88.8% confidence at $329.31
2025-03-27 02:34:44,340 - src.modules.scanner - INFO - Added MSTR to results
2025-03-27 02:34:44,341 - src.modules.scanner - INFO - Processing PLTR... (10/101)
2025-03-27 02:34:44,422 - src.modules.scanner - INFO - Fetched price for PLTR: $92.28
2025-03-27 02:34:44,423 - src.modules.scanner - INFO - Generated neutral setup for PLTR with 64.5% confidence at $92.28
2025-03-27 02:34:44,425 - src.modules.scanner - INFO - Added PLTR to results
2025-03-27 02:34:44,426 - src.modules.scanner - INFO - Processing APP... (11/101)
2025-03-27 02:34:44,505 - src.modules.scanner - INFO - Fetched price for APP: $327.62
2025-03-27 02:34:44,506 - src.modules.scanner - INFO - Generated neutral setup for APP with 70.4% confidence at $327.62
2025-03-27 02:34:44,507 - src.modules.scanner - INFO - Added APP to results
2025-03-27 02:34:44,508 - src.modules.scanner - INFO - Processing ARM... (12/101)
2025-03-27 02:34:44,588 - src.modules.scanner - INFO - Fetched price for ARM: $114.93
2025-03-27 02:34:44,589 - src.modules.scanner - INFO - Generated bullish setup for ARM with 79.5% confidence at $114.93
2025-03-27 02:34:44,591 - src.modules.scanner - INFO - Added ARM to results
2025-03-27 02:34:44,592 - src.modules.scanner - INFO - Processing LIN... (13/101)
2025-03-27 02:34:44,711 - src.modules.scanner - INFO - Fetched price for LIN: $461.43
2025-03-27 02:34:44,712 - src.modules.scanner - INFO - Generated bullish setup for LIN with 89.9% confidence at $461.43
2025-03-27 02:34:44,713 - src.modules.scanner - INFO - Added LIN to results
2025-03-27 02:34:44,714 - src.modules.scanner - INFO - Processing CCEP... (14/101)
2025-03-27 02:34:44,830 - src.modules.scanner - INFO - Fetched price for CCEP: $85.37
2025-03-27 02:34:44,832 - src.modules.scanner - INFO - Generated bullish setup for CCEP with 90.3% confidence at $85.37
2025-03-27 02:34:44,833 - src.modules.scanner - INFO - Added CCEP to results
2025-03-27 02:34:44,833 - src.modules.scanner - INFO - Processing DASH... (15/101)
2025-03-27 02:34:44,906 - src.modules.scanner - INFO - Fetched price for DASH: $192.87
2025-03-27 02:34:44,908 - src.modules.scanner - INFO - Generated bearish setup for DASH with 78.1% confidence at $192.87
2025-03-27 02:34:44,909 - src.modules.scanner - INFO - Added DASH to results
2025-03-27 02:34:44,911 - src.modules.scanner - INFO - Processing MDB... (16/101)
2025-03-27 02:34:44,985 - src.modules.scanner - INFO - Fetched price for MDB: $193.66
2025-03-27 02:34:44,986 - src.modules.scanner - INFO - Generated bearish setup for MDB with 72.7% confidence at $193.66
2025-03-27 02:34:44,987 - src.modules.scanner - INFO - Added MDB to results
2025-03-27 02:34:44,988 - src.modules.scanner - INFO - Processing ROP... (17/101)
2025-03-27 02:34:45,106 - src.modules.scanner - INFO - Fetched price for ROP: $582.71
2025-03-27 02:34:45,107 - src.modules.scanner - INFO - Generated bearish setup for ROP with 88.7% confidence at $582.71
2025-03-27 02:34:45,109 - src.modules.scanner - INFO - Added ROP to results
2025-03-27 02:34:45,110 - src.modules.scanner - INFO - Processing TTD... (18/101)
2025-03-27 02:34:45,192 - src.modules.scanner - INFO - Fetched price for TTD: $58.80
2025-03-27 02:34:45,194 - src.modules.scanner - INFO - Generated bullish setup for TTD with 75.2% confidence at $58.80
2025-03-27 02:34:45,195 - src.modules.scanner - INFO - Added TTD to results
2025-03-27 02:34:45,195 - src.modules.scanner - INFO - Processing ON... (19/101)
2025-03-27 02:34:45,269 - src.modules.scanner - INFO - Fetched price for ON: $45.04
2025-03-27 02:34:45,270 - src.modules.scanner - INFO - Generated neutral setup for ON with 66.8% confidence at $45.04
2025-03-27 02:34:45,271 - src.modules.scanner - INFO - Added ON to results
2025-03-27 02:34:45,271 - src.modules.scanner - INFO - Processing GEHC... (20/101)
2025-03-27 02:34:45,348 - src.modules.scanner - INFO - Fetched price for GEHC: $81.00
2025-03-27 02:34:45,349 - src.modules.scanner - INFO - Generated neutral setup for GEHC with 88.3% confidence at $81.00
2025-03-27 02:34:45,350 - src.modules.scanner - INFO - Added GEHC to results
2025-03-27 02:34:45,351 - src.modules.scanner - INFO - Processing BKR... (21/101)
2025-03-27 02:34:45,471 - src.modules.scanner - INFO - Fetched price for BKR: $44.02
2025-03-27 02:34:45,472 - src.modules.scanner - INFO - Generated neutral setup for BKR with 86.0% confidence at $44.02
2025-03-27 02:34:45,474 - src.modules.scanner - INFO - Added BKR to results
2025-03-27 02:34:45,475 - src.modules.scanner - INFO - Processing FANG... (22/101)
2025-03-27 02:34:45,566 - src.modules.scanner - INFO - Fetched price for FANG: $163.09
2025-03-27 02:34:45,567 - src.modules.scanner - INFO - Generated neutral setup for FANG with 61.4% confidence at $163.09
2025-03-27 02:34:45,568 - src.modules.scanner - INFO - Added FANG to results
2025-03-27 02:34:45,568 - src.modules.scanner - INFO - Processing GFS... (23/101)
2025-03-27 02:34:45,649 - src.modules.scanner - INFO - Fetched price for GFS: $38.75
2025-03-27 02:34:45,650 - src.modules.scanner - INFO - Generated bearish setup for GFS with 65.4% confidence at $38.75
2025-03-27 02:34:45,651 - src.modules.scanner - INFO - Added GFS to results
2025-03-27 02:34:45,652 - src.modules.scanner - INFO - Processing WBD... (24/101)
2025-03-27 02:34:45,721 - src.modules.scanner - INFO - Fetched price for WBD: $11.03
2025-03-27 02:34:45,722 - src.modules.scanner - INFO - Generated neutral setup for WBD with 76.2% confidence at $11.03
2025-03-27 02:34:45,722 - src.modules.scanner - INFO - Added WBD to results
2025-03-27 02:34:45,723 - src.modules.scanner - INFO - Processing AZN... (25/101)
2025-03-27 02:34:45,830 - src.modules.scanner - INFO - Fetched price for AZN: $72.72
2025-03-27 02:34:45,831 - src.modules.scanner - INFO - Generated neutral setup for AZN with 83.1% confidence at $72.72
2025-03-27 02:34:45,832 - src.modules.scanner - INFO - Added AZN to results
2025-03-27 02:34:45,833 - src.modules.scanner - INFO - Processing CEG... (26/101)
2025-03-27 02:34:45,910 - src.modules.scanner - INFO - Fetched price for CEG: $216.97
2025-03-27 02:34:45,911 - src.modules.scanner - INFO - Generated bullish setup for CEG with 71.9% confidence at $216.97
2025-03-27 02:34:45,912 - src.modules.scanner - INFO - Added CEG to results
2025-03-27 02:34:45,913 - src.modules.scanner - INFO - Processing ODFL... (27/101)
2025-03-27 02:34:45,996 - src.modules.scanner - INFO - Fetched price for ODFL: $168.67
2025-03-27 02:34:45,997 - src.modules.scanner - INFO - Generated neutral setup for ODFL with 74.5% confidence at $168.67
2025-03-27 02:34:45,998 - src.modules.scanner - INFO - Added ODFL to results
2025-03-27 02:34:45,999 - src.modules.scanner - INFO - Processing TEAM... (28/101)
2025-03-27 02:34:46,074 - src.modules.scanner - INFO - Fetched price for TEAM: $229.65
2025-03-27 02:34:46,075 - src.modules.scanner - INFO - Generated bullish setup for TEAM with 92.1% confidence at $229.65
2025-03-27 02:34:46,076 - src.modules.scanner - INFO - Added TEAM to results
2025-03-27 02:34:46,077 - src.modules.scanner - INFO - Processing ABNB... (29/101)
2025-03-27 02:34:46,150 - src.modules.scanner - INFO - Fetched price for ABNB: $128.64
2025-03-27 02:34:46,152 - src.modules.scanner - INFO - Generated bullish setup for ABNB with 94.7% confidence at $128.64
2025-03-27 02:34:46,152 - src.modules.scanner - INFO - Added ABNB to results
2025-03-27 02:34:46,153 - src.modules.scanner - INFO - Processing FTNT... (30/101)
2025-03-27 02:34:46,231 - src.modules.scanner - INFO - Fetched price for FTNT: $101.01
2025-03-27 02:34:46,232 - src.modules.scanner - INFO - Generated bearish setup for FTNT with 94.2% confidence at $101.01
2025-03-27 02:34:46,233 - src.modules.scanner - INFO - Added FTNT to results
2025-03-27 02:34:46,234 - src.modules.scanner - INFO - Processing PANW... (31/101)
2025-03-27 02:34:46,305 - src.modules.scanner - INFO - Fetched price for PANW: $184.96
2025-03-27 02:34:46,306 - src.modules.scanner - INFO - Generated neutral setup for PANW with 77.7% confidence at $184.96
2025-03-27 02:34:46,308 - src.modules.scanner - INFO - Added PANW to results
2025-03-27 02:34:46,309 - src.modules.scanner - INFO - Processing ZS... (32/101)
2025-03-27 02:34:46,387 - src.modules.scanner - INFO - Fetched price for ZS: $211.55
2025-03-27 02:34:46,388 - src.modules.scanner - INFO - Generated neutral setup for ZS with 70.9% confidence at $211.55
2025-03-27 02:34:46,389 - src.modules.scanner - INFO - Added ZS to results
2025-03-27 02:34:46,390 - src.modules.scanner - INFO - Processing DDOG... (33/101)
2025-03-27 02:34:46,464 - src.modules.scanner - INFO - Fetched price for DDOG: $107.97
2025-03-27 02:34:46,465 - src.modules.scanner - INFO - Generated bearish setup for DDOG with 61.7% confidence at $107.97
2025-03-27 02:34:46,466 - src.modules.scanner - INFO - Added DDOG to results
2025-03-27 02:34:46,467 - src.modules.scanner - INFO - Processing CRWD... (34/101)
2025-03-27 02:34:46,549 - src.modules.scanner - INFO - Fetched price for CRWD: $371.41
2025-03-27 02:34:46,549 - src.modules.scanner - INFO - Generated bearish setup for CRWD with 83.2% confidence at $371.41
2025-03-27 02:34:46,550 - src.modules.scanner - INFO - Added CRWD to results
2025-03-27 02:34:46,551 - src.modules.scanner - INFO - Processing HON... (35/101)
2025-03-27 02:34:46,707 - src.modules.scanner - INFO - Fetched price for HON: $213.12
2025-03-27 02:34:46,709 - src.modules.scanner - INFO - Generated bullish setup for HON with 69.4% confidence at $213.12
2025-03-27 02:34:46,710 - src.modules.scanner - INFO - Added HON to results
2025-03-27 02:34:46,711 - src.modules.scanner - INFO - Processing AEP... (36/101)
2025-03-27 02:34:46,879 - src.modules.scanner - INFO - Fetched price for AEP: $103.90
2025-03-27 02:34:46,880 - src.modules.scanner - INFO - Generated bearish setup for AEP with 89.5% confidence at $103.90
2025-03-27 02:34:46,881 - src.modules.scanner - INFO - Added AEP to results
2025-03-27 02:34:46,882 - src.modules.scanner - INFO - Processing NFLX... (37/101)
2025-03-27 02:34:46,950 - src.modules.scanner - INFO - Fetched price for NFLX: $970.65
2025-03-27 02:34:46,951 - src.modules.scanner - INFO - Generated bullish setup for NFLX with 68.1% confidence at $970.65
2025-03-27 02:34:46,952 - src.modules.scanner - INFO - Added NFLX to results
2025-03-27 02:34:46,953 - src.modules.scanner - INFO - Processing KDP... (38/101)
2025-03-27 02:34:47,051 - src.modules.scanner - INFO - Fetched price for KDP: $34.06
2025-03-27 02:34:47,053 - src.modules.scanner - INFO - Generated bullish setup for KDP with 61.2% confidence at $34.06
2025-03-27 02:34:47,054 - src.modules.scanner - INFO - Added KDP to results
2025-03-27 02:34:47,055 - src.modules.scanner - INFO - Processing PDD... (39/101)
2025-03-27 02:34:47,136 - src.modules.scanner - INFO - Fetched price for PDD: $122.47
2025-03-27 02:34:47,137 - src.modules.scanner - INFO - Generated neutral setup for PDD with 89.2% confidence at $122.47
2025-03-27 02:34:47,138 - src.modules.scanner - INFO - Added PDD to results
2025-03-27 02:34:47,139 - src.modules.scanner - INFO - Processing DXCM... (40/101)
2025-03-27 02:34:47,215 - src.modules.scanner - INFO - Fetched price for DXCM: $72.13
2025-03-27 02:34:47,216 - src.modules.scanner - INFO - Generated neutral setup for DXCM with 71.4% confidence at $72.13
2025-03-27 02:34:47,217 - src.modules.scanner - INFO - Added DXCM to results
2025-03-27 02:34:47,218 - src.modules.scanner - INFO - Processing ANSS... (41/101)
2025-03-27 02:34:47,293 - src.modules.scanner - INFO - Fetched price for ANSS: $323.34
2025-03-27 02:34:47,295 - src.modules.scanner - INFO - Generated bullish setup for ANSS with 67.6% confidence at $323.34
2025-03-27 02:34:47,296 - src.modules.scanner - INFO - Added ANSS to results
2025-03-27 02:34:47,297 - src.modules.scanner - INFO - Processing CDW... (42/101)
2025-03-27 02:34:47,387 - src.modules.scanner - INFO - Fetched price for CDW: $167.33
2025-03-27 02:34:47,389 - src.modules.scanner - INFO - Generated bullish setup for CDW with 81.6% confidence at $167.33
2025-03-27 02:34:47,390 - src.modules.scanner - INFO - Added CDW to results
2025-03-27 02:34:47,391 - src.modules.scanner - INFO - Processing CPRT... (43/101)
2025-03-27 02:34:47,470 - src.modules.scanner - INFO - Fetched price for CPRT: $55.07
2025-03-27 02:34:47,471 - src.modules.scanner - INFO - Generated bearish setup for CPRT with 88.3% confidence at $55.07
2025-03-27 02:34:47,472 - src.modules.scanner - INFO - Added CPRT to results
2025-03-27 02:34:47,472 - src.modules.scanner - INFO - Processing CSGP... (44/101)
2025-03-27 02:34:47,563 - src.modules.scanner - INFO - Fetched price for CSGP: $80.37
2025-03-27 02:34:47,564 - src.modules.scanner - INFO - Generated bullish setup for CSGP with 60.9% confidence at $80.37
2025-03-27 02:34:47,565 - src.modules.scanner - INFO - Added CSGP to results
2025-03-27 02:34:47,566 - src.modules.scanner - INFO - Processing EXC... (45/101)
2025-03-27 02:34:47,698 - src.modules.scanner - INFO - Fetched price for EXC: $44.02
2025-03-27 02:34:47,699 - src.modules.scanner - INFO - Generated bullish setup for EXC with 61.5% confidence at $44.02
2025-03-27 02:34:47,700 - src.modules.scanner - INFO - Added EXC to results
2025-03-27 02:34:47,701 - src.modules.scanner - INFO - Processing AMD... (46/101)
2025-03-27 02:34:47,772 - src.modules.scanner - INFO - Fetched price for AMD: $110.19
2025-03-27 02:34:47,773 - src.modules.scanner - INFO - Generated bullish setup for AMD with 72.5% confidence at $110.19
2025-03-27 02:34:47,775 - src.modules.scanner - INFO - Added AMD to results
2025-03-27 02:34:47,776 - src.modules.scanner - INFO - Processing LULU... (47/101)
2025-03-27 02:34:47,849 - src.modules.scanner - INFO - Fetched price for LULU: $337.79
2025-03-27 02:34:47,850 - src.modules.scanner - INFO - Generated neutral setup for LULU with 86.6% confidence at $337.79
2025-03-27 02:34:47,851 - src.modules.scanner - INFO - Added LULU to results
2025-03-27 02:34:47,852 - src.modules.scanner - INFO - Processing XEL... (48/101)
2025-03-27 02:34:47,976 - src.modules.scanner - INFO - Fetched price for XEL: $68.92
2025-03-27 02:34:47,977 - src.modules.scanner - INFO - Generated neutral setup for XEL with 68.7% confidence at $68.92
2025-03-27 02:34:47,978 - src.modules.scanner - INFO - Added XEL to results
2025-03-27 02:34:47,979 - src.modules.scanner - INFO - Processing PEP... (49/101)
2025-03-27 02:34:48,138 - src.modules.scanner - INFO - Fetched price for PEP: $148.64
2025-03-27 02:34:48,139 - src.modules.scanner - INFO - Generated neutral setup for PEP with 68.8% confidence at $148.64
2025-03-27 02:34:48,140 - src.modules.scanner - INFO - Added PEP to results
2025-03-27 02:34:48,141 - src.modules.scanner - INFO - Processing ASML... (50/101)
2025-03-27 02:34:48,229 - src.modules.scanner - INFO - Fetched price for ASML: $705.76
2025-03-27 02:34:48,230 - src.modules.scanner - INFO - Generated bullish setup for ASML with 62.0% confidence at $705.76
2025-03-27 02:34:48,231 - src.modules.scanner - INFO - Added ASML to results
2025-03-27 02:34:48,303 - src.modules.scanner - INFO - Fetched price for ASML: $705.76
2025-03-27 02:34:48,304 - src.modules.market_context - INFO - Fetching data for ASML
2025-03-27 02:34:48,696 - src.modules.key_levels - INFO - Fetching options data for ASML
2025-03-27 02:34:49,186 - src.utils.data_cache - ERROR - Error reading cache options_chain_ASML_nearest: Expecting value: line 1 column 195 (char 194)
2025-03-27 02:34:49,350 - src.utils.data_cache - ERROR - Error writing cache options_chain_ASML_nearest: Object of type Timestamp is not JSON serializable
2025-03-27 02:34:49,354 - src.modules.scanner - INFO - Filtered out ASML setup: confidence=62.0%, trend=bullish
2025-03-27 02:34:49,355 - src.modules.scanner - INFO - Processing SNPS... (51/101)
2025-03-27 02:34:49,434 - src.modules.scanner - INFO - Fetched price for SNPS: $449.90
2025-03-27 02:34:49,435 - src.modules.scanner - INFO - Generated bearish setup for SNPS with 63.8% confidence at $449.90
2025-03-27 02:34:49,436 - src.modules.scanner - INFO - Added SNPS to results
2025-03-27 02:34:49,437 - src.modules.scanner - INFO - Processing TTWO... (52/101)
2025-03-27 02:34:49,515 - src.modules.scanner - INFO - Fetched price for TTWO: $215.89
2025-03-27 02:34:49,516 - src.modules.scanner - INFO - Generated neutral setup for TTWO with 69.9% confidence at $215.89
2025-03-27 02:34:49,517 - src.modules.scanner - INFO - Added TTWO to results
2025-03-27 02:34:49,518 - src.modules.scanner - INFO - Processing WDAY... (53/101)
2025-03-27 02:34:49,611 - src.modules.scanner - INFO - Fetched price for WDAY: $250.79
2025-03-27 02:34:49,612 - src.modules.scanner - INFO - Generated bullish setup for WDAY with 70.5% confidence at $250.79
2025-03-27 02:34:49,613 - src.modules.scanner - INFO - Added WDAY to results
2025-03-27 02:34:49,614 - src.modules.scanner - INFO - Processing MELI... (54/101)
2025-03-27 02:34:49,709 - src.modules.scanner - INFO - Fetched price for MELI: $2074.97
2025-03-27 02:34:49,711 - src.modules.scanner - INFO - Generated bullish setup for MELI with 64.2% confidence at $2074.97
2025-03-27 02:34:49,711 - src.modules.scanner - INFO - Added MELI to results
2025-03-27 02:34:49,712 - src.modules.scanner - INFO - Processing IDXX... (55/101)
2025-03-27 02:34:49,787 - src.modules.scanner - INFO - Fetched price for IDXX: $417.71
2025-03-27 02:34:49,788 - src.modules.scanner - INFO - Generated bullish setup for IDXX with 61.9% confidence at $417.71
2025-03-27 02:34:49,790 - src.modules.scanner - INFO - Added IDXX to results
2025-03-27 02:34:49,791 - src.modules.scanner - INFO - Processing CSX... (56/101)
2025-03-27 02:34:49,943 - src.modules.scanner - INFO - Fetched price for CSX: $29.90
2025-03-27 02:34:49,944 - src.modules.scanner - INFO - Generated bearish setup for CSX with 74.0% confidence at $29.90
2025-03-27 02:34:49,945 - src.modules.scanner - INFO - Added CSX to results
2025-03-27 02:34:49,946 - src.modules.scanner - INFO - Processing TMUS... (57/101)
2025-03-27 02:34:50,035 - src.modules.scanner - INFO - Fetched price for TMUS: $262.51
2025-03-27 02:34:50,036 - src.modules.scanner - INFO - Generated bullish setup for TMUS with 93.4% confidence at $262.51
2025-03-27 02:34:50,037 - src.modules.scanner - INFO - Added TMUS to results
2025-03-27 02:34:50,039 - src.modules.scanner - INFO - Processing PYPL... (58/101)
2025-03-27 02:34:50,116 - src.modules.scanner - INFO - Fetched price for PYPL: $69.97
2025-03-27 02:34:50,117 - src.modules.scanner - INFO - Generated bearish setup for PYPL with 79.7% confidence at $69.97
2025-03-27 02:34:50,117 - src.modules.scanner - INFO - Added PYPL to results
2025-03-27 02:34:50,118 - src.modules.scanner - INFO - Processing KHC... (59/101)
2025-03-27 02:34:50,213 - src.modules.scanner - INFO - Fetched price for KHC: $29.69
2025-03-27 02:34:50,214 - src.modules.scanner - INFO - Generated bearish setup for KHC with 85.4% confidence at $29.69
2025-03-27 02:34:50,214 - src.modules.scanner - INFO - Added KHC to results
2025-03-27 02:34:50,215 - src.modules.scanner - INFO - Processing GOOG... (60/101)
2025-03-27 02:34:50,297 - src.modules.scanner - INFO - Fetched price for GOOG: $167.14
2025-03-27 02:34:50,298 - src.modules.scanner - INFO - Generated bullish setup for GOOG with 89.6% confidence at $167.14
2025-03-27 02:34:50,299 - src.modules.scanner - INFO - Added GOOG to results
2025-03-27 02:34:50,299 - src.modules.scanner - INFO - Processing NXPI... (61/101)
2025-03-27 02:34:50,383 - src.modules.scanner - INFO - Fetched price for NXPI: $205.75
2025-03-27 02:34:50,385 - src.modules.scanner - INFO - Generated neutral setup for NXPI with 83.8% confidence at $205.75
2025-03-27 02:34:50,386 - src.modules.scanner - INFO - Added NXPI to results
2025-03-27 02:34:50,386 - src.modules.scanner - INFO - Processing MAR... (62/101)
2025-03-27 02:34:50,489 - src.modules.scanner - INFO - Fetched price for MAR: $246.72
2025-03-27 02:34:50,490 - src.modules.scanner - INFO - Generated bullish setup for MAR with 79.3% confidence at $246.72
2025-03-27 02:34:50,491 - src.modules.scanner - INFO - Added MAR to results
2025-03-27 02:34:50,492 - src.modules.scanner - INFO - Processing CHTR... (63/101)
2025-03-27 02:34:50,583 - src.modules.scanner - INFO - Fetched price for CHTR: $384.77
2025-03-27 02:34:50,584 - src.modules.scanner - INFO - Generated bearish setup for CHTR with 75.7% confidence at $384.77
2025-03-27 02:34:50,585 - src.modules.scanner - INFO - Added CHTR to results
2025-03-27 02:34:50,586 - src.modules.scanner - INFO - Processing TSLA... (64/101)
2025-03-27 02:34:50,664 - src.modules.scanner - INFO - Fetched price for TSLA: $272.06
2025-03-27 02:34:50,665 - src.modules.scanner - INFO - Generated bullish setup for TSLA with 87.2% confidence at $272.06
2025-03-27 02:34:50,665 - src.modules.scanner - INFO - Added TSLA to results
2025-03-27 02:34:50,666 - src.modules.scanner - INFO - Processing EA... (65/101)
2025-03-27 02:34:50,738 - src.modules.scanner - INFO - Fetched price for EA: $145.19
2025-03-27 02:34:50,739 - src.modules.scanner - INFO - Generated neutral setup for EA with 91.9% confidence at $145.19
2025-03-27 02:34:50,740 - src.modules.scanner - INFO - Added EA to results
2025-03-27 02:34:50,741 - src.modules.scanner - INFO - Processing MRVL... (66/101)
2025-03-27 02:34:50,844 - src.modules.scanner - INFO - Fetched price for MRVL: $66.76
2025-03-27 02:34:50,845 - src.modules.scanner - INFO - Generated bullish setup for MRVL with 72.3% confidence at $66.76
2025-03-27 02:34:50,846 - src.modules.scanner - INFO - Added MRVL to results
2025-03-27 02:34:50,847 - src.modules.scanner - INFO - Processing REGN... (67/101)
2025-03-27 02:34:50,942 - src.modules.scanner - INFO - Fetched price for REGN: $640.14
2025-03-27 02:34:50,943 - src.modules.scanner - INFO - Generated bearish setup for REGN with 84.3% confidence at $640.14
2025-03-27 02:34:50,945 - src.modules.scanner - INFO - Added REGN to results
2025-03-27 02:34:50,945 - src.modules.scanner - INFO - Processing VRSK... (68/101)
2025-03-27 02:34:51,026 - src.modules.scanner - INFO - Fetched price for VRSK: $292.03
2025-03-27 02:34:51,027 - src.modules.scanner - INFO - Generated bearish setup for VRSK with 84.2% confidence at $292.03
2025-03-27 02:34:51,029 - src.modules.scanner - INFO - Added VRSK to results
2025-03-27 02:34:51,030 - src.modules.scanner - INFO - Processing META... (69/101)
2025-03-27 02:34:51,186 - src.modules.scanner - INFO - Fetched price for META: $610.98
2025-03-27 02:34:51,187 - src.modules.scanner - INFO - Generated neutral setup for META with 76.4% confidence at $610.98
2025-03-27 02:34:51,188 - src.modules.scanner - INFO - Added META to results
2025-03-27 02:34:51,189 - src.modules.scanner - INFO - Processing ADI... (70/101)
2025-03-27 02:34:51,303 - src.modules.scanner - INFO - Fetched price for ADI: $210.53
2025-03-27 02:34:51,304 - src.modules.scanner - INFO - Generated neutral setup for ADI with 82.7% confidence at $210.53
2025-03-27 02:34:51,305 - src.modules.scanner - INFO - Added ADI to results
2025-03-27 02:34:51,306 - src.modules.scanner - INFO - Processing MDLZ... (71/101)
2025-03-27 02:34:51,412 - src.modules.scanner - INFO - Fetched price for MDLZ: $66.33
2025-03-27 02:34:51,413 - src.modules.scanner - INFO - Generated neutral setup for MDLZ with 65.9% confidence at $66.33
2025-03-27 02:34:51,414 - src.modules.scanner - INFO - Added MDLZ to results
2025-03-27 02:34:51,415 - src.modules.scanner - INFO - Processing TXN... (72/101)
2025-03-27 02:34:51,545 - src.modules.scanner - INFO - Fetched price for TXN: $184.49
2025-03-27 02:34:51,546 - src.modules.scanner - INFO - Generated neutral setup for TXN with 74.1% confidence at $184.49
2025-03-27 02:34:51,548 - src.modules.scanner - INFO - Added TXN to results
2025-03-27 02:34:51,548 - src.modules.scanner - INFO - Processing AVGO... (73/101)
2025-03-27 02:34:51,647 - src.modules.scanner - INFO - Fetched price for AVGO: $179.27
2025-03-27 02:34:51,648 - src.modules.scanner - INFO - Generated bearish setup for AVGO with 86.5% confidence at $179.27
2025-03-27 02:34:51,649 - src.modules.scanner - INFO - Added AVGO to results
2025-03-27 02:34:51,649 - src.modules.scanner - INFO - Processing BKNG... (74/101)
2025-03-27 02:34:51,723 - src.modules.scanner - INFO - Fetched price for BKNG: $4764.16
2025-03-27 02:34:51,724 - src.modules.scanner - INFO - Generated neutral setup for BKNG with 74.5% confidence at $4764.16
2025-03-27 02:34:51,725 - src.modules.scanner - INFO - Added BKNG to results
2025-03-27 02:34:51,726 - src.modules.scanner - INFO - Processing ADP... (75/101)
2025-03-27 02:34:51,843 - src.modules.scanner - INFO - Fetched price for ADP: $302.41
2025-03-27 02:34:51,844 - src.modules.scanner - INFO - Generated bearish setup for ADP with 84.5% confidence at $302.41
2025-03-27 02:34:51,844 - src.modules.scanner - INFO - Added ADP to results
2025-03-27 02:34:51,845 - src.modules.scanner - INFO - Processing ORLY... (76/101)
2025-03-27 02:34:51,915 - src.modules.scanner - INFO - Fetched price for ORLY: $1380.98
2025-03-27 02:34:51,916 - src.modules.scanner - INFO - Generated neutral setup for ORLY with 80.6% confidence at $1380.98
2025-03-27 02:34:51,918 - src.modules.scanner - INFO - Added ORLY to results
2025-03-27 02:34:51,919 - src.modules.scanner - INFO - Processing ROST... (77/101)
2025-03-27 02:34:52,019 - src.modules.scanner - INFO - Fetched price for ROST: $127.70
2025-03-27 02:34:52,020 - src.modules.scanner - INFO - Generated neutral setup for ROST with 60.4% confidence at $127.70
2025-03-27 02:34:52,021 - src.modules.scanner - INFO - Added ROST to results
2025-03-27 02:34:52,022 - src.modules.scanner - INFO - Processing MNST... (78/101)
2025-03-27 02:34:52,106 - src.modules.scanner - INFO - Fetched price for MNST: $57.76
2025-03-27 02:34:52,107 - src.modules.scanner - INFO - Generated neutral setup for MNST with 61.1% confidence at $57.76
2025-03-27 02:34:52,109 - src.modules.scanner - INFO - Added MNST to results
2025-03-27 02:34:52,110 - src.modules.scanner - INFO - Processing VRTX... (79/101)
2025-03-27 02:34:52,184 - src.modules.scanner - INFO - Fetched price for VRTX: $500.28
2025-03-27 02:34:52,186 - src.modules.scanner - INFO - Generated bearish setup for VRTX with 71.7% confidence at $500.28
2025-03-27 02:34:52,187 - src.modules.scanner - INFO - Added VRTX to results
2025-03-27 02:34:52,187 - src.modules.scanner - INFO - Processing ISRG... (80/101)
2025-03-27 02:34:52,270 - src.modules.scanner - INFO - Fetched price for ISRG: $509.03
2025-03-27 02:34:52,271 - src.modules.scanner - INFO - Generated bullish setup for ISRG with 60.8% confidence at $509.03
2025-03-27 02:34:52,272 - src.modules.scanner - INFO - Added ISRG to results
2025-03-27 02:34:52,273 - src.modules.scanner - INFO - Processing CDNS... (81/101)
2025-03-27 02:34:52,370 - src.modules.scanner - INFO - Fetched price for CDNS: $263.41
2025-03-27 02:34:52,371 - src.modules.scanner - INFO - Generated bullish setup for CDNS with 77.0% confidence at $263.41
2025-03-27 02:34:52,371 - src.modules.scanner - INFO - Added CDNS to results
2025-03-27 02:34:52,372 - src.modules.scanner - INFO - Processing GOOGL... (82/101)
2025-03-27 02:34:52,462 - src.modules.scanner - INFO - Fetched price for GOOGL: $165.06
2025-03-27 02:34:52,463 - src.modules.scanner - INFO - Generated bearish setup for GOOGL with 83.1% confidence at $165.06
2025-03-27 02:34:52,464 - src.modules.scanner - INFO - Added GOOGL to results
2025-03-27 02:34:52,465 - src.modules.scanner - INFO - Processing CTSH... (83/101)
2025-03-27 02:34:52,547 - src.modules.scanner - INFO - Fetched price for CTSH: $77.85
2025-03-27 02:34:52,548 - src.modules.scanner - INFO - Generated bullish setup for CTSH with 73.7% confidence at $77.85
2025-03-27 02:34:52,549 - src.modules.scanner - INFO - Added CTSH to results
2025-03-27 02:34:52,551 - src.modules.scanner - INFO - Processing ADSK... (84/101)
2025-03-27 02:34:52,642 - src.modules.scanner - INFO - Fetched price for ADSK: $271.21
2025-03-27 02:34:52,643 - src.modules.scanner - INFO - Generated bullish setup for ADSK with 70.5% confidence at $271.21
2025-03-27 02:34:52,644 - src.modules.scanner - INFO - Added ADSK to results
2025-03-27 02:34:52,645 - src.modules.scanner - INFO - Processing AMGN... (85/101)
2025-03-27 02:34:52,734 - src.modules.scanner - INFO - Fetched price for AMGN: $305.71
2025-03-27 02:34:52,735 - src.modules.scanner - INFO - Generated bullish setup for AMGN with 78.1% confidence at $305.71
2025-03-27 02:34:52,736 - src.modules.scanner - INFO - Added AMGN to results
2025-03-27 02:34:52,736 - src.modules.scanner - INFO - Processing LRCX... (86/101)
2025-03-27 02:34:52,819 - src.modules.scanner - INFO - Fetched price for LRCX: $76.14
2025-03-27 02:34:52,820 - src.modules.scanner - INFO - Generated bearish setup for LRCX with 92.0% confidence at $76.14
2025-03-27 02:34:52,821 - src.modules.scanner - INFO - Added LRCX to results
2025-03-27 02:34:52,821 - src.modules.scanner - INFO - Processing CMCSA... (87/101)
2025-03-27 02:34:52,936 - src.modules.scanner - INFO - Fetched price for CMCSA: $37.37
2025-03-27 02:34:52,937 - src.modules.scanner - INFO - Generated neutral setup for CMCSA with 73.0% confidence at $37.37
2025-03-27 02:34:52,938 - src.modules.scanner - INFO - Added CMCSA to results
2025-03-27 02:34:52,938 - src.modules.scanner - INFO - Processing GILD... (88/101)
2025-03-27 02:34:53,019 - src.modules.scanner - INFO - Fetched price for GILD: $109.27
2025-03-27 02:34:53,020 - src.modules.scanner - INFO - Generated bullish setup for GILD with 63.3% confidence at $109.27
2025-03-27 02:34:53,021 - src.modules.scanner - INFO - Added GILD to results
2025-03-27 02:34:53,021 - src.modules.scanner - INFO - Processing NVDA... (89/101)
2025-03-27 02:34:53,105 - src.modules.scanner - INFO - Fetched price for NVDA: $113.76
2025-03-27 02:34:53,106 - src.modules.scanner - INFO - Generated bearish setup for NVDA with 84.7% confidence at $113.76
2025-03-27 02:34:53,107 - src.modules.scanner - INFO - Added NVDA to results
2025-03-27 02:34:53,108 - src.modules.scanner - INFO - Processing AMZN... (90/101)
2025-03-27 02:34:53,179 - src.modules.scanner - INFO - Fetched price for AMZN: $201.13
2025-03-27 02:34:53,180 - src.modules.scanner - INFO - Generated neutral setup for AMZN with 74.7% confidence at $201.13
2025-03-27 02:34:53,181 - src.modules.scanner - INFO - Added AMZN to results
2025-03-27 02:34:53,182 - src.modules.scanner - INFO - Processing MCHP... (91/101)
2025-03-27 02:34:53,282 - src.modules.scanner - INFO - Fetched price for MCHP: $52.17
2025-03-27 02:34:53,283 - src.modules.scanner - INFO - Generated bullish setup for MCHP with 65.1% confidence at $52.17
2025-03-27 02:34:53,284 - src.modules.scanner - INFO - Added MCHP to results
2025-03-27 02:34:53,285 - src.modules.scanner - INFO - Processing SBUX... (92/101)
2025-03-27 02:34:53,370 - src.modules.scanner - INFO - Fetched price for SBUX: $97.97
2025-03-27 02:34:53,371 - src.modules.scanner - INFO - Generated bullish setup for SBUX with 70.9% confidence at $97.97
2025-03-27 02:34:53,373 - src.modules.scanner - INFO - Added SBUX to results
2025-03-27 02:34:53,374 - src.modules.scanner - INFO - Processing MU... (93/101)
2025-03-27 02:34:53,477 - src.modules.scanner - INFO - Fetched price for MU: $92.13
2025-03-27 02:34:53,478 - src.modules.scanner - INFO - Generated bearish setup for MU with 71.5% confidence at $92.13
2025-03-27 02:34:53,479 - src.modules.scanner - INFO - Added MU to results
2025-03-27 02:34:53,480 - src.modules.scanner - INFO - Processing INTU... (94/101)
2025-03-27 02:34:53,568 - src.modules.scanner - INFO - Fetched price for INTU: $614.86
2025-03-27 02:34:53,569 - src.modules.scanner - INFO - Generated bearish setup for INTU with 63.5% confidence at $614.86
2025-03-27 02:34:53,570 - src.modules.scanner - INFO - Added INTU to results
2025-03-27 02:34:53,571 - src.modules.scanner - INFO - Processing BIIB... (95/101)
2025-03-27 02:34:53,649 - src.modules.scanner - INFO - Fetched price for BIIB: $142.43
2025-03-27 02:34:53,650 - src.modules.scanner - INFO - Generated bearish setup for BIIB with 74.1% confidence at $142.43
2025-03-27 02:34:53,651 - src.modules.scanner - INFO - Added BIIB to results
2025-03-27 02:34:53,652 - src.modules.scanner - INFO - Processing AAPL... (96/101)
2025-03-27 02:34:53,773 - src.modules.scanner - INFO - Fetched price for AAPL: $221.53
2025-03-27 02:34:53,774 - src.modules.scanner - INFO - Generated bullish setup for AAPL with 90.2% confidence at $221.53
2025-03-27 02:34:53,775 - src.modules.scanner - INFO - Added AAPL to results
2025-03-27 02:34:53,776 - src.modules.scanner - INFO - Processing COST... (97/101)
2025-03-27 02:34:53,876 - src.modules.scanner - INFO - Fetched price for COST: $929.75
2025-03-27 02:34:53,877 - src.modules.scanner - INFO - Generated bullish setup for COST with 60.5% confidence at $929.75
2025-03-27 02:34:53,878 - src.modules.scanner - INFO - Added COST to results
2025-03-27 02:34:53,879 - src.modules.scanner - INFO - Processing CTAS... (98/101)
2025-03-27 02:34:53,984 - src.modules.scanner - INFO - Fetched price for CTAS: $204.71
2025-03-27 02:34:53,985 - src.modules.scanner - INFO - Generated bearish setup for CTAS with 74.8% confidence at $204.71
2025-03-27 02:34:53,985 - src.modules.scanner - INFO - Added CTAS to results
2025-03-27 02:34:53,986 - src.modules.scanner - INFO - Processing INTC... (99/101)
2025-03-27 02:34:54,095 - src.modules.scanner - INFO - Fetched price for INTC: $23.42
2025-03-27 02:34:54,096 - src.modules.scanner - INFO - Generated neutral setup for INTC with 77.8% confidence at $23.42
2025-03-27 02:34:54,098 - src.modules.scanner - INFO - Added INTC to results
2025-03-27 02:34:54,099 - src.modules.scanner - INFO - Processing KLAC... (100/101)
2025-03-27 02:34:54,192 - src.modules.scanner - INFO - Fetched price for KLAC: $705.54
2025-03-27 02:34:54,194 - src.modules.scanner - INFO - Generated bearish setup for KLAC with 64.5% confidence at $705.54
2025-03-27 02:34:54,195 - src.modules.scanner - INFO - Added KLAC to results
2025-03-27 02:34:54,252 - src.modules.scanner - INFO - Fetched price for KLAC: $705.54
2025-03-27 02:34:54,253 - src.modules.market_context - INFO - Fetching data for KLAC
2025-03-27 02:34:54,558 - src.modules.key_levels - INFO - Fetching options data for KLAC
2025-03-27 02:34:54,942 - src.utils.data_cache - ERROR - Error reading cache options_chain_KLAC_nearest: Expecting value: line 1 column 196 (char 195)
2025-03-27 02:34:55,087 - src.utils.data_cache - ERROR - Error writing cache options_chain_KLAC_nearest: Object of type Timestamp is not JSON serializable
2025-03-27 02:34:55,090 - src.modules.scanner - INFO - Added KLAC to results
2025-03-27 02:34:55,091 - src.modules.scanner - INFO - Processing PCAR... (101/101)
2025-03-27 02:34:55,215 - src.modules.scanner - INFO - Fetched price for PCAR: $99.53
2025-03-27 02:34:55,216 - src.modules.scanner - INFO - Generated neutral setup for PCAR with 81.2% confidence at $99.53
2025-03-27 02:34:55,217 - src.modules.scanner - INFO - Added PCAR to results
2025-03-27 02:34:55,278 - src.modules.scanner - INFO - Fetched price for PCAR: $99.53
2025-03-27 02:34:55,279 - src.modules.market_context - INFO - Fetching data for PCAR
2025-03-27 02:34:55,597 - src.modules.key_levels - INFO - Fetching options data for PCAR
2025-03-27 02:34:55,993 - src.utils.data_cache - ERROR - Error reading cache options_chain_PCAR_nearest: Expecting value: line 1 column 196 (char 195)
2025-03-27 02:34:56,140 - src.utils.data_cache - ERROR - Error writing cache options_chain_PCAR_nearest: Object of type Timestamp is not JSON serializable
2025-03-27 02:34:56,143 - src.modules.scanner - INFO - Filtered out PCAR setup: confidence=81.2%, trend=neutral
2025-03-27 02:34:56,144 - src.modules.scanner - INFO - Pre-filter results count: 102
2025-03-27 02:34:56,145 - src.modules.scanner - INFO - Post-filter results count: 102
2025-03-27 02:34:56,180 - src.modules.scanner - INFO - Results saved to scanner_results\scan_results_20250327_023456.json
2025-03-27 02:34:56,180 - src.modules.scanner - INFO - Scan complete. Found 102 setups after filtering.
2025-03-27 02:37:17,613 - __main__ - INFO - Starting Options-Technical Hybrid Scanner
2025-03-27 02:37:17,678 - werkzeug - INFO - [31m[1mWARNING: This is a development server. Do not use it in a production deployment. Use a production WSGI server instead.[0m
 * Running on all addresses (0.0.0.0)
 * Running on http://127.0.0.1:8080
 * Running on http://192.168.88.9:8080
2025-03-27 02:37:17,679 - werkzeug - INFO - [33mPress CTRL+C to quit[0m
2025-03-27 02:37:17,681 - werkzeug - INFO -  * Restarting with stat
2025-03-27 02:37:20,510 - __main__ - INFO - Starting Options-Technical Hybrid Scanner
2025-03-27 02:37:20,547 - werkzeug - WARNING -  * Debugger is active!
2025-03-27 02:37:20,555 - werkzeug - INFO -  * Debugger PIN: 216-997-372
2025-03-27 02:37:27,886 - werkzeug - INFO - 127.0.0.1 - - [27/Mar/2025 02:37:27] "GET / HTTP/1.1" 200 -
2025-03-27 02:37:27,952 - werkzeug - INFO - 127.0.0.1 - - [27/Mar/2025 02:37:27] "[36mGET /static/css/styles.css HTTP/1.1[0m" 304 -
2025-03-27 02:37:27,957 - werkzeug - INFO - 127.0.0.1 - - [27/Mar/2025 02:37:27] "[36mGET /static/js/app.js HTTP/1.1[0m" 304 -
2025-03-27 02:37:28,595 - werkzeug - INFO - 127.0.0.1 - - [27/Mar/2025 02:37:28] "GET /api/results HTTP/1.1" 200 -
2025-03-27 02:37:35,946 - src.modules.scanner - INFO - Loading configuration from config.json
2025-03-27 02:37:35,949 - src.modules.scanner - INFO - Using cached NASDAQ constituents
2025-03-27 02:37:35,949 - src.modules.scanner - INFO - Loaded 101 symbols from NASDAQ Composite
2025-03-27 02:37:35,950 - src.modules.scanner - INFO - Analyzing TSLA
2025-03-27 02:37:36,127 - werkzeug - INFO - 127.0.0.1 - - [27/Mar/2025 02:37:36] "GET /api/analyze/TSLA HTTP/1.1" 200 -
2025-03-27 02:47:59,135 - werkzeug - INFO -  * Detected change in 'C:\\Users\\cciep\\Github\\APPs\\options-scanner-v2\\src\\modules\\scanner.py', reloading
2025-03-27 02:47:59,432 - werkzeug - INFO -  * Restarting with stat
2025-03-27 02:48:02,673 - __main__ - INFO - Starting Options-Technical Hybrid Scanner
2025-03-27 02:48:02,716 - werkzeug - WARNING -  * Debugger is active!
2025-03-27 02:48:02,723 - werkzeug - INFO -  * Debugger PIN: 216-997-372
2025-03-27 02:48:42,047 - __main__ - INFO - Starting Options-Technical Hybrid Scanner
2025-03-27 02:48:42,140 - werkzeug - INFO - [31m[1mWARNING: This is a development server. Do not use it in a production deployment. Use a production WSGI server instead.[0m
 * Running on all addresses (0.0.0.0)
 * Running on http://127.0.0.1:8080
 * Running on http://192.168.88.9:8080
2025-03-27 02:48:42,141 - werkzeug - INFO - [33mPress CTRL+C to quit[0m
2025-03-27 02:48:42,147 - werkzeug - INFO -  * Restarting with stat
2025-03-27 02:48:45,691 - __main__ - INFO - Starting Options-Technical Hybrid Scanner
2025-03-27 02:48:45,737 - werkzeug - WARNING -  * Debugger is active!
2025-03-27 02:48:45,749 - werkzeug - INFO -  * Debugger PIN: 216-997-372
2025-03-27 08:02:00,756 - werkzeug - INFO - 127.0.0.1 - - [27/Mar/2025 08:02:00] "[33mGET /DevMgmt/ProductConfigDyn.xml HTTP/1.1[0m" 404 -
2025-03-27 08:02:00,763 - werkzeug - INFO - 127.0.0.1 - - [27/Mar/2025 08:02:00] "[33mGET /DevMgmt/ProductConfigDyn.xml HTTP/1.1[0m" 404 -
2025-03-27 08:02:00,774 - werkzeug - INFO - 127.0.0.1 - - [27/Mar/2025 08:02:00] "[33mGET /DevMgmt/DiscoveryTree.xml HTTP/1.1[0m" 404 -
2025-03-27 08:02:00,781 - werkzeug - INFO - 127.0.0.1 - - [27/Mar/2025 08:02:00] "[33mGET /DevMgmt/DiscoveryTree.xml HTTP/1.1[0m" 404 -
2025-03-27 08:03:14,950 - werkzeug - INFO - 127.0.0.1 - - [27/Mar/2025 08:03:14] "[33mGET /DevMgmt/ProductConfigDyn.xml HTTP/1.1[0m" 404 -
2025-03-27 08:03:14,959 - werkzeug - INFO - 127.0.0.1 - - [27/Mar/2025 08:03:14] "[33mGET /DevMgmt/DiscoveryTree.xml HTTP/1.1[0m" 404 -
2025-03-27 08:03:16,498 - werkzeug - INFO - 127.0.0.1 - - [27/Mar/2025 08:03:16] "GET / HTTP/1.1" 200 -
2025-03-27 08:03:16,661 - werkzeug - INFO - 127.0.0.1 - - [27/Mar/2025 08:03:16] "[36mGET /static/css/styles.css HTTP/1.1[0m" 304 -
2025-03-27 08:03:16,668 - werkzeug - INFO - 127.0.0.1 - - [27/Mar/2025 08:03:16] "[36mGET /static/js/app.js HTTP/1.1[0m" 304 -
2025-03-27 08:03:16,936 - werkzeug - INFO - 127.0.0.1 - - [27/Mar/2025 08:03:16] "GET /api/results HTTP/1.1" 200 -
2025-03-27 08:03:22,534 - src.modules.scanner - INFO - Loading configuration from config.json
2025-03-27 08:03:22,537 - src.modules.scanner - INFO - Using cached NASDAQ constituents
2025-03-27 08:03:22,538 - src.modules.scanner - INFO - Loaded 101 symbols from NASDAQ Composite
2025-03-27 08:03:22,538 - src.modules.scanner - INFO - Starting scan for 101 symbols
2025-03-27 08:03:22,539 - werkzeug - INFO - 127.0.0.1 - - [27/Mar/2025 08:03:22] "GET /api/scan?filters={"trend":["bullish","bearish","neutral"],"pcr_min":0,"pcr_max":2,"rsi_min":0,"rsi_max":100,"stoch_rsi_min":0,"stoch_rsi_max":100,"min_confidence":60} HTTP/1.1" 200 -
2025-03-27 08:03:22,539 - src.modules.scanner - INFO - Processing ADBE... (1/101)
2025-03-27 08:03:23,016 - src.modules.scanner - INFO - Fetched price for ADBE: $397.81
2025-03-27 08:03:23,016 - src.modules.scanner - INFO - Generated neutral setup for ADBE with 67.0% confidence at $397.81
2025-03-27 08:03:23,017 - src.modules.scanner - INFO - Added ADBE to results
2025-03-27 08:03:23,017 - src.modules.scanner - INFO - Processing AMAT... (2/101)
2025-03-27 08:03:23,099 - src.modules.scanner - INFO - Fetched price for AMAT: $150.68
2025-03-27 08:03:23,100 - src.modules.scanner - INFO - Generated bullish setup for AMAT with 68.5% confidence at $150.68
2025-03-27 08:03:23,100 - src.modules.scanner - INFO - Added AMAT to results
2025-03-27 08:03:23,101 - src.modules.scanner - INFO - Processing CSCO... (3/101)
2025-03-27 08:03:23,171 - src.modules.scanner - INFO - Fetched price for CSCO: $61.80
2025-03-27 08:03:23,172 - src.modules.scanner - INFO - Generated bullish setup for CSCO with 92.7% confidence at $61.80
2025-03-27 08:03:23,173 - src.modules.scanner - INFO - Added CSCO to results
2025-03-27 08:03:23,173 - src.modules.scanner - INFO - Processing FAST... (4/101)
2025-03-27 08:03:23,260 - src.modules.scanner - INFO - Fetched price for FAST: $77.09
2025-03-27 08:03:23,260 - src.modules.scanner - INFO - Generated bullish setup for FAST with 87.9% confidence at $77.09
2025-03-27 08:03:23,261 - src.modules.scanner - INFO - Added FAST to results
2025-03-27 08:03:23,261 - src.modules.scanner - INFO - Processing MSFT... (5/101)
2025-03-27 08:03:23,353 - src.modules.scanner - INFO - Fetched price for MSFT: $389.97
2025-03-27 08:03:23,353 - src.modules.scanner - INFO - Generated bearish setup for MSFT with 75.2% confidence at $389.97
2025-03-27 08:03:23,354 - src.modules.scanner - INFO - Added MSFT to results
2025-03-27 08:03:23,354 - src.modules.scanner - INFO - Processing PAYX... (6/101)
2025-03-27 08:03:23,464 - src.modules.scanner - INFO - Fetched price for PAYX: $150.19
2025-03-27 08:03:23,464 - src.modules.scanner - INFO - Generated neutral setup for PAYX with 77.6% confidence at $150.19
2025-03-27 08:03:23,465 - src.modules.scanner - INFO - Added PAYX to results
2025-03-27 08:03:23,465 - src.modules.scanner - INFO - Processing QCOM... (7/101)
2025-03-27 08:03:23,553 - src.modules.scanner - INFO - Fetched price for QCOM: $158.39
2025-03-27 08:03:23,554 - src.modules.scanner - INFO - Generated bullish setup for QCOM with 94.2% confidence at $158.39
2025-03-27 08:03:23,554 - src.modules.scanner - INFO - Added QCOM to results
2025-03-27 08:03:23,555 - src.modules.scanner - INFO - Processing AXON... (8/101)
2025-03-27 08:03:23,608 - src.modules.scanner - INFO - Fetched price for AXON: $559.06
2025-03-27 08:03:23,609 - src.modules.scanner - INFO - Generated neutral setup for AXON with 74.5% confidence at $559.06
2025-03-27 08:03:23,609 - src.modules.scanner - INFO - Added AXON to results
2025-03-27 08:03:23,609 - src.modules.scanner - INFO - Processing MSTR... (9/101)
2025-03-27 08:03:23,662 - src.modules.scanner - INFO - Fetched price for MSTR: $329.31
2025-03-27 08:03:23,663 - src.modules.scanner - INFO - Generated neutral setup for MSTR with 70.8% confidence at $329.31
2025-03-27 08:03:23,663 - src.modules.scanner - INFO - Added MSTR to results
2025-03-27 08:03:23,664 - src.modules.scanner - INFO - Processing PLTR... (10/101)
2025-03-27 08:03:23,719 - src.modules.scanner - INFO - Fetched price for PLTR: $92.28
2025-03-27 08:03:23,719 - src.modules.scanner - INFO - Generated neutral setup for PLTR with 64.7% confidence at $92.28
2025-03-27 08:03:23,720 - src.modules.scanner - INFO - Added PLTR to results
2025-03-27 08:03:23,720 - src.modules.scanner - INFO - Processing APP... (11/101)
2025-03-27 08:03:23,785 - src.modules.scanner - INFO - Fetched price for APP: $327.62
2025-03-27 08:03:23,786 - src.modules.scanner - INFO - Generated bearish setup for APP with 74.0% confidence at $327.62
2025-03-27 08:03:23,786 - src.modules.scanner - INFO - Added APP to results
2025-03-27 08:03:23,787 - src.modules.scanner - INFO - Processing ARM... (12/101)
2025-03-27 08:03:23,852 - src.modules.scanner - INFO - Fetched price for ARM: $114.93
2025-03-27 08:03:23,853 - src.modules.scanner - INFO - Generated neutral setup for ARM with 86.8% confidence at $114.93
2025-03-27 08:03:23,853 - src.modules.scanner - INFO - Added ARM to results
2025-03-27 08:03:23,854 - src.modules.scanner - INFO - Processing LIN... (13/101)
2025-03-27 08:03:23,936 - src.modules.scanner - INFO - Fetched price for LIN: $461.43
2025-03-27 08:03:23,936 - src.modules.scanner - INFO - Generated bullish setup for LIN with 90.6% confidence at $461.43
2025-03-27 08:03:23,937 - src.modules.scanner - INFO - Added LIN to results
2025-03-27 08:03:23,937 - src.modules.scanner - INFO - Processing CCEP... (14/101)
2025-03-27 08:03:24,041 - src.modules.scanner - INFO - Fetched price for CCEP: $85.37
2025-03-27 08:03:24,042 - src.modules.scanner - INFO - Generated bullish setup for CCEP with 76.6% confidence at $85.37
2025-03-27 08:03:24,042 - src.modules.scanner - INFO - Added CCEP to results
2025-03-27 08:03:24,043 - src.modules.scanner - INFO - Processing DASH... (15/101)
2025-03-27 08:03:24,106 - src.modules.scanner - INFO - Fetched price for DASH: $192.87
2025-03-27 08:03:24,107 - src.modules.scanner - INFO - Generated neutral setup for DASH with 75.1% confidence at $192.87
2025-03-27 08:03:24,108 - src.modules.scanner - INFO - Added DASH to results
2025-03-27 08:03:24,108 - src.modules.scanner - INFO - Processing MDB... (16/101)
2025-03-27 08:03:24,167 - src.modules.scanner - INFO - Fetched price for MDB: $193.66
2025-03-27 08:03:24,168 - src.modules.scanner - INFO - Generated bearish setup for MDB with 73.7% confidence at $193.66
2025-03-27 08:03:24,168 - src.modules.scanner - INFO - Added MDB to results
2025-03-27 08:03:24,168 - src.modules.scanner - INFO - Processing ROP... (17/101)
2025-03-27 08:03:24,271 - src.modules.scanner - INFO - Fetched price for ROP: $582.71
2025-03-27 08:03:24,272 - src.modules.scanner - INFO - Generated bearish setup for ROP with 79.0% confidence at $582.71
2025-03-27 08:03:24,272 - src.modules.scanner - INFO - Added ROP to results
2025-03-27 08:03:24,273 - src.modules.scanner - INFO - Processing TTD... (18/101)
2025-03-27 08:03:24,335 - src.modules.scanner - INFO - Fetched price for TTD: $58.80
2025-03-27 08:03:24,336 - src.modules.scanner - INFO - Generated bearish setup for TTD with 91.6% confidence at $58.80
2025-03-27 08:03:24,336 - src.modules.scanner - INFO - Added TTD to results
2025-03-27 08:03:24,337 - src.modules.scanner - INFO - Processing ON... (19/101)
2025-03-27 08:03:24,401 - src.modules.scanner - INFO - Fetched price for ON: $45.04
2025-03-27 08:03:24,402 - src.modules.scanner - INFO - Generated bearish setup for ON with 65.2% confidence at $45.04
2025-03-27 08:03:24,405 - src.modules.scanner - INFO - Added ON to results
2025-03-27 08:03:24,405 - src.modules.scanner - INFO - Processing GEHC... (20/101)
2025-03-27 08:03:24,459 - src.modules.scanner - INFO - Fetched price for GEHC: $81.00
2025-03-27 08:03:24,460 - src.modules.scanner - INFO - Generated bearish setup for GEHC with 64.7% confidence at $81.00
2025-03-27 08:03:24,460 - src.modules.scanner - INFO - Added GEHC to results
2025-03-27 08:03:24,461 - src.modules.scanner - INFO - Processing BKR... (21/101)
2025-03-27 08:03:24,565 - src.modules.scanner - INFO - Fetched price for BKR: $44.02
2025-03-27 08:03:24,566 - src.modules.scanner - INFO - Generated bearish setup for BKR with 73.8% confidence at $44.02
2025-03-27 08:03:24,567 - src.modules.scanner - INFO - Added BKR to results
2025-03-27 08:03:24,567 - src.modules.scanner - INFO - Processing FANG... (22/101)
2025-03-27 08:03:24,641 - src.modules.scanner - INFO - Fetched price for FANG: $163.09
2025-03-27 08:03:24,641 - src.modules.scanner - INFO - Generated bullish setup for FANG with 72.4% confidence at $163.09
2025-03-27 08:03:24,642 - src.modules.scanner - INFO - Added FANG to results
2025-03-27 08:03:24,642 - src.modules.scanner - INFO - Processing GFS... (23/101)
2025-03-27 08:03:24,692 - src.modules.scanner - INFO - Fetched price for GFS: $38.75
2025-03-27 08:03:24,692 - src.modules.scanner - INFO - Generated neutral setup for GFS with 89.5% confidence at $38.75
2025-03-27 08:03:24,692 - src.modules.scanner - INFO - Added GFS to results
2025-03-27 08:03:24,693 - src.modules.scanner - INFO - Processing WBD... (24/101)
2025-03-27 08:03:24,743 - src.modules.scanner - INFO - Fetched price for WBD: $11.03
2025-03-27 08:03:24,744 - src.modules.scanner - INFO - Generated bearish setup for WBD with 83.6% confidence at $11.03
2025-03-27 08:03:24,744 - src.modules.scanner - INFO - Added WBD to results
2025-03-27 08:03:24,745 - src.modules.scanner - INFO - Processing AZN... (25/101)
2025-03-27 08:03:24,832 - src.modules.scanner - INFO - Fetched price for AZN: $72.72
2025-03-27 08:03:24,833 - src.modules.scanner - INFO - Generated neutral setup for AZN with 81.2% confidence at $72.72
2025-03-27 08:03:24,833 - src.modules.scanner - INFO - Added AZN to results
2025-03-27 08:03:24,834 - src.modules.scanner - INFO - Processing CEG... (26/101)
2025-03-27 08:03:24,887 - src.modules.scanner - INFO - Fetched price for CEG: $216.97
2025-03-27 08:03:24,888 - src.modules.scanner - INFO - Generated bearish setup for CEG with 88.2% confidence at $216.97
2025-03-27 08:03:24,889 - src.modules.scanner - INFO - Added CEG to results
2025-03-27 08:03:24,889 - src.modules.scanner - INFO - Processing ODFL... (27/101)
2025-03-27 08:03:24,953 - src.modules.scanner - INFO - Fetched price for ODFL: $168.67
2025-03-27 08:03:24,954 - src.modules.scanner - INFO - Generated neutral setup for ODFL with 89.5% confidence at $168.67
2025-03-27 08:03:24,955 - src.modules.scanner - INFO - Added ODFL to results
2025-03-27 08:03:24,955 - src.modules.scanner - INFO - Processing TEAM... (28/101)
2025-03-27 08:03:25,007 - src.modules.scanner - INFO - Fetched price for TEAM: $229.65
2025-03-27 08:03:25,008 - src.modules.scanner - INFO - Generated bullish setup for TEAM with 76.4% confidence at $229.65
2025-03-27 08:03:25,009 - src.modules.scanner - INFO - Added TEAM to results
2025-03-27 08:03:25,009 - src.modules.scanner - INFO - Processing ABNB... (29/101)
2025-03-27 08:03:25,065 - src.modules.scanner - INFO - Fetched price for ABNB: $128.64
2025-03-27 08:03:25,066 - src.modules.scanner - INFO - Generated bearish setup for ABNB with 64.9% confidence at $128.64
2025-03-27 08:03:25,066 - src.modules.scanner - INFO - Added ABNB to results
2025-03-27 08:03:25,066 - src.modules.scanner - INFO - Processing FTNT... (30/101)
2025-03-27 08:03:25,118 - src.modules.scanner - INFO - Fetched price for FTNT: $101.01
2025-03-27 08:03:25,119 - src.modules.scanner - INFO - Generated bullish setup for FTNT with 82.2% confidence at $101.01
2025-03-27 08:03:25,120 - src.modules.scanner - INFO - Added FTNT to results
2025-03-27 08:03:25,120 - src.modules.scanner - INFO - Processing PANW... (31/101)
2025-03-27 08:03:25,172 - src.modules.scanner - INFO - Fetched price for PANW: $184.96
2025-03-27 08:03:25,173 - src.modules.scanner - INFO - Generated neutral setup for PANW with 84.7% confidence at $184.96
2025-03-27 08:03:25,173 - src.modules.scanner - INFO - Added PANW to results
2025-03-27 08:03:25,174 - src.modules.scanner - INFO - Processing ZS... (32/101)
2025-03-27 08:03:25,225 - src.modules.scanner - INFO - Fetched price for ZS: $211.55
2025-03-27 08:03:25,226 - src.modules.scanner - INFO - Generated bearish setup for ZS with 93.4% confidence at $211.55
2025-03-27 08:03:25,226 - src.modules.scanner - INFO - Added ZS to results
2025-03-27 08:03:25,227 - src.modules.scanner - INFO - Processing DDOG... (33/101)
2025-03-27 08:03:25,276 - src.modules.scanner - INFO - Fetched price for DDOG: $107.97
2025-03-27 08:03:25,276 - src.modules.scanner - INFO - Generated bullish setup for DDOG with 86.4% confidence at $107.97
2025-03-27 08:03:25,277 - src.modules.scanner - INFO - Added DDOG to results
2025-03-27 08:03:25,277 - src.modules.scanner - INFO - Processing CRWD... (34/101)
2025-03-27 08:03:25,329 - src.modules.scanner - INFO - Fetched price for CRWD: $371.41
2025-03-27 08:03:25,329 - src.modules.scanner - INFO - Generated bearish setup for CRWD with 71.6% confidence at $371.41
2025-03-27 08:03:25,330 - src.modules.scanner - INFO - Added CRWD to results
2025-03-27 08:03:25,330 - src.modules.scanner - INFO - Processing HON... (35/101)
2025-03-27 08:03:25,455 - src.modules.scanner - INFO - Fetched price for HON: $213.12
2025-03-27 08:03:25,456 - src.modules.scanner - INFO - Generated neutral setup for HON with 72.0% confidence at $213.12
2025-03-27 08:03:25,456 - src.modules.scanner - INFO - Added HON to results
2025-03-27 08:03:25,457 - src.modules.scanner - INFO - Processing AEP... (36/101)
2025-03-27 08:03:25,584 - src.modules.scanner - INFO - Fetched price for AEP: $103.90
2025-03-27 08:03:25,584 - src.modules.scanner - INFO - Generated bullish setup for AEP with 61.7% confidence at $103.90
2025-03-27 08:03:25,585 - src.modules.scanner - INFO - Added AEP to results
2025-03-27 08:03:25,585 - src.modules.scanner - INFO - Processing NFLX... (37/101)
2025-03-27 08:03:25,637 - src.modules.scanner - INFO - Fetched price for NFLX: $970.65
2025-03-27 08:03:25,637 - src.modules.scanner - INFO - Generated neutral setup for NFLX with 86.2% confidence at $970.65
2025-03-27 08:03:25,638 - src.modules.scanner - INFO - Added NFLX to results
2025-03-27 08:03:25,638 - src.modules.scanner - INFO - Processing KDP... (38/101)
2025-03-27 08:03:25,715 - src.modules.scanner - INFO - Fetched price for KDP: $34.06
2025-03-27 08:03:25,716 - src.modules.scanner - INFO - Generated bearish setup for KDP with 80.2% confidence at $34.06
2025-03-27 08:03:25,717 - src.modules.scanner - INFO - Added KDP to results
2025-03-27 08:03:25,717 - src.modules.scanner - INFO - Processing PDD... (39/101)
2025-03-27 08:03:25,781 - src.modules.scanner - INFO - Fetched price for PDD: $122.47
2025-03-27 08:03:25,782 - src.modules.scanner - INFO - Generated bullish setup for PDD with 78.4% confidence at $122.47
2025-03-27 08:03:25,783 - src.modules.scanner - INFO - Added PDD to results
2025-03-27 08:03:25,784 - src.modules.scanner - INFO - Processing DXCM... (40/101)
2025-03-27 08:03:25,839 - src.modules.scanner - INFO - Fetched price for DXCM: $72.13
2025-03-27 08:03:25,840 - src.modules.scanner - INFO - Generated bearish setup for DXCM with 62.7% confidence at $72.13
2025-03-27 08:03:25,840 - src.modules.scanner - INFO - Added DXCM to results
2025-03-27 08:03:25,841 - src.modules.scanner - INFO - Processing ANSS... (41/101)
2025-03-27 08:03:25,894 - src.modules.scanner - INFO - Fetched price for ANSS: $323.34
2025-03-27 08:03:25,895 - src.modules.scanner - INFO - Generated bearish setup for ANSS with 68.1% confidence at $323.34
2025-03-27 08:03:25,896 - src.modules.scanner - INFO - Added ANSS to results
2025-03-27 08:03:25,896 - src.modules.scanner - INFO - Processing CDW... (42/101)
2025-03-27 08:03:25,964 - src.modules.scanner - INFO - Fetched price for CDW: $167.33
2025-03-27 08:03:25,965 - src.modules.scanner - INFO - Generated neutral setup for CDW with 87.9% confidence at $167.33
2025-03-27 08:03:25,965 - src.modules.scanner - INFO - Added CDW to results
2025-03-27 08:03:25,966 - src.modules.scanner - INFO - Processing CPRT... (43/101)
2025-03-27 08:03:26,019 - src.modules.scanner - INFO - Fetched price for CPRT: $55.07
2025-03-27 08:03:26,020 - src.modules.scanner - INFO - Generated bullish setup for CPRT with 93.0% confidence at $55.07
2025-03-27 08:03:26,020 - src.modules.scanner - INFO - Added CPRT to results
2025-03-27 08:03:26,020 - src.modules.scanner - INFO - Processing CSGP... (44/101)
2025-03-27 08:03:26,071 - src.modules.scanner - INFO - Fetched price for CSGP: $80.37
2025-03-27 08:03:26,072 - src.modules.scanner - INFO - Generated bearish setup for CSGP with 66.0% confidence at $80.37
2025-03-27 08:03:26,072 - src.modules.scanner - INFO - Added CSGP to results
2025-03-27 08:03:26,073 - src.modules.scanner - INFO - Processing EXC... (45/101)
2025-03-27 08:03:26,201 - src.modules.scanner - INFO - Fetched price for EXC: $44.02
2025-03-27 08:03:26,202 - src.modules.scanner - INFO - Generated neutral setup for EXC with 67.1% confidence at $44.02
2025-03-27 08:03:26,202 - src.modules.scanner - INFO - Added EXC to results
2025-03-27 08:03:26,203 - src.modules.scanner - INFO - Processing AMD... (46/101)
2025-03-27 08:03:26,255 - src.modules.scanner - INFO - Fetched price for AMD: $110.19
2025-03-27 08:03:26,255 - src.modules.scanner - INFO - Generated bearish setup for AMD with 85.3% confidence at $110.19
2025-03-27 08:03:26,256 - src.modules.scanner - INFO - Added AMD to results
2025-03-27 08:03:26,256 - src.modules.scanner - INFO - Processing LULU... (47/101)
2025-03-27 08:03:26,308 - src.modules.scanner - INFO - Fetched price for LULU: $337.79
2025-03-27 08:03:26,308 - src.modules.scanner - INFO - Generated bearish setup for LULU with 79.8% confidence at $337.79
2025-03-27 08:03:26,309 - src.modules.scanner - INFO - Added LULU to results
2025-03-27 08:03:26,310 - src.modules.scanner - INFO - Processing XEL... (48/101)
2025-03-27 08:03:26,437 - src.modules.scanner - INFO - Fetched price for XEL: $68.92
2025-03-27 08:03:26,438 - src.modules.scanner - INFO - Generated bullish setup for XEL with 69.8% confidence at $68.92
2025-03-27 08:03:26,439 - src.modules.scanner - INFO - Added XEL to results
2025-03-27 08:03:26,439 - src.modules.scanner - INFO - Processing PEP... (49/101)
2025-03-27 08:03:26,559 - src.modules.scanner - INFO - Fetched price for PEP: $148.64
2025-03-27 08:03:26,559 - src.modules.scanner - INFO - Generated bullish setup for PEP with 79.3% confidence at $148.64
2025-03-27 08:03:26,560 - src.modules.scanner - INFO - Added PEP to results
2025-03-27 08:03:26,560 - src.modules.scanner - INFO - Processing ASML... (50/101)
2025-03-27 08:03:26,627 - src.modules.scanner - INFO - Fetched price for ASML: $705.76
2025-03-27 08:03:26,627 - src.modules.scanner - INFO - Generated neutral setup for ASML with 87.4% confidence at $705.76
2025-03-27 08:03:26,628 - src.modules.scanner - INFO - Added ASML to results
2025-03-27 08:03:26,664 - src.modules.scanner - INFO - Fetched price for ASML: $705.76
2025-03-27 08:03:26,665 - src.modules.market_context - INFO - Fetching data for ASML
2025-03-27 08:03:26,978 - src.modules.key_levels - INFO - Fetching options data for ASML
2025-03-27 08:03:27,325 - src.utils.data_cache - ERROR - Error reading cache options_chain_ASML_nearest: Expecting value: line 1 column 195 (char 194)
2025-03-27 08:03:27,436 - src.utils.data_cache - ERROR - Error writing cache options_chain_ASML_nearest: Object of type Timestamp is not JSON serializable
2025-03-27 08:03:27,442 - src.modules.scanner - INFO - Filtered out ASML setup: confidence=87.4%, trend=neutral
2025-03-27 08:03:27,443 - src.modules.scanner - INFO - Processing SNPS... (51/101)
2025-03-27 08:03:27,521 - src.modules.scanner - INFO - Fetched price for SNPS: $449.90
2025-03-27 08:03:27,522 - src.modules.scanner - INFO - Generated bullish setup for SNPS with 73.6% confidence at $449.90
2025-03-27 08:03:27,522 - src.modules.scanner - INFO - Added SNPS to results
2025-03-27 08:03:27,523 - src.modules.scanner - INFO - Processing TTWO... (52/101)
2025-03-27 08:03:27,575 - src.modules.scanner - INFO - Fetched price for TTWO: $215.89
2025-03-27 08:03:27,576 - src.modules.scanner - INFO - Generated bullish setup for TTWO with 84.8% confidence at $215.89
2025-03-27 08:03:27,576 - src.modules.scanner - INFO - Added TTWO to results
2025-03-27 08:03:27,577 - src.modules.scanner - INFO - Processing WDAY... (53/101)
2025-03-27 08:03:27,632 - src.modules.scanner - INFO - Fetched price for WDAY: $250.79
2025-03-27 08:03:27,633 - src.modules.scanner - INFO - Generated bullish setup for WDAY with 85.1% confidence at $250.79
2025-03-27 08:03:27,633 - src.modules.scanner - INFO - Added WDAY to results
2025-03-27 08:03:27,634 - src.modules.scanner - INFO - Processing MELI... (54/101)
2025-03-27 08:03:27,696 - src.modules.scanner - INFO - Fetched price for MELI: $2074.97
2025-03-27 08:03:27,697 - src.modules.scanner - INFO - Generated bullish setup for MELI with 65.4% confidence at $2074.97
2025-03-27 08:03:27,697 - src.modules.scanner - INFO - Added MELI to results
2025-03-27 08:03:27,697 - src.modules.scanner - INFO - Processing IDXX... (55/101)
2025-03-27 08:03:27,752 - src.modules.scanner - INFO - Fetched price for IDXX: $417.71
2025-03-27 08:03:27,753 - src.modules.scanner - INFO - Generated neutral setup for IDXX with 81.0% confidence at $417.71
2025-03-27 08:03:27,754 - src.modules.scanner - INFO - Added IDXX to results
2025-03-27 08:03:27,754 - src.modules.scanner - INFO - Processing CSX... (56/101)
2025-03-27 08:03:27,889 - src.modules.scanner - INFO - Fetched price for CSX: $29.90
2025-03-27 08:03:27,890 - src.modules.scanner - INFO - Generated neutral setup for CSX with 75.3% confidence at $29.90
2025-03-27 08:03:27,891 - src.modules.scanner - INFO - Added CSX to results
2025-03-27 08:03:27,891 - src.modules.scanner - INFO - Processing TMUS... (57/101)
2025-03-27 08:03:27,963 - src.modules.scanner - INFO - Fetched price for TMUS: $262.51
2025-03-27 08:03:27,964 - src.modules.scanner - INFO - Generated bullish setup for TMUS with 60.5% confidence at $262.51
2025-03-27 08:03:27,964 - src.modules.scanner - INFO - Added TMUS to results
2025-03-27 08:03:27,965 - src.modules.scanner - INFO - Processing PYPL... (58/101)
2025-03-27 08:03:28,020 - src.modules.scanner - INFO - Fetched price for PYPL: $69.97
2025-03-27 08:03:28,021 - src.modules.scanner - INFO - Generated bullish setup for PYPL with 82.8% confidence at $69.97
2025-03-27 08:03:28,021 - src.modules.scanner - INFO - Added PYPL to results
2025-03-27 08:03:28,022 - src.modules.scanner - INFO - Processing KHC... (59/101)
2025-03-27 08:03:28,091 - src.modules.scanner - INFO - Fetched price for KHC: $29.69
2025-03-27 08:03:28,092 - src.modules.scanner - INFO - Generated bullish setup for KHC with 89.2% confidence at $29.69
2025-03-27 08:03:28,093 - src.modules.scanner - INFO - Added KHC to results
2025-03-27 08:03:28,093 - src.modules.scanner - INFO - Processing GOOG... (60/101)
2025-03-27 08:03:28,151 - src.modules.scanner - INFO - Fetched price for GOOG: $167.14
2025-03-27 08:03:28,152 - src.modules.scanner - INFO - Generated bearish setup for GOOG with 76.0% confidence at $167.14
2025-03-27 08:03:28,152 - src.modules.scanner - INFO - Added GOOG to results
2025-03-27 08:03:28,152 - src.modules.scanner - INFO - Processing NXPI... (61/101)
2025-03-27 08:03:28,222 - src.modules.scanner - INFO - Fetched price for NXPI: $205.75
2025-03-27 08:03:28,222 - src.modules.scanner - INFO - Generated bullish setup for NXPI with 73.2% confidence at $205.75
2025-03-27 08:03:28,223 - src.modules.scanner - INFO - Added NXPI to results
2025-03-27 08:03:28,223 - src.modules.scanner - INFO - Processing MAR... (62/101)
2025-03-27 08:03:28,330 - src.modules.scanner - INFO - Fetched price for MAR: $246.72
2025-03-27 08:03:28,331 - src.modules.scanner - INFO - Generated neutral setup for MAR with 72.7% confidence at $246.72
2025-03-27 08:03:28,331 - src.modules.scanner - INFO - Added MAR to results
2025-03-27 08:03:28,332 - src.modules.scanner - INFO - Processing CHTR... (63/101)
2025-03-27 08:03:28,394 - src.modules.scanner - INFO - Fetched price for CHTR: $384.77
2025-03-27 08:03:28,395 - src.modules.scanner - INFO - Generated bearish setup for CHTR with 74.0% confidence at $384.77
2025-03-27 08:03:28,395 - src.modules.scanner - INFO - Added CHTR to results
2025-03-27 08:03:28,395 - src.modules.scanner - INFO - Processing TSLA... (64/101)
2025-03-27 08:03:28,450 - src.modules.scanner - INFO - Fetched price for TSLA: $272.06
2025-03-27 08:03:28,451 - src.modules.scanner - INFO - Generated bullish setup for TSLA with 88.0% confidence at $272.06
2025-03-27 08:03:28,452 - src.modules.scanner - INFO - Added TSLA to results
2025-03-27 08:03:28,452 - src.modules.scanner - INFO - Processing EA... (65/101)
2025-03-27 08:03:28,512 - src.modules.scanner - INFO - Fetched price for EA: $145.19
2025-03-27 08:03:28,513 - src.modules.scanner - INFO - Generated bearish setup for EA with 87.2% confidence at $145.19
2025-03-27 08:03:28,514 - src.modules.scanner - INFO - Added EA to results
2025-03-27 08:03:28,515 - src.modules.scanner - INFO - Processing MRVL... (66/101)
2025-03-27 08:03:28,589 - src.modules.scanner - INFO - Fetched price for MRVL: $66.76
2025-03-27 08:03:28,590 - src.modules.scanner - INFO - Generated neutral setup for MRVL with 63.9% confidence at $66.76
2025-03-27 08:03:28,590 - src.modules.scanner - INFO - Added MRVL to results
2025-03-27 08:03:28,591 - src.modules.scanner - INFO - Processing REGN... (67/101)
2025-03-27 08:03:28,641 - src.modules.scanner - INFO - Fetched price for REGN: $640.14
2025-03-27 08:03:28,642 - src.modules.scanner - INFO - Generated neutral setup for REGN with 76.7% confidence at $640.14
2025-03-27 08:03:28,642 - src.modules.scanner - INFO - Added REGN to results
2025-03-27 08:03:28,643 - src.modules.scanner - INFO - Processing VRSK... (68/101)
2025-03-27 08:03:28,705 - src.modules.scanner - INFO - Fetched price for VRSK: $292.03
2025-03-27 08:03:28,706 - src.modules.scanner - INFO - Generated bearish setup for VRSK with 64.1% confidence at $292.03
2025-03-27 08:03:28,706 - src.modules.scanner - INFO - Added VRSK to results
2025-03-27 08:03:28,707 - src.modules.scanner - INFO - Processing META... (69/101)
2025-03-27 08:03:28,756 - src.modules.scanner - INFO - Fetched price for META: $610.98
2025-03-27 08:03:28,757 - src.modules.scanner - INFO - Generated neutral setup for META with 74.5% confidence at $610.98
2025-03-27 08:03:28,757 - src.modules.scanner - INFO - Added META to results
2025-03-27 08:03:28,758 - src.modules.scanner - INFO - Processing ADI... (70/101)
2025-03-27 08:03:28,827 - src.modules.scanner - INFO - Fetched price for ADI: $210.53
2025-03-27 08:03:28,828 - src.modules.scanner - INFO - Generated bullish setup for ADI with 71.7% confidence at $210.53
2025-03-27 08:03:28,829 - src.modules.scanner - INFO - Added ADI to results
2025-03-27 08:03:28,829 - src.modules.scanner - INFO - Processing MDLZ... (71/101)
2025-03-27 08:03:28,908 - src.modules.scanner - INFO - Fetched price for MDLZ: $66.33
2025-03-27 08:03:28,909 - src.modules.scanner - INFO - Generated bearish setup for MDLZ with 90.9% confidence at $66.33
2025-03-27 08:03:28,910 - src.modules.scanner - INFO - Added MDLZ to results
2025-03-27 08:03:28,910 - src.modules.scanner - INFO - Processing TXN... (72/101)
2025-03-27 08:03:29,037 - src.modules.scanner - INFO - Fetched price for TXN: $184.49
2025-03-27 08:03:29,038 - src.modules.scanner - INFO - Generated bearish setup for TXN with 88.8% confidence at $184.49
2025-03-27 08:03:29,038 - src.modules.scanner - INFO - Added TXN to results
2025-03-27 08:03:29,039 - src.modules.scanner - INFO - Processing AVGO... (73/101)
2025-03-27 08:03:29,113 - src.modules.scanner - INFO - Fetched price for AVGO: $179.27
2025-03-27 08:03:29,113 - src.modules.scanner - INFO - Generated bearish setup for AVGO with 70.4% confidence at $179.27
2025-03-27 08:03:29,114 - src.modules.scanner - INFO - Added AVGO to results
2025-03-27 08:03:29,115 - src.modules.scanner - INFO - Processing BKNG... (74/101)
2025-03-27 08:03:29,169 - src.modules.scanner - INFO - Fetched price for BKNG: $4764.16
2025-03-27 08:03:29,170 - src.modules.scanner - INFO - Generated bearish setup for BKNG with 68.1% confidence at $4764.16
2025-03-27 08:03:29,170 - src.modules.scanner - INFO - Added BKNG to results
2025-03-27 08:03:29,171 - src.modules.scanner - INFO - Processing ADP... (75/101)
2025-03-27 08:03:29,260 - src.modules.scanner - INFO - Fetched price for ADP: $302.41
2025-03-27 08:03:29,261 - src.modules.scanner - INFO - Generated bearish setup for ADP with 75.7% confidence at $302.41
2025-03-27 08:03:29,261 - src.modules.scanner - INFO - Added ADP to results
2025-03-27 08:03:29,262 - src.modules.scanner - INFO - Processing ORLY... (76/101)
2025-03-27 08:03:29,320 - src.modules.scanner - INFO - Fetched price for ORLY: $1380.98
2025-03-27 08:03:29,321 - src.modules.scanner - INFO - Generated bullish setup for ORLY with 71.5% confidence at $1380.98
2025-03-27 08:03:29,321 - src.modules.scanner - INFO - Added ORLY to results
2025-03-27 08:03:29,322 - src.modules.scanner - INFO - Processing ROST... (77/101)
2025-03-27 08:03:29,429 - src.modules.scanner - INFO - Fetched price for ROST: $127.70
2025-03-27 08:03:29,430 - src.modules.scanner - INFO - Generated bullish setup for ROST with 78.6% confidence at $127.70
2025-03-27 08:03:29,430 - src.modules.scanner - INFO - Added ROST to results
2025-03-27 08:03:29,431 - src.modules.scanner - INFO - Processing MNST... (78/101)
2025-03-27 08:03:29,497 - src.modules.scanner - INFO - Fetched price for MNST: $57.76
2025-03-27 08:03:29,497 - src.modules.scanner - INFO - Generated neutral setup for MNST with 69.1% confidence at $57.76
2025-03-27 08:03:29,498 - src.modules.scanner - INFO - Added MNST to results
2025-03-27 08:03:29,498 - src.modules.scanner - INFO - Processing VRTX... (79/101)
2025-03-27 08:03:29,552 - src.modules.scanner - INFO - Fetched price for VRTX: $500.28
2025-03-27 08:03:29,553 - src.modules.scanner - INFO - Generated neutral setup for VRTX with 81.4% confidence at $500.28
2025-03-27 08:03:29,554 - src.modules.scanner - INFO - Added VRTX to results
2025-03-27 08:03:29,554 - src.modules.scanner - INFO - Processing ISRG... (80/101)
2025-03-27 08:03:29,606 - src.modules.scanner - INFO - Fetched price for ISRG: $509.03
2025-03-27 08:03:29,607 - src.modules.scanner - INFO - Generated bearish setup for ISRG with 91.6% confidence at $509.03
2025-03-27 08:03:29,608 - src.modules.scanner - INFO - Added ISRG to results
2025-03-27 08:03:29,608 - src.modules.scanner - INFO - Processing CDNS... (81/101)
2025-03-27 08:03:29,660 - src.modules.scanner - INFO - Fetched price for CDNS: $263.41
2025-03-27 08:03:29,661 - src.modules.scanner - INFO - Generated bearish setup for CDNS with 74.3% confidence at $263.41
2025-03-27 08:03:29,661 - src.modules.scanner - INFO - Added CDNS to results
2025-03-27 08:03:29,662 - src.modules.scanner - INFO - Processing GOOGL... (82/101)
2025-03-27 08:03:29,717 - src.modules.scanner - INFO - Fetched price for GOOGL: $165.06
2025-03-27 08:03:29,718 - src.modules.scanner - INFO - Generated neutral setup for GOOGL with 78.8% confidence at $165.06
2025-03-27 08:03:29,719 - src.modules.scanner - INFO - Added GOOGL to results
2025-03-27 08:03:29,720 - src.modules.scanner - INFO - Processing CTSH... (83/101)
2025-03-27 08:03:29,787 - src.modules.scanner - INFO - Fetched price for CTSH: $77.85
2025-03-27 08:03:29,788 - src.modules.scanner - INFO - Generated bullish setup for CTSH with 84.5% confidence at $77.85
2025-03-27 08:03:29,788 - src.modules.scanner - INFO - Added CTSH to results
2025-03-27 08:03:29,789 - src.modules.scanner - INFO - Processing ADSK... (84/101)
2025-03-27 08:03:29,870 - src.modules.scanner - INFO - Fetched price for ADSK: $271.21
2025-03-27 08:03:29,871 - src.modules.scanner - INFO - Generated bullish setup for ADSK with 71.3% confidence at $271.21
2025-03-27 08:03:29,872 - src.modules.scanner - INFO - Added ADSK to results
2025-03-27 08:03:29,872 - src.modules.scanner - INFO - Processing AMGN... (85/101)
2025-03-27 08:03:29,939 - src.modules.scanner - INFO - Fetched price for AMGN: $305.71
2025-03-27 08:03:29,940 - src.modules.scanner - INFO - Generated bullish setup for AMGN with 81.5% confidence at $305.71
2025-03-27 08:03:29,940 - src.modules.scanner - INFO - Added AMGN to results
2025-03-27 08:03:29,941 - src.modules.scanner - INFO - Processing LRCX... (86/101)
2025-03-27 08:03:30,002 - src.modules.scanner - INFO - Fetched price for LRCX: $76.14
2025-03-27 08:03:30,002 - src.modules.scanner - INFO - Generated bullish setup for LRCX with 79.6% confidence at $76.14
2025-03-27 08:03:30,003 - src.modules.scanner - INFO - Added LRCX to results
2025-03-27 08:03:30,003 - src.modules.scanner - INFO - Processing CMCSA... (87/101)
2025-03-27 08:03:30,106 - src.modules.scanner - INFO - Fetched price for CMCSA: $37.37
2025-03-27 08:03:30,106 - src.modules.scanner - INFO - Generated neutral setup for CMCSA with 61.5% confidence at $37.37
2025-03-27 08:03:30,107 - src.modules.scanner - INFO - Added CMCSA to results
2025-03-27 08:03:30,107 - src.modules.scanner - INFO - Processing GILD... (88/101)
2025-03-27 08:03:30,166 - src.modules.scanner - INFO - Fetched price for GILD: $109.27
2025-03-27 08:03:30,167 - src.modules.scanner - INFO - Generated bullish setup for GILD with 92.1% confidence at $109.27
2025-03-27 08:03:30,168 - src.modules.scanner - INFO - Added GILD to results
2025-03-27 08:03:30,168 - src.modules.scanner - INFO - Processing NVDA... (89/101)
2025-03-27 08:03:30,238 - src.modules.scanner - INFO - Fetched price for NVDA: $113.76
2025-03-27 08:03:30,239 - src.modules.scanner - INFO - Generated bearish setup for NVDA with 61.4% confidence at $113.76
2025-03-27 08:03:30,240 - src.modules.scanner - INFO - Added NVDA to results
2025-03-27 08:03:30,240 - src.modules.scanner - INFO - Processing AMZN... (90/101)
2025-03-27 08:03:30,291 - src.modules.scanner - INFO - Fetched price for AMZN: $201.13
2025-03-27 08:03:30,292 - src.modules.scanner - INFO - Generated bearish setup for AMZN with 80.9% confidence at $201.13
2025-03-27 08:03:30,292 - src.modules.scanner - INFO - Added AMZN to results
2025-03-27 08:03:30,293 - src.modules.scanner - INFO - Processing MCHP... (91/101)
2025-03-27 08:03:30,377 - src.modules.scanner - INFO - Fetched price for MCHP: $52.17
2025-03-27 08:03:30,378 - src.modules.scanner - INFO - Generated bullish setup for MCHP with 61.4% confidence at $52.17
2025-03-27 08:03:30,378 - src.modules.scanner - INFO - Added MCHP to results
2025-03-27 08:03:30,379 - src.modules.scanner - INFO - Processing SBUX... (92/101)
2025-03-27 08:03:30,446 - src.modules.scanner - INFO - Fetched price for SBUX: $97.97
2025-03-27 08:03:30,448 - src.modules.scanner - INFO - Generated bearish setup for SBUX with 76.2% confidence at $97.97
2025-03-27 08:03:30,450 - src.modules.scanner - INFO - Added SBUX to results
2025-03-27 08:03:30,451 - src.modules.scanner - INFO - Processing MU... (93/101)
2025-03-27 08:03:30,568 - src.modules.scanner - INFO - Fetched price for MU: $92.13
2025-03-27 08:03:30,569 - src.modules.scanner - INFO - Generated bullish setup for MU with 69.4% confidence at $92.13
2025-03-27 08:03:30,569 - src.modules.scanner - INFO - Added MU to results
2025-03-27 08:03:30,570 - src.modules.scanner - INFO - Processing INTU... (94/101)
2025-03-27 08:03:30,638 - src.modules.scanner - INFO - Fetched price for INTU: $614.86
2025-03-27 08:03:30,639 - src.modules.scanner - INFO - Generated bearish setup for INTU with 62.5% confidence at $614.86
2025-03-27 08:03:30,639 - src.modules.scanner - INFO - Added INTU to results
2025-03-27 08:03:30,640 - src.modules.scanner - INFO - Processing BIIB... (95/101)
2025-03-27 08:03:30,694 - src.modules.scanner - INFO - Fetched price for BIIB: $142.43
2025-03-27 08:03:30,695 - src.modules.scanner - INFO - Generated bearish setup for BIIB with 85.2% confidence at $142.43
2025-03-27 08:03:30,696 - src.modules.scanner - INFO - Added BIIB to results
2025-03-27 08:03:30,696 - src.modules.scanner - INFO - Processing AAPL... (96/101)
2025-03-27 08:03:30,793 - src.modules.scanner - INFO - Fetched price for AAPL: $221.53
2025-03-27 08:03:30,794 - src.modules.scanner - INFO - Generated bearish setup for AAPL with 93.4% confidence at $221.53
2025-03-27 08:03:30,794 - src.modules.scanner - INFO - Added AAPL to results
2025-03-27 08:03:30,794 - src.modules.scanner - INFO - Processing COST... (97/101)
2025-03-27 08:03:30,867 - src.modules.scanner - INFO - Fetched price for COST: $929.75
2025-03-27 08:03:30,868 - src.modules.scanner - INFO - Generated neutral setup for COST with 88.5% confidence at $929.75
2025-03-27 08:03:30,868 - src.modules.scanner - INFO - Added COST to results
2025-03-27 08:03:30,869 - src.modules.scanner - INFO - Processing CTAS... (98/101)
2025-03-27 08:03:30,961 - src.modules.scanner - INFO - Fetched price for CTAS: $204.71
2025-03-27 08:03:30,962 - src.modules.scanner - INFO - Generated bullish setup for CTAS with 70.1% confidence at $204.71
2025-03-27 08:03:30,963 - src.modules.scanner - INFO - Added CTAS to results
2025-03-27 08:03:30,963 - src.modules.scanner - INFO - Processing INTC... (99/101)
2025-03-27 08:03:31,057 - src.modules.scanner - INFO - Fetched price for INTC: $23.42
2025-03-27 08:03:31,058 - src.modules.scanner - INFO - Generated bearish setup for INTC with 78.5% confidence at $23.42
2025-03-27 08:03:31,059 - src.modules.scanner - INFO - Added INTC to results
2025-03-27 08:03:31,059 - src.modules.scanner - INFO - Processing KLAC... (100/101)
2025-03-27 08:03:31,136 - src.modules.scanner - INFO - Fetched price for KLAC: $705.54
2025-03-27 08:03:31,137 - src.modules.scanner - INFO - Generated neutral setup for KLAC with 70.1% confidence at $705.54
2025-03-27 08:03:31,137 - src.modules.scanner - INFO - Added KLAC to results
2025-03-27 08:03:31,175 - src.modules.scanner - INFO - Fetched price for KLAC: $705.54
2025-03-27 08:03:31,176 - src.modules.market_context - INFO - Fetching data for KLAC
2025-03-27 08:03:31,429 - src.modules.key_levels - INFO - Fetching options data for KLAC
2025-03-27 08:03:31,768 - src.utils.data_cache - ERROR - Error reading cache options_chain_KLAC_nearest: Expecting value: line 1 column 196 (char 195)
2025-03-27 08:03:31,866 - src.utils.data_cache - ERROR - Error writing cache options_chain_KLAC_nearest: Object of type Timestamp is not JSON serializable
2025-03-27 08:03:31,867 - src.modules.scanner - INFO - Added KLAC to results
2025-03-27 08:03:31,868 - src.modules.scanner - INFO - Processing PCAR... (101/101)
2025-03-27 08:03:31,993 - src.modules.scanner - INFO - Fetched price for PCAR: $99.53
2025-03-27 08:03:31,993 - src.modules.scanner - INFO - Generated bullish setup for PCAR with 77.1% confidence at $99.53
2025-03-27 08:03:31,994 - src.modules.scanner - INFO - Added PCAR to results
2025-03-27 08:03:32,038 - src.modules.scanner - INFO - Fetched price for PCAR: $99.53
2025-03-27 08:03:32,038 - src.modules.market_context - INFO - Fetching data for PCAR
2025-03-27 08:03:32,321 - src.modules.key_levels - INFO - Fetching options data for PCAR
2025-03-27 08:03:32,653 - src.utils.data_cache - ERROR - Error reading cache options_chain_PCAR_nearest: Expecting value: line 1 column 196 (char 195)
2025-03-27 08:03:32,754 - src.utils.data_cache - ERROR - Error writing cache options_chain_PCAR_nearest: Object of type Timestamp is not JSON serializable
2025-03-27 08:03:32,756 - src.modules.scanner - INFO - Filtered out PCAR setup: confidence=77.1%, trend=bullish
2025-03-27 08:03:32,756 - src.modules.scanner - INFO - Pre-filter results count: 102
2025-03-27 08:03:32,757 - src.modules.scanner - INFO - Post-filter results count: 102
2025-03-27 08:03:32,765 - src.modules.scanner - INFO - Results saved to scanner_results\scan_results_20250327_080332.json
2025-03-27 08:03:32,765 - src.modules.scanner - INFO - Scan complete. Found 102 setups after filtering.
2025-03-27 08:03:41,029 - src.modules.scanner - INFO - Loading configuration from config.json
2025-03-27 08:03:41,031 - src.modules.scanner - INFO - Using cached NASDAQ constituents
2025-03-27 08:03:41,031 - src.modules.scanner - INFO - Loaded 101 symbols from NASDAQ Composite
2025-03-27 08:03:41,031 - src.modules.scanner - INFO - Analyzing BKR
2025-03-27 08:03:41,032 - src.modules.scanner - ERROR - Error analyzing BKR: 'MarketContextAnalyzer' object has no attribute 'get_current_price'
2025-03-27 08:03:41,032 - werkzeug - INFO - 127.0.0.1 - - [27/Mar/2025 08:03:41] "GET /api/analyze/BKR HTTP/1.1" 200 -
2025-03-27 08:03:57,408 - src.modules.scanner - INFO - Loading configuration from config.json
2025-03-27 08:03:57,410 - src.modules.scanner - INFO - Using cached NASDAQ constituents
2025-03-27 08:03:57,411 - src.modules.scanner - INFO - Loaded 101 symbols from NASDAQ Composite
2025-03-27 08:03:57,411 - src.modules.scanner - INFO - Analyzing TSLA
2025-03-27 08:03:57,412 - src.modules.scanner - ERROR - Error analyzing TSLA: 'MarketContextAnalyzer' object has no attribute 'get_current_price'
2025-03-27 08:03:57,413 - werkzeug - INFO - 127.0.0.1 - - [27/Mar/2025 08:03:57] "GET /api/analyze/TSLA HTTP/1.1" 200 -
2025-03-27 08:05:40,453 - werkzeug - INFO -  * Detected change in 'C:\\Users\\cciep\\Github\\APPs\\options-scanner-v2\\src\\modules\\scanner.py', reloading
2025-03-27 08:05:40,874 - werkzeug - INFO -  * Restarting with stat
2025-03-27 08:05:40,918 - werkzeug - INFO -  * Detected change in 'C:\\Users\\cciep\\Github\\APPs\\options-scanner-v2\\src\\modules\\scanner.py', reloading
2025-03-27 08:05:41,354 - werkzeug - INFO -  * Restarting with stat
2025-03-27 08:06:19,531 - __main__ - INFO - Starting Options-Technical Hybrid Scanner
2025-03-27 08:06:20,837 - werkzeug - INFO - [31m[1mWARNING: This is a development server. Do not use it in a production deployment. Use a production WSGI server instead.[0m
 * Running on all addresses (0.0.0.0)
 * Running on http://127.0.0.1:8080
 * Running on http://192.168.11.2:8080
2025-03-27 08:06:20,838 - werkzeug - INFO - [33mPress CTRL+C to quit[0m
2025-03-27 08:06:20,839 - werkzeug - INFO -  * Restarting with stat
2025-03-27 08:06:22,015 - __main__ - INFO - Starting Options-Technical Hybrid Scanner
2025-03-27 08:06:22,028 - werkzeug - WARNING -  * Debugger is active!
2025-03-27 08:06:22,034 - werkzeug - INFO -  * Debugger PIN: 216-997-372
2025-03-27 08:07:34,309 - werkzeug - INFO - 127.0.0.1 - - [27/Mar/2025 08:07:34] "GET / HTTP/1.1" 200 -
2025-03-27 08:07:34,446 - werkzeug - INFO - 127.0.0.1 - - [27/Mar/2025 08:07:34] "[36mGET /static/css/styles.css HTTP/1.1[0m" 304 -
2025-03-27 08:07:34,491 - werkzeug - INFO - 127.0.0.1 - - [27/Mar/2025 08:07:34] "[36mGET /static/js/app.js HTTP/1.1[0m" 304 -
2025-03-27 08:07:34,501 - werkzeug - INFO - 127.0.0.1 - - [27/Mar/2025 08:07:34] "GET /api/results HTTP/1.1" 200 -
2025-03-27 08:07:44,055 - src.modules.scanner - INFO - Loading configuration from config.json
2025-03-27 08:07:44,058 - src.modules.scanner - INFO - Using cached NASDAQ constituents
2025-03-27 08:07:44,058 - src.modules.scanner - INFO - Loaded 101 symbols from NASDAQ Composite
2025-03-27 08:07:44,058 - src.modules.scanner - INFO - Analyzing AAPL
2025-03-27 08:07:44,058 - src.modules.market_context - INFO - Fetching data for AAPL
2025-03-27 08:07:45,245 - src.modules.key_levels - INFO - Fetching options data for AAPL
2025-03-27 08:07:45,721 - src.utils.data_cache - ERROR - Error writing cache options_chain_AAPL_nearest: Object of type Timestamp is not JSON serializable
2025-03-27 08:07:45,727 - src.modules.scanner - ERROR - Error analyzing AAPL: TradeSetupEngine.determine_setup() missing 2 required positional arguments: 'context' and 'levels'
2025-03-27 08:07:45,728 - werkzeug - INFO - 127.0.0.1 - - [27/Mar/2025 08:07:45] "GET /api/analyze/AAPL HTTP/1.1" 200 -
2025-03-27 08:08:11,172 - src.modules.scanner - INFO - Loading configuration from config.json
2025-03-27 08:08:11,174 - src.modules.scanner - INFO - Using cached NASDAQ constituents
2025-03-27 08:08:11,175 - src.modules.scanner - INFO - Loaded 101 symbols from NASDAQ Composite
2025-03-27 08:08:11,177 - src.modules.scanner - INFO - Starting scan for 101 symbols
2025-03-27 08:08:11,177 - werkzeug - INFO - 127.0.0.1 - - [27/Mar/2025 08:08:11] "GET /api/scan?filters={"trend":["bullish","bearish","neutral"],"pcr_min":0,"pcr_max":2,"rsi_min":0,"rsi_max":100,"stoch_rsi_min":0,"stoch_rsi_max":100,"min_confidence":60} HTTP/1.1" 200 -
2025-03-27 08:08:11,178 - src.modules.scanner - INFO - Processing ADBE... (1/101)
2025-03-27 08:08:11,272 - src.modules.scanner - INFO - Fetched price for ADBE: $397.81
2025-03-27 08:08:11,273 - src.modules.scanner - INFO - Generated neutral setup for ADBE with 87.2% confidence at $397.81
2025-03-27 08:08:11,273 - src.modules.scanner - INFO - Added ADBE to results
2025-03-27 08:08:11,273 - src.modules.scanner - INFO - Processing AMAT... (2/101)
2025-03-27 08:08:11,351 - src.modules.scanner - INFO - Fetched price for AMAT: $150.68
2025-03-27 08:08:11,351 - src.modules.scanner - INFO - Generated neutral setup for AMAT with 65.5% confidence at $150.68
2025-03-27 08:08:11,352 - src.modules.scanner - INFO - Added AMAT to results
2025-03-27 08:08:11,352 - src.modules.scanner - INFO - Processing CSCO... (3/101)
2025-03-27 08:08:11,421 - src.modules.scanner - INFO - Fetched price for CSCO: $61.80
2025-03-27 08:08:11,422 - src.modules.scanner - INFO - Generated bearish setup for CSCO with 70.6% confidence at $61.80
2025-03-27 08:08:11,423 - src.modules.scanner - INFO - Added CSCO to results
2025-03-27 08:08:11,423 - src.modules.scanner - INFO - Processing FAST... (4/101)
2025-03-27 08:08:11,523 - src.modules.scanner - INFO - Fetched price for FAST: $77.09
2025-03-27 08:08:11,524 - src.modules.scanner - INFO - Generated neutral setup for FAST with 69.2% confidence at $77.09
2025-03-27 08:08:11,524 - src.modules.scanner - INFO - Added FAST to results
2025-03-27 08:08:11,524 - src.modules.scanner - INFO - Processing MSFT... (5/101)
2025-03-27 08:08:11,600 - src.modules.scanner - INFO - Fetched price for MSFT: $389.97
2025-03-27 08:08:11,601 - src.modules.scanner - INFO - Generated neutral setup for MSFT with 82.7% confidence at $389.97
2025-03-27 08:08:11,602 - src.modules.scanner - INFO - Added MSFT to results
2025-03-27 08:08:11,602 - src.modules.scanner - INFO - Processing PAYX... (6/101)
2025-03-27 08:08:11,718 - src.modules.scanner - INFO - Fetched price for PAYX: $150.19
2025-03-27 08:08:11,719 - src.modules.scanner - INFO - Generated neutral setup for PAYX with 82.8% confidence at $150.19
2025-03-27 08:08:11,719 - src.modules.scanner - INFO - Added PAYX to results
2025-03-27 08:08:11,719 - src.modules.scanner - INFO - Processing QCOM... (7/101)
2025-03-27 08:08:11,804 - src.modules.scanner - INFO - Fetched price for QCOM: $158.39
2025-03-27 08:08:11,805 - src.modules.scanner - INFO - Generated bearish setup for QCOM with 71.7% confidence at $158.39
2025-03-27 08:08:11,805 - src.modules.scanner - INFO - Added QCOM to results
2025-03-27 08:08:11,805 - src.modules.scanner - INFO - Processing AXON... (8/101)
2025-03-27 08:08:11,865 - src.modules.scanner - INFO - Fetched price for AXON: $559.06
2025-03-27 08:08:11,866 - src.modules.scanner - INFO - Generated bullish setup for AXON with 72.6% confidence at $559.06
2025-03-27 08:08:11,866 - src.modules.scanner - INFO - Added AXON to results
2025-03-27 08:08:11,866 - src.modules.scanner - INFO - Processing MSTR... (9/101)
2025-03-27 08:08:11,922 - src.modules.scanner - INFO - Fetched price for MSTR: $329.31
2025-03-27 08:08:11,922 - src.modules.scanner - INFO - Generated bullish setup for MSTR with 92.8% confidence at $329.31
2025-03-27 08:08:11,923 - src.modules.scanner - INFO - Added MSTR to results
2025-03-27 08:08:11,923 - src.modules.scanner - INFO - Processing PLTR... (10/101)
2025-03-27 08:08:11,983 - src.modules.scanner - INFO - Fetched price for PLTR: $92.28
2025-03-27 08:08:11,984 - src.modules.scanner - INFO - Generated neutral setup for PLTR with 90.0% confidence at $92.28
2025-03-27 08:08:11,984 - src.modules.scanner - INFO - Added PLTR to results
2025-03-27 08:08:11,984 - src.modules.scanner - INFO - Processing APP... (11/101)
2025-03-27 08:08:12,038 - src.modules.scanner - INFO - Fetched price for APP: $327.62
2025-03-27 08:08:12,038 - src.modules.scanner - INFO - Generated bullish setup for APP with 85.9% confidence at $327.62
2025-03-27 08:08:12,040 - src.modules.scanner - INFO - Added APP to results
2025-03-27 08:08:12,040 - src.modules.scanner - INFO - Processing ARM... (12/101)
2025-03-27 08:08:12,099 - src.modules.scanner - INFO - Fetched price for ARM: $114.93
2025-03-27 08:08:12,099 - src.modules.scanner - INFO - Generated neutral setup for ARM with 81.4% confidence at $114.93
2025-03-27 08:08:12,100 - src.modules.scanner - INFO - Added ARM to results
2025-03-27 08:08:12,100 - src.modules.scanner - INFO - Processing LIN... (13/101)
2025-03-27 08:08:12,199 - src.modules.scanner - INFO - Fetched price for LIN: $461.43
2025-03-27 08:08:12,200 - src.modules.scanner - INFO - Generated bearish setup for LIN with 80.9% confidence at $461.43
2025-03-27 08:08:12,200 - src.modules.scanner - INFO - Added LIN to results
2025-03-27 08:08:12,201 - src.modules.scanner - INFO - Processing CCEP... (14/101)
2025-03-27 08:08:12,301 - src.modules.scanner - INFO - Fetched price for CCEP: $85.37
2025-03-27 08:08:12,302 - src.modules.scanner - INFO - Generated bearish setup for CCEP with 62.1% confidence at $85.37
2025-03-27 08:08:12,302 - src.modules.scanner - INFO - Added CCEP to results
2025-03-27 08:08:12,302 - src.modules.scanner - INFO - Processing DASH... (15/101)
2025-03-27 08:08:12,353 - src.modules.scanner - INFO - Fetched price for DASH: $192.87
2025-03-27 08:08:12,354 - src.modules.scanner - INFO - Generated neutral setup for DASH with 88.7% confidence at $192.87
2025-03-27 08:08:12,354 - src.modules.scanner - INFO - Added DASH to results
2025-03-27 08:08:12,355 - src.modules.scanner - INFO - Processing MDB... (16/101)
2025-03-27 08:08:12,407 - src.modules.scanner - INFO - Fetched price for MDB: $193.66
2025-03-27 08:08:12,407 - src.modules.scanner - INFO - Generated bearish setup for MDB with 90.7% confidence at $193.66
2025-03-27 08:08:12,408 - src.modules.scanner - INFO - Added MDB to results
2025-03-27 08:08:12,408 - src.modules.scanner - INFO - Processing ROP... (17/101)
2025-03-27 08:08:12,509 - src.modules.scanner - INFO - Fetched price for ROP: $582.71
2025-03-27 08:08:12,510 - src.modules.scanner - INFO - Generated bullish setup for ROP with 73.0% confidence at $582.71
2025-03-27 08:08:12,511 - src.modules.scanner - INFO - Added ROP to results
2025-03-27 08:08:12,511 - src.modules.scanner - INFO - Processing TTD... (18/101)
2025-03-27 08:08:12,567 - src.modules.scanner - INFO - Fetched price for TTD: $58.80
2025-03-27 08:08:12,568 - src.modules.scanner - INFO - Generated neutral setup for TTD with 62.7% confidence at $58.80
2025-03-27 08:08:12,568 - src.modules.scanner - INFO - Added TTD to results
2025-03-27 08:08:12,568 - src.modules.scanner - INFO - Processing ON... (19/101)
2025-03-27 08:08:12,623 - src.modules.scanner - INFO - Fetched price for ON: $45.04
2025-03-27 08:08:12,624 - src.modules.scanner - INFO - Generated bearish setup for ON with 85.4% confidence at $45.04
2025-03-27 08:08:12,625 - src.modules.scanner - INFO - Added ON to results
2025-03-27 08:08:12,625 - src.modules.scanner - INFO - Processing GEHC... (20/101)
2025-03-27 08:08:12,686 - src.modules.scanner - INFO - Fetched price for GEHC: $81.00
2025-03-27 08:08:12,687 - src.modules.scanner - INFO - Generated neutral setup for GEHC with 73.0% confidence at $81.00
2025-03-27 08:08:12,688 - src.modules.scanner - INFO - Added GEHC to results
2025-03-27 08:08:12,688 - src.modules.scanner - INFO - Processing BKR... (21/101)
2025-03-27 08:08:12,781 - src.modules.scanner - INFO - Fetched price for BKR: $44.02
2025-03-27 08:08:12,781 - src.modules.scanner - INFO - Generated neutral setup for BKR with 68.0% confidence at $44.02
2025-03-27 08:08:12,782 - src.modules.scanner - INFO - Added BKR to results
2025-03-27 08:08:12,783 - src.modules.scanner - INFO - Processing FANG... (22/101)
2025-03-27 08:08:12,848 - src.modules.scanner - INFO - Fetched price for FANG: $163.09
2025-03-27 08:08:12,848 - src.modules.scanner - INFO - Generated neutral setup for FANG with 93.6% confidence at $163.09
2025-03-27 08:08:12,849 - src.modules.scanner - INFO - Added FANG to results
2025-03-27 08:08:12,849 - src.modules.scanner - INFO - Processing GFS... (23/101)
2025-03-27 08:08:12,903 - src.modules.scanner - INFO - Fetched price for GFS: $38.75
2025-03-27 08:08:12,903 - src.modules.scanner - INFO - Generated neutral setup for GFS with 85.2% confidence at $38.75
2025-03-27 08:08:12,904 - src.modules.scanner - INFO - Added GFS to results
2025-03-27 08:08:12,905 - src.modules.scanner - INFO - Processing WBD... (24/101)
2025-03-27 08:08:12,955 - src.modules.scanner - INFO - Fetched price for WBD: $11.03
2025-03-27 08:08:12,956 - src.modules.scanner - INFO - Generated neutral setup for WBD with 93.8% confidence at $11.03
2025-03-27 08:08:12,956 - src.modules.scanner - INFO - Added WBD to results
2025-03-27 08:08:12,957 - src.modules.scanner - INFO - Processing AZN... (25/101)
2025-03-27 08:08:13,052 - src.modules.scanner - INFO - Fetched price for AZN: $72.72
2025-03-27 08:08:13,053 - src.modules.scanner - INFO - Generated neutral setup for AZN with 60.2% confidence at $72.72
2025-03-27 08:08:13,053 - src.modules.scanner - INFO - Added AZN to results
2025-03-27 08:08:13,054 - src.modules.scanner - INFO - Processing CEG... (26/101)
2025-03-27 08:08:13,117 - src.modules.scanner - INFO - Fetched price for CEG: $216.97
2025-03-27 08:08:13,118 - src.modules.scanner - INFO - Generated neutral setup for CEG with 94.4% confidence at $216.97
2025-03-27 08:08:13,118 - src.modules.scanner - INFO - Added CEG to results
2025-03-27 08:08:13,118 - src.modules.scanner - INFO - Processing ODFL... (27/101)
2025-03-27 08:08:13,182 - src.modules.scanner - INFO - Fetched price for ODFL: $168.67
2025-03-27 08:08:13,183 - src.modules.scanner - INFO - Generated neutral setup for ODFL with 84.1% confidence at $168.67
2025-03-27 08:08:13,184 - src.modules.scanner - INFO - Added ODFL to results
2025-03-27 08:08:13,184 - src.modules.scanner - INFO - Processing TEAM... (28/101)
2025-03-27 08:08:13,244 - src.modules.scanner - INFO - Fetched price for TEAM: $229.65
2025-03-27 08:08:13,245 - src.modules.scanner - INFO - Generated neutral setup for TEAM with 78.1% confidence at $229.65
2025-03-27 08:08:13,245 - src.modules.scanner - INFO - Added TEAM to results
2025-03-27 08:08:13,246 - src.modules.scanner - INFO - Processing ABNB... (29/101)
2025-03-27 08:08:13,301 - src.modules.scanner - INFO - Fetched price for ABNB: $128.64
2025-03-27 08:08:13,302 - src.modules.scanner - INFO - Generated bearish setup for ABNB with 71.6% confidence at $128.64
2025-03-27 08:08:13,302 - src.modules.scanner - INFO - Added ABNB to results
2025-03-27 08:08:13,303 - src.modules.scanner - INFO - Processing FTNT... (30/101)
2025-03-27 08:08:13,352 - src.modules.scanner - INFO - Fetched price for FTNT: $101.01
2025-03-27 08:08:13,353 - src.modules.scanner - INFO - Generated bearish setup for FTNT with 86.0% confidence at $101.01
2025-03-27 08:08:13,354 - src.modules.scanner - INFO - Added FTNT to results
2025-03-27 08:08:13,354 - src.modules.scanner - INFO - Processing PANW... (31/101)
2025-03-27 08:08:13,418 - src.modules.scanner - INFO - Fetched price for PANW: $184.96
2025-03-27 08:08:13,419 - src.modules.scanner - INFO - Generated bearish setup for PANW with 65.5% confidence at $184.96
2025-03-27 08:08:13,419 - src.modules.scanner - INFO - Added PANW to results
2025-03-27 08:08:13,420 - src.modules.scanner - INFO - Processing ZS... (32/101)
2025-03-27 08:08:13,473 - src.modules.scanner - INFO - Fetched price for ZS: $211.55
2025-03-27 08:08:13,474 - src.modules.scanner - INFO - Generated neutral setup for ZS with 63.6% confidence at $211.55
2025-03-27 08:08:13,475 - src.modules.scanner - INFO - Added ZS to results
2025-03-27 08:08:13,475 - src.modules.scanner - INFO - Processing DDOG... (33/101)
2025-03-27 08:08:13,530 - src.modules.scanner - INFO - Fetched price for DDOG: $107.97
2025-03-27 08:08:13,531 - src.modules.scanner - INFO - Generated bullish setup for DDOG with 64.3% confidence at $107.97
2025-03-27 08:08:13,531 - src.modules.scanner - INFO - Added DDOG to results
2025-03-27 08:08:13,532 - src.modules.scanner - INFO - Processing CRWD... (34/101)
2025-03-27 08:08:13,584 - src.modules.scanner - INFO - Fetched price for CRWD: $371.41
2025-03-27 08:08:13,585 - src.modules.scanner - INFO - Generated bullish setup for CRWD with 73.6% confidence at $371.41
2025-03-27 08:08:13,585 - src.modules.scanner - INFO - Added CRWD to results
2025-03-27 08:08:13,586 - src.modules.scanner - INFO - Processing HON... (35/101)
2025-03-27 08:08:13,721 - src.modules.scanner - INFO - Fetched price for HON: $213.12
2025-03-27 08:08:13,722 - src.modules.scanner - INFO - Generated bullish setup for HON with 75.0% confidence at $213.12
2025-03-27 08:08:13,722 - src.modules.scanner - INFO - Added HON to results
2025-03-27 08:08:13,723 - src.modules.scanner - INFO - Processing AEP... (36/101)
2025-03-27 08:08:13,883 - src.modules.scanner - INFO - Fetched price for AEP: $103.90
2025-03-27 08:08:13,884 - src.modules.scanner - INFO - Generated neutral setup for AEP with 82.4% confidence at $103.90
2025-03-27 08:08:13,884 - src.modules.scanner - INFO - Added AEP to results
2025-03-27 08:08:13,885 - src.modules.scanner - INFO - Processing NFLX... (37/101)
2025-03-27 08:08:13,936 - src.modules.scanner - INFO - Fetched price for NFLX: $970.65
2025-03-27 08:08:13,937 - src.modules.scanner - INFO - Generated neutral setup for NFLX with 66.6% confidence at $970.65
2025-03-27 08:08:13,938 - src.modules.scanner - INFO - Added NFLX to results
2025-03-27 08:08:13,938 - src.modules.scanner - INFO - Processing KDP... (38/101)
2025-03-27 08:08:14,008 - src.modules.scanner - INFO - Fetched price for KDP: $34.06
2025-03-27 08:08:14,008 - src.modules.scanner - INFO - Generated neutral setup for KDP with 91.9% confidence at $34.06
2025-03-27 08:08:14,009 - src.modules.scanner - INFO - Added KDP to results
2025-03-27 08:08:14,009 - src.modules.scanner - INFO - Processing PDD... (39/101)
2025-03-27 08:08:14,066 - src.modules.scanner - INFO - Fetched price for PDD: $122.47
2025-03-27 08:08:14,067 - src.modules.scanner - INFO - Generated bearish setup for PDD with 94.1% confidence at $122.47
2025-03-27 08:08:14,067 - src.modules.scanner - INFO - Added PDD to results
2025-03-27 08:08:14,067 - src.modules.scanner - INFO - Processing DXCM... (40/101)
2025-03-27 08:08:14,119 - src.modules.scanner - INFO - Fetched price for DXCM: $72.13
2025-03-27 08:08:14,120 - src.modules.scanner - INFO - Generated neutral setup for DXCM with 72.6% confidence at $72.13
2025-03-27 08:08:14,121 - src.modules.scanner - INFO - Added DXCM to results
2025-03-27 08:08:14,121 - src.modules.scanner - INFO - Processing ANSS... (41/101)
2025-03-27 08:08:14,173 - src.modules.scanner - INFO - Fetched price for ANSS: $323.34
2025-03-27 08:08:14,173 - src.modules.scanner - INFO - Generated bullish setup for ANSS with 79.7% confidence at $323.34
2025-03-27 08:08:14,174 - src.modules.scanner - INFO - Added ANSS to results
2025-03-27 08:08:14,174 - src.modules.scanner - INFO - Processing CDW... (42/101)
2025-03-27 08:08:14,238 - src.modules.scanner - INFO - Fetched price for CDW: $167.33
2025-03-27 08:08:14,239 - src.modules.scanner - INFO - Generated neutral setup for CDW with 66.7% confidence at $167.33
2025-03-27 08:08:14,239 - src.modules.scanner - INFO - Added CDW to results
2025-03-27 08:08:14,239 - src.modules.scanner - INFO - Processing CPRT... (43/101)
2025-03-27 08:08:14,291 - src.modules.scanner - INFO - Fetched price for CPRT: $55.07
2025-03-27 08:08:14,292 - src.modules.scanner - INFO - Generated neutral setup for CPRT with 92.3% confidence at $55.07
2025-03-27 08:08:14,293 - src.modules.scanner - INFO - Added CPRT to results
2025-03-27 08:08:14,293 - src.modules.scanner - INFO - Processing CSGP... (44/101)
2025-03-27 08:08:14,351 - src.modules.scanner - INFO - Fetched price for CSGP: $80.37
2025-03-27 08:08:14,352 - src.modules.scanner - INFO - Generated neutral setup for CSGP with 84.1% confidence at $80.37
2025-03-27 08:08:14,352 - src.modules.scanner - INFO - Added CSGP to results
2025-03-27 08:08:14,353 - src.modules.scanner - INFO - Processing EXC... (45/101)
2025-03-27 08:08:14,489 - src.modules.scanner - INFO - Fetched price for EXC: $44.02
2025-03-27 08:08:14,490 - src.modules.scanner - INFO - Generated bullish setup for EXC with 86.8% confidence at $44.02
2025-03-27 08:08:14,490 - src.modules.scanner - INFO - Added EXC to results
2025-03-27 08:08:14,491 - src.modules.scanner - INFO - Processing AMD... (46/101)
2025-03-27 08:08:14,545 - src.modules.scanner - INFO - Fetched price for AMD: $110.19
2025-03-27 08:08:14,546 - src.modules.scanner - INFO - Generated neutral setup for AMD with 90.6% confidence at $110.19
2025-03-27 08:08:14,546 - src.modules.scanner - INFO - Added AMD to results
2025-03-27 08:08:14,547 - src.modules.scanner - INFO - Processing LULU... (47/101)
2025-03-27 08:08:14,601 - src.modules.scanner - INFO - Fetched price for LULU: $337.79
2025-03-27 08:08:14,602 - src.modules.scanner - INFO - Generated bearish setup for LULU with 91.3% confidence at $337.79
2025-03-27 08:08:14,603 - src.modules.scanner - INFO - Added LULU to results
2025-03-27 08:08:14,603 - src.modules.scanner - INFO - Processing XEL... (48/101)
2025-03-27 08:08:14,724 - src.modules.scanner - INFO - Fetched price for XEL: $68.92
2025-03-27 08:08:14,725 - src.modules.scanner - INFO - Generated bullish setup for XEL with 84.2% confidence at $68.92
2025-03-27 08:08:14,725 - src.modules.scanner - INFO - Added XEL to results
2025-03-27 08:08:14,726 - src.modules.scanner - INFO - Processing PEP... (49/101)
2025-03-27 08:08:14,847 - src.modules.scanner - INFO - Fetched price for PEP: $148.64
2025-03-27 08:08:14,848 - src.modules.scanner - INFO - Generated neutral setup for PEP with 92.3% confidence at $148.64
2025-03-27 08:08:14,848 - src.modules.scanner - INFO - Added PEP to results
2025-03-27 08:08:14,849 - src.modules.scanner - INFO - Processing ASML... (50/101)
2025-03-27 08:08:14,921 - src.modules.scanner - INFO - Fetched price for ASML: $705.76
2025-03-27 08:08:14,921 - src.modules.scanner - INFO - Generated bearish setup for ASML with 84.5% confidence at $705.76
2025-03-27 08:08:14,922 - src.modules.scanner - INFO - Added ASML to results
2025-03-27 08:08:14,957 - src.modules.scanner - INFO - Fetched price for ASML: $705.76
2025-03-27 08:08:14,957 - src.modules.market_context - INFO - Fetching data for ASML
2025-03-27 08:08:15,222 - src.modules.key_levels - INFO - Fetching options data for ASML
2025-03-27 08:08:15,541 - src.utils.data_cache - ERROR - Error reading cache options_chain_ASML_nearest: Expecting value: line 1 column 195 (char 194)
2025-03-27 08:08:15,650 - src.utils.data_cache - ERROR - Error writing cache options_chain_ASML_nearest: Object of type Timestamp is not JSON serializable
2025-03-27 08:08:15,652 - src.modules.scanner - INFO - Filtered out ASML setup: confidence=84.5%, trend=bearish
2025-03-27 08:08:15,652 - src.modules.scanner - INFO - Processing SNPS... (51/101)
2025-03-27 08:08:15,706 - src.modules.scanner - INFO - Fetched price for SNPS: $449.90
2025-03-27 08:08:15,707 - src.modules.scanner - INFO - Generated bullish setup for SNPS with 82.1% confidence at $449.90
2025-03-27 08:08:15,707 - src.modules.scanner - INFO - Added SNPS to results
2025-03-27 08:08:15,707 - src.modules.scanner - INFO - Processing TTWO... (52/101)
2025-03-27 08:08:15,785 - src.modules.scanner - INFO - Fetched price for TTWO: $215.89
2025-03-27 08:08:15,786 - src.modules.scanner - INFO - Generated neutral setup for TTWO with 75.0% confidence at $215.89
2025-03-27 08:08:15,786 - src.modules.scanner - INFO - Added TTWO to results
2025-03-27 08:08:15,786 - src.modules.scanner - INFO - Processing WDAY... (53/101)
2025-03-27 08:08:15,836 - src.modules.scanner - INFO - Fetched price for WDAY: $250.79
2025-03-27 08:08:15,837 - src.modules.scanner - INFO - Generated neutral setup for WDAY with 72.3% confidence at $250.79
2025-03-27 08:08:15,838 - src.modules.scanner - INFO - Added WDAY to results
2025-03-27 08:08:15,838 - src.modules.scanner - INFO - Processing MELI... (54/101)
2025-03-27 08:08:15,901 - src.modules.scanner - INFO - Fetched price for MELI: $2074.97
2025-03-27 08:08:15,902 - src.modules.scanner - INFO - Generated bullish setup for MELI with 68.2% confidence at $2074.97
2025-03-27 08:08:15,903 - src.modules.scanner - INFO - Added MELI to results
2025-03-27 08:08:15,903 - src.modules.scanner - INFO - Processing IDXX... (55/101)
2025-03-27 08:08:15,959 - src.modules.scanner - INFO - Fetched price for IDXX: $417.71
2025-03-27 08:08:15,959 - src.modules.scanner - INFO - Generated bullish setup for IDXX with 92.8% confidence at $417.71
2025-03-27 08:08:15,959 - src.modules.scanner - INFO - Added IDXX to results
2025-03-27 08:08:15,960 - src.modules.scanner - INFO - Processing CSX... (56/101)
2025-03-27 08:08:16,067 - src.modules.scanner - INFO - Fetched price for CSX: $29.90
2025-03-27 08:08:16,068 - src.modules.scanner - INFO - Generated neutral setup for CSX with 81.4% confidence at $29.90
2025-03-27 08:08:16,068 - src.modules.scanner - INFO - Added CSX to results
2025-03-27 08:08:16,069 - src.modules.scanner - INFO - Processing TMUS... (57/101)
2025-03-27 08:08:16,134 - src.modules.scanner - INFO - Fetched price for TMUS: $262.51
2025-03-27 08:08:16,135 - src.modules.scanner - INFO - Generated bullish setup for TMUS with 77.5% confidence at $262.51
2025-03-27 08:08:16,135 - src.modules.scanner - INFO - Added TMUS to results
2025-03-27 08:08:16,136 - src.modules.scanner - INFO - Processing PYPL... (58/101)
2025-03-27 08:08:16,202 - src.modules.scanner - INFO - Fetched price for PYPL: $69.97
2025-03-27 08:08:16,202 - src.modules.scanner - INFO - Generated bearish setup for PYPL with 62.8% confidence at $69.97
2025-03-27 08:08:16,203 - src.modules.scanner - INFO - Added PYPL to results
2025-03-27 08:08:16,204 - src.modules.scanner - INFO - Processing KHC... (59/101)
2025-03-27 08:08:16,266 - src.modules.scanner - INFO - Fetched price for KHC: $29.69
2025-03-27 08:08:16,267 - src.modules.scanner - INFO - Generated neutral setup for KHC with 92.8% confidence at $29.69
2025-03-27 08:08:16,267 - src.modules.scanner - INFO - Added KHC to results
2025-03-27 08:08:16,268 - src.modules.scanner - INFO - Processing GOOG... (60/101)
2025-03-27 08:08:16,335 - src.modules.scanner - INFO - Fetched price for GOOG: $167.14
2025-03-27 08:08:16,336 - src.modules.scanner - INFO - Generated bearish setup for GOOG with 73.3% confidence at $167.14
2025-03-27 08:08:16,337 - src.modules.scanner - INFO - Added GOOG to results
2025-03-27 08:08:16,337 - src.modules.scanner - INFO - Processing NXPI... (61/101)
2025-03-27 08:08:16,403 - src.modules.scanner - INFO - Fetched price for NXPI: $205.75
2025-03-27 08:08:16,404 - src.modules.scanner - INFO - Generated bearish setup for NXPI with 72.0% confidence at $205.75
2025-03-27 08:08:16,404 - src.modules.scanner - INFO - Added NXPI to results
2025-03-27 08:08:16,405 - src.modules.scanner - INFO - Processing MAR... (62/101)
2025-03-27 08:08:16,484 - src.modules.scanner - INFO - Fetched price for MAR: $246.72
2025-03-27 08:08:16,485 - src.modules.scanner - INFO - Generated bearish setup for MAR with 88.4% confidence at $246.72
2025-03-27 08:08:16,485 - src.modules.scanner - INFO - Added MAR to results
2025-03-27 08:08:16,486 - src.modules.scanner - INFO - Processing CHTR... (63/101)
2025-03-27 08:08:16,540 - src.modules.scanner - INFO - Fetched price for CHTR: $384.77
2025-03-27 08:08:16,541 - src.modules.scanner - INFO - Generated neutral setup for CHTR with 93.4% confidence at $384.77
2025-03-27 08:08:16,541 - src.modules.scanner - INFO - Added CHTR to results
2025-03-27 08:08:16,541 - src.modules.scanner - INFO - Processing TSLA... (64/101)
2025-03-27 08:08:16,599 - src.modules.scanner - INFO - Fetched price for TSLA: $272.06
2025-03-27 08:08:16,600 - src.modules.scanner - INFO - Generated neutral setup for TSLA with 91.6% confidence at $272.06
2025-03-27 08:08:16,601 - src.modules.scanner - INFO - Added TSLA to results
2025-03-27 08:08:16,602 - src.modules.scanner - INFO - Processing EA... (65/101)
2025-03-27 08:08:16,670 - src.modules.scanner - INFO - Fetched price for EA: $145.19
2025-03-27 08:08:16,671 - src.modules.scanner - INFO - Generated bullish setup for EA with 65.5% confidence at $145.19
2025-03-27 08:08:16,671 - src.modules.scanner - INFO - Added EA to results
2025-03-27 08:08:16,672 - src.modules.scanner - INFO - Processing MRVL... (66/101)
2025-03-27 08:08:16,737 - src.modules.scanner - INFO - Fetched price for MRVL: $66.76
2025-03-27 08:08:16,738 - src.modules.scanner - INFO - Generated bearish setup for MRVL with 85.1% confidence at $66.76
2025-03-27 08:08:16,738 - src.modules.scanner - INFO - Added MRVL to results
2025-03-27 08:08:16,739 - src.modules.scanner - INFO - Processing REGN... (67/101)
2025-03-27 08:08:16,792 - src.modules.scanner - INFO - Fetched price for REGN: $640.14
2025-03-27 08:08:16,793 - src.modules.scanner - INFO - Generated neutral setup for REGN with 76.0% confidence at $640.14
2025-03-27 08:08:16,793 - src.modules.scanner - INFO - Added REGN to results
2025-03-27 08:08:16,794 - src.modules.scanner - INFO - Processing VRSK... (68/101)
2025-03-27 08:08:16,856 - src.modules.scanner - INFO - Fetched price for VRSK: $292.03
2025-03-27 08:08:16,857 - src.modules.scanner - INFO - Generated neutral setup for VRSK with 90.7% confidence at $292.03
2025-03-27 08:08:16,857 - src.modules.scanner - INFO - Added VRSK to results
2025-03-27 08:08:16,858 - src.modules.scanner - INFO - Processing META... (69/101)
2025-03-27 08:08:16,910 - src.modules.scanner - INFO - Fetched price for META: $610.98
2025-03-27 08:08:16,911 - src.modules.scanner - INFO - Generated neutral setup for META with 68.7% confidence at $610.98
2025-03-27 08:08:16,911 - src.modules.scanner - INFO - Added META to results
2025-03-27 08:08:16,912 - src.modules.scanner - INFO - Processing ADI... (70/101)
2025-03-27 08:08:16,990 - src.modules.scanner - INFO - Fetched price for ADI: $210.53
2025-03-27 08:08:16,991 - src.modules.scanner - INFO - Generated bullish setup for ADI with 78.4% confidence at $210.53
2025-03-27 08:08:16,991 - src.modules.scanner - INFO - Added ADI to results
2025-03-27 08:08:16,992 - src.modules.scanner - INFO - Processing MDLZ... (71/101)
2025-03-27 08:08:17,091 - src.modules.scanner - INFO - Fetched price for MDLZ: $66.33
2025-03-27 08:08:17,092 - src.modules.scanner - INFO - Generated bullish setup for MDLZ with 66.3% confidence at $66.33
2025-03-27 08:08:17,092 - src.modules.scanner - INFO - Added MDLZ to results
2025-03-27 08:08:17,093 - src.modules.scanner - INFO - Processing TXN... (72/101)
2025-03-27 08:08:17,219 - src.modules.scanner - INFO - Fetched price for TXN: $184.49
2025-03-27 08:08:17,220 - src.modules.scanner - INFO - Generated neutral setup for TXN with 73.1% confidence at $184.49
2025-03-27 08:08:17,220 - src.modules.scanner - INFO - Added TXN to results
2025-03-27 08:08:17,221 - src.modules.scanner - INFO - Processing AVGO... (73/101)
2025-03-27 08:08:17,298 - src.modules.scanner - INFO - Fetched price for AVGO: $179.27
2025-03-27 08:08:17,298 - src.modules.scanner - INFO - Generated neutral setup for AVGO with 72.9% confidence at $179.27
2025-03-27 08:08:17,299 - src.modules.scanner - INFO - Added AVGO to results
2025-03-27 08:08:17,300 - src.modules.scanner - INFO - Processing BKNG... (74/101)
2025-03-27 08:08:17,354 - src.modules.scanner - INFO - Fetched price for BKNG: $4764.16
2025-03-27 08:08:17,355 - src.modules.scanner - INFO - Generated bearish setup for BKNG with 65.7% confidence at $4764.16
2025-03-27 08:08:17,355 - src.modules.scanner - INFO - Added BKNG to results
2025-03-27 08:08:17,356 - src.modules.scanner - INFO - Processing ADP... (75/101)
2025-03-27 08:08:17,442 - src.modules.scanner - INFO - Fetched price for ADP: $302.41
2025-03-27 08:08:17,443 - src.modules.scanner - INFO - Generated neutral setup for ADP with 90.2% confidence at $302.41
2025-03-27 08:08:17,443 - src.modules.scanner - INFO - Added ADP to results
2025-03-27 08:08:17,444 - src.modules.scanner - INFO - Processing ORLY... (76/101)
2025-03-27 08:08:17,499 - src.modules.scanner - INFO - Fetched price for ORLY: $1380.98
2025-03-27 08:08:17,500 - src.modules.scanner - INFO - Generated neutral setup for ORLY with 90.0% confidence at $1380.98
2025-03-27 08:08:17,500 - src.modules.scanner - INFO - Added ORLY to results
2025-03-27 08:08:17,501 - src.modules.scanner - INFO - Processing ROST... (77/101)
2025-03-27 08:08:17,602 - src.modules.scanner - INFO - Fetched price for ROST: $127.70
2025-03-27 08:08:17,603 - src.modules.scanner - INFO - Generated neutral setup for ROST with 79.9% confidence at $127.70
2025-03-27 08:08:17,604 - src.modules.scanner - INFO - Added ROST to results
2025-03-27 08:08:17,604 - src.modules.scanner - INFO - Processing MNST... (78/101)
2025-03-27 08:08:17,659 - src.modules.scanner - INFO - Fetched price for MNST: $57.76
2025-03-27 08:08:17,660 - src.modules.scanner - INFO - Generated bullish setup for MNST with 62.2% confidence at $57.76
2025-03-27 08:08:17,660 - src.modules.scanner - INFO - Added MNST to results
2025-03-27 08:08:17,660 - src.modules.scanner - INFO - Processing VRTX... (79/101)
2025-03-27 08:08:17,714 - src.modules.scanner - INFO - Fetched price for VRTX: $500.28
2025-03-27 08:08:17,715 - src.modules.scanner - INFO - Generated neutral setup for VRTX with 65.9% confidence at $500.28
2025-03-27 08:08:17,716 - src.modules.scanner - INFO - Added VRTX to results
2025-03-27 08:08:17,717 - src.modules.scanner - INFO - Processing ISRG... (80/101)
2025-03-27 08:08:17,773 - src.modules.scanner - INFO - Fetched price for ISRG: $509.03
2025-03-27 08:08:17,773 - src.modules.scanner - INFO - Generated bullish setup for ISRG with 62.4% confidence at $509.03
2025-03-27 08:08:17,774 - src.modules.scanner - INFO - Added ISRG to results
2025-03-27 08:08:17,774 - src.modules.scanner - INFO - Processing CDNS... (81/101)
2025-03-27 08:08:17,827 - src.modules.scanner - INFO - Fetched price for CDNS: $263.41
2025-03-27 08:08:17,828 - src.modules.scanner - INFO - Generated bearish setup for CDNS with 72.0% confidence at $263.41
2025-03-27 08:08:17,828 - src.modules.scanner - INFO - Added CDNS to results
2025-03-27 08:08:17,829 - src.modules.scanner - INFO - Processing GOOGL... (82/101)
2025-03-27 08:08:17,887 - src.modules.scanner - INFO - Fetched price for GOOGL: $165.06
2025-03-27 08:08:17,888 - src.modules.scanner - INFO - Generated neutral setup for GOOGL with 68.6% confidence at $165.06
2025-03-27 08:08:17,888 - src.modules.scanner - INFO - Added GOOGL to results
2025-03-27 08:08:17,888 - src.modules.scanner - INFO - Processing CTSH... (83/101)
2025-03-27 08:08:17,952 - src.modules.scanner - INFO - Fetched price for CTSH: $77.85
2025-03-27 08:08:17,953 - src.modules.scanner - INFO - Generated bullish setup for CTSH with 89.7% confidence at $77.85
2025-03-27 08:08:17,953 - src.modules.scanner - INFO - Added CTSH to results
2025-03-27 08:08:17,954 - src.modules.scanner - INFO - Processing ADSK... (84/101)
2025-03-27 08:08:18,021 - src.modules.scanner - INFO - Fetched price for ADSK: $271.21
2025-03-27 08:08:18,021 - src.modules.scanner - INFO - Generated bullish setup for ADSK with 88.7% confidence at $271.21
2025-03-27 08:08:18,022 - src.modules.scanner - INFO - Added ADSK to results
2025-03-27 08:08:18,023 - src.modules.scanner - INFO - Processing AMGN... (85/101)
2025-03-27 08:08:18,102 - src.modules.scanner - INFO - Fetched price for AMGN: $305.71
2025-03-27 08:08:18,103 - src.modules.scanner - INFO - Generated neutral setup for AMGN with 83.6% confidence at $305.71
2025-03-27 08:08:18,103 - src.modules.scanner - INFO - Added AMGN to results
2025-03-27 08:08:18,104 - src.modules.scanner - INFO - Processing LRCX... (86/101)
2025-03-27 08:08:18,167 - src.modules.scanner - INFO - Fetched price for LRCX: $76.14
2025-03-27 08:08:18,168 - src.modules.scanner - INFO - Generated neutral setup for LRCX with 93.8% confidence at $76.14
2025-03-27 08:08:18,169 - src.modules.scanner - INFO - Added LRCX to results
2025-03-27 08:08:18,169 - src.modules.scanner - INFO - Processing CMCSA... (87/101)
2025-03-27 08:08:18,256 - src.modules.scanner - INFO - Fetched price for CMCSA: $37.37
2025-03-27 08:08:18,256 - src.modules.scanner - INFO - Generated neutral setup for CMCSA with 71.1% confidence at $37.37
2025-03-27 08:08:18,257 - src.modules.scanner - INFO - Added CMCSA to results
2025-03-27 08:08:18,257 - src.modules.scanner - INFO - Processing GILD... (88/101)
2025-03-27 08:08:18,319 - src.modules.scanner - INFO - Fetched price for GILD: $109.27
2025-03-27 08:08:18,319 - src.modules.scanner - INFO - Generated bearish setup for GILD with 80.0% confidence at $109.27
2025-03-27 08:08:18,320 - src.modules.scanner - INFO - Added GILD to results
2025-03-27 08:08:18,321 - src.modules.scanner - INFO - Processing NVDA... (89/101)
2025-03-27 08:08:18,389 - src.modules.scanner - INFO - Fetched price for NVDA: $113.76
2025-03-27 08:08:18,390 - src.modules.scanner - INFO - Generated bullish setup for NVDA with 87.2% confidence at $113.76
2025-03-27 08:08:18,391 - src.modules.scanner - INFO - Added NVDA to results
2025-03-27 08:08:18,392 - src.modules.scanner - INFO - Processing AMZN... (90/101)
2025-03-27 08:08:18,445 - src.modules.scanner - INFO - Fetched price for AMZN: $201.13
2025-03-27 08:08:18,445 - src.modules.scanner - INFO - Generated neutral setup for AMZN with 93.8% confidence at $201.13
2025-03-27 08:08:18,446 - src.modules.scanner - INFO - Added AMZN to results
2025-03-27 08:08:18,446 - src.modules.scanner - INFO - Processing MCHP... (91/101)
2025-03-27 08:08:18,520 - src.modules.scanner - INFO - Fetched price for MCHP: $52.17
2025-03-27 08:08:18,521 - src.modules.scanner - INFO - Generated bearish setup for MCHP with 85.0% confidence at $52.17
2025-03-27 08:08:18,521 - src.modules.scanner - INFO - Added MCHP to results
2025-03-27 08:08:18,522 - src.modules.scanner - INFO - Processing SBUX... (92/101)
2025-03-27 08:08:18,591 - src.modules.scanner - INFO - Fetched price for SBUX: $97.97
2025-03-27 08:08:18,592 - src.modules.scanner - INFO - Generated bullish setup for SBUX with 69.5% confidence at $97.97
2025-03-27 08:08:18,592 - src.modules.scanner - INFO - Added SBUX to results
2025-03-27 08:08:18,593 - src.modules.scanner - INFO - Processing MU... (93/101)
2025-03-27 08:08:18,688 - src.modules.scanner - INFO - Fetched price for MU: $92.13
2025-03-27 08:08:18,689 - src.modules.scanner - INFO - Generated bullish setup for MU with 93.3% confidence at $92.13
2025-03-27 08:08:18,690 - src.modules.scanner - INFO - Added MU to results
2025-03-27 08:08:18,690 - src.modules.scanner - INFO - Processing INTU... (94/101)
2025-03-27 08:08:18,755 - src.modules.scanner - INFO - Fetched price for INTU: $614.86
2025-03-27 08:08:18,755 - src.modules.scanner - INFO - Generated neutral setup for INTU with 90.7% confidence at $614.86
2025-03-27 08:08:18,756 - src.modules.scanner - INFO - Added INTU to results
2025-03-27 08:08:18,756 - src.modules.scanner - INFO - Processing BIIB... (95/101)
2025-03-27 08:08:18,808 - src.modules.scanner - INFO - Fetched price for BIIB: $142.43
2025-03-27 08:08:18,809 - src.modules.scanner - INFO - Generated bearish setup for BIIB with 84.5% confidence at $142.43
2025-03-27 08:08:18,809 - src.modules.scanner - INFO - Added BIIB to results
2025-03-27 08:08:18,809 - src.modules.scanner - INFO - Processing AAPL... (96/101)
2025-03-27 08:08:18,910 - src.modules.scanner - INFO - Fetched price for AAPL: $221.53
2025-03-27 08:08:18,910 - src.modules.scanner - INFO - Generated bullish setup for AAPL with 60.1% confidence at $221.53
2025-03-27 08:08:18,911 - src.modules.scanner - INFO - Added AAPL to results
2025-03-27 08:08:18,911 - src.modules.scanner - INFO - Processing COST... (97/101)
2025-03-27 08:08:18,990 - src.modules.scanner - INFO - Fetched price for COST: $929.75
2025-03-27 08:08:18,990 - src.modules.scanner - INFO - Generated bearish setup for COST with 81.5% confidence at $929.75
2025-03-27 08:08:18,991 - src.modules.scanner - INFO - Added COST to results
2025-03-27 08:08:18,991 - src.modules.scanner - INFO - Processing CTAS... (98/101)
2025-03-27 08:08:19,089 - src.modules.scanner - INFO - Fetched price for CTAS: $204.71
2025-03-27 08:08:19,089 - src.modules.scanner - INFO - Generated neutral setup for CTAS with 94.6% confidence at $204.71
2025-03-27 08:08:19,090 - src.modules.scanner - INFO - Added CTAS to results
2025-03-27 08:08:19,090 - src.modules.scanner - INFO - Processing INTC... (99/101)
2025-03-27 08:08:19,185 - src.modules.scanner - INFO - Fetched price for INTC: $23.42
2025-03-27 08:08:19,186 - src.modules.scanner - INFO - Generated bullish setup for INTC with 62.9% confidence at $23.42
2025-03-27 08:08:19,186 - src.modules.scanner - INFO - Added INTC to results
2025-03-27 08:08:19,187 - src.modules.scanner - INFO - Processing KLAC... (100/101)
2025-03-27 08:08:19,267 - src.modules.scanner - INFO - Fetched price for KLAC: $705.54
2025-03-27 08:08:19,268 - src.modules.scanner - INFO - Generated neutral setup for KLAC with 63.6% confidence at $705.54
2025-03-27 08:08:19,269 - src.modules.scanner - INFO - Added KLAC to results
2025-03-27 08:08:19,306 - src.modules.scanner - INFO - Fetched price for KLAC: $705.54
2025-03-27 08:08:19,307 - src.modules.market_context - INFO - Fetching data for KLAC
2025-03-27 08:08:19,544 - src.modules.key_levels - INFO - Fetching options data for KLAC
2025-03-27 08:08:19,860 - src.utils.data_cache - ERROR - Error reading cache options_chain_KLAC_nearest: Expecting value: line 1 column 196 (char 195)
2025-03-27 08:08:19,959 - src.utils.data_cache - ERROR - Error writing cache options_chain_KLAC_nearest: Object of type Timestamp is not JSON serializable
2025-03-27 08:08:19,960 - src.modules.scanner - INFO - Added KLAC to results
2025-03-27 08:08:19,960 - src.modules.scanner - INFO - Processing PCAR... (101/101)
2025-03-27 08:08:20,051 - src.modules.scanner - INFO - Fetched price for PCAR: $99.53
2025-03-27 08:08:20,051 - src.modules.scanner - INFO - Generated bearish setup for PCAR with 91.7% confidence at $99.53
2025-03-27 08:08:20,052 - src.modules.scanner - INFO - Added PCAR to results
2025-03-27 08:08:20,089 - src.modules.scanner - INFO - Fetched price for PCAR: $99.53
2025-03-27 08:08:20,090 - src.modules.market_context - INFO - Fetching data for PCAR
2025-03-27 08:08:20,341 - src.modules.key_levels - INFO - Fetching options data for PCAR
2025-03-27 08:08:20,654 - src.utils.data_cache - ERROR - Error reading cache options_chain_PCAR_nearest: Expecting value: line 1 column 196 (char 195)
2025-03-27 08:08:20,756 - src.utils.data_cache - ERROR - Error writing cache options_chain_PCAR_nearest: Object of type Timestamp is not JSON serializable
2025-03-27 08:08:20,757 - src.modules.scanner - INFO - Filtered out PCAR setup: confidence=91.7%, trend=bearish
2025-03-27 08:08:20,758 - src.modules.scanner - INFO - Pre-filter results count: 102
2025-03-27 08:08:20,758 - src.modules.scanner - INFO - Post-filter results count: 102
2025-03-27 08:08:20,770 - src.modules.scanner - INFO - Results saved to scanner_results\scan_results_20250327_080820.json
2025-03-27 08:08:20,770 - src.modules.scanner - INFO - Scan complete. Found 102 setups after filtering.
2025-03-27 08:08:26,107 - src.modules.scanner - INFO - Loading configuration from config.json
2025-03-27 08:08:26,109 - src.modules.scanner - INFO - Using cached NASDAQ constituents
2025-03-27 08:08:26,110 - src.modules.scanner - INFO - Loaded 101 symbols from NASDAQ Composite
2025-03-27 08:08:26,110 - src.modules.scanner - INFO - Analyzing PDD
2025-03-27 08:08:26,111 - src.modules.market_context - INFO - Fetching data for PDD
2025-03-27 08:08:26,369 - src.modules.key_levels - INFO - Fetching options data for PDD
2025-03-27 08:08:26,752 - src.utils.data_cache - ERROR - Error writing cache options_chain_PDD_nearest: Object of type Timestamp is not JSON serializable
2025-03-27 08:08:26,754 - src.modules.scanner - ERROR - Error analyzing PDD: TradeSetupEngine.determine_setup() missing 2 required positional arguments: 'context' and 'levels'
2025-03-27 08:08:26,755 - werkzeug - INFO - 127.0.0.1 - - [27/Mar/2025 08:08:26] "GET /api/analyze/PDD HTTP/1.1" 200 -
2025-03-27 08:11:31,078 - __main__ - INFO - Starting Options-Technical Hybrid Scanner
2025-03-27 08:11:32,353 - werkzeug - INFO - [31m[1mWARNING: This is a development server. Do not use it in a production deployment. Use a production WSGI server instead.[0m
 * Running on all addresses (0.0.0.0)
 * Running on http://127.0.0.1:8080
 * Running on http://192.168.11.2:8080
2025-03-27 08:11:32,354 - werkzeug - INFO - [33mPress CTRL+C to quit[0m
2025-03-27 08:11:32,355 - werkzeug - INFO -  * Restarting with stat
2025-03-27 08:11:33,438 - __main__ - INFO - Starting Options-Technical Hybrid Scanner
2025-03-27 08:11:33,448 - werkzeug - WARNING -  * Debugger is active!
2025-03-27 08:11:33,451 - werkzeug - INFO -  * Debugger PIN: 216-997-372
2025-03-27 08:11:37,015 - src.modules.scanner - INFO - Loading configuration from config.json
2025-03-27 08:11:37,017 - src.modules.scanner - INFO - Using cached NASDAQ constituents
2025-03-27 08:11:37,018 - src.modules.scanner - INFO - Loaded 101 symbols from NASDAQ Composite
2025-03-27 08:11:37,019 - src.modules.scanner - INFO - Analyzing PDD
2025-03-27 08:11:37,019 - src.modules.market_context - INFO - Fetching data for PDD
2025-03-27 08:11:37,545 - src.modules.key_levels - INFO - Fetching options data for PDD
2025-03-27 08:11:37,813 - src.utils.data_cache - ERROR - Error reading cache options_chain_PDD_nearest: Expecting value: line 1 column 195 (char 194)
2025-03-27 08:11:37,916 - src.utils.data_cache - ERROR - Error writing cache options_chain_PDD_nearest: Object of type Timestamp is not JSON serializable
2025-03-27 08:11:37,918 - src.modules.scanner - ERROR - Error analyzing PDD: TradeSetupEngine.determine_setup() missing 2 required positional arguments: 'context' and 'levels'
2025-03-27 08:11:37,918 - werkzeug - INFO - 127.0.0.1 - - [27/Mar/2025 08:11:37] "GET /api/analyze/PDD HTTP/1.1" 200 -
2025-03-27 08:11:52,784 - src.modules.scanner - INFO - Loading configuration from config.json
2025-03-27 08:11:52,786 - src.modules.scanner - INFO - Using cached NASDAQ constituents
2025-03-27 08:11:52,787 - src.modules.scanner - INFO - Loaded 101 symbols from NASDAQ Composite
2025-03-27 08:11:52,788 - src.modules.scanner - INFO - Starting scan for 101 symbols
2025-03-27 08:11:52,789 - werkzeug - INFO - 127.0.0.1 - - [27/Mar/2025 08:11:52] "GET /api/scan?filters={"trend":["bullish","bearish","neutral"],"pcr_min":0,"pcr_max":2,"rsi_min":0,"rsi_max":100,"stoch_rsi_min":0,"stoch_rsi_max":100,"min_confidence":60} HTTP/1.1" 200 -
2025-03-27 08:11:52,790 - src.modules.scanner - INFO - Processing ADBE... (1/101)
2025-03-27 08:11:52,855 - src.modules.scanner - INFO - Fetched price for ADBE: $397.81
2025-03-27 08:11:52,856 - src.modules.scanner - INFO - Generated neutral setup for ADBE with 91.2% confidence at $397.81
2025-03-27 08:11:52,856 - src.modules.scanner - INFO - Added ADBE to results
2025-03-27 08:11:52,858 - src.modules.scanner - INFO - Processing AMAT... (2/101)
2025-03-27 08:11:52,924 - src.modules.scanner - INFO - Fetched price for AMAT: $150.68
2025-03-27 08:11:52,924 - src.modules.scanner - INFO - Generated bearish setup for AMAT with 79.5% confidence at $150.68
2025-03-27 08:11:52,925 - src.modules.scanner - INFO - Added AMAT to results
2025-03-27 08:11:52,926 - src.modules.scanner - INFO - Processing CSCO... (3/101)
2025-03-27 08:11:52,986 - src.modules.scanner - INFO - Fetched price for CSCO: $61.80
2025-03-27 08:11:52,987 - src.modules.scanner - INFO - Generated neutral setup for CSCO with 88.4% confidence at $61.80
2025-03-27 08:11:52,987 - src.modules.scanner - INFO - Added CSCO to results
2025-03-27 08:11:52,987 - src.modules.scanner - INFO - Processing FAST... (4/101)
2025-03-27 08:11:53,062 - src.modules.scanner - INFO - Fetched price for FAST: $77.09
2025-03-27 08:11:53,063 - src.modules.scanner - INFO - Generated neutral setup for FAST with 87.4% confidence at $77.09
2025-03-27 08:11:53,063 - src.modules.scanner - INFO - Added FAST to results
2025-03-27 08:11:53,063 - src.modules.scanner - INFO - Processing MSFT... (5/101)
2025-03-27 08:11:53,124 - src.modules.scanner - INFO - Fetched price for MSFT: $389.97
2025-03-27 08:11:53,125 - src.modules.scanner - INFO - Generated neutral setup for MSFT with 86.9% confidence at $389.97
2025-03-27 08:11:53,126 - src.modules.scanner - INFO - Added MSFT to results
2025-03-27 08:11:53,126 - src.modules.scanner - INFO - Processing PAYX... (6/101)
2025-03-27 08:11:53,213 - src.modules.scanner - INFO - Fetched price for PAYX: $150.19
2025-03-27 08:11:53,214 - src.modules.scanner - INFO - Generated bearish setup for PAYX with 84.9% confidence at $150.19
2025-03-27 08:11:53,214 - src.modules.scanner - INFO - Added PAYX to results
2025-03-27 08:11:53,215 - src.modules.scanner - INFO - Processing QCOM... (7/101)
2025-03-27 08:11:53,286 - src.modules.scanner - INFO - Fetched price for QCOM: $158.39
2025-03-27 08:11:53,287 - src.modules.scanner - INFO - Generated neutral setup for QCOM with 68.1% confidence at $158.39
2025-03-27 08:11:53,288 - src.modules.scanner - INFO - Added QCOM to results
2025-03-27 08:11:53,288 - src.modules.scanner - INFO - Processing AXON... (8/101)
2025-03-27 08:11:53,334 - src.modules.scanner - INFO - Fetched price for AXON: $559.06
2025-03-27 08:11:53,335 - src.modules.scanner - INFO - Generated bullish setup for AXON with 85.4% confidence at $559.06
2025-03-27 08:11:53,337 - src.modules.scanner - INFO - Added AXON to results
2025-03-27 08:11:53,337 - src.modules.scanner - INFO - Processing MSTR... (9/101)
2025-03-27 08:11:53,382 - src.modules.scanner - INFO - Fetched price for MSTR: $329.31
2025-03-27 08:11:53,383 - src.modules.scanner - INFO - Generated bullish setup for MSTR with 70.7% confidence at $329.31
2025-03-27 08:11:53,384 - src.modules.scanner - INFO - Added MSTR to results
2025-03-27 08:11:53,384 - src.modules.scanner - INFO - Processing PLTR... (10/101)
2025-03-27 08:11:53,428 - src.modules.scanner - INFO - Fetched price for PLTR: $92.28
2025-03-27 08:11:53,429 - src.modules.scanner - INFO - Generated neutral setup for PLTR with 93.1% confidence at $92.28
2025-03-27 08:11:53,430 - src.modules.scanner - INFO - Added PLTR to results
2025-03-27 08:11:53,430 - src.modules.scanner - INFO - Processing APP... (11/101)
2025-03-27 08:11:53,486 - src.modules.scanner - INFO - Fetched price for APP: $327.62
2025-03-27 08:11:53,487 - src.modules.scanner - INFO - Generated bearish setup for APP with 65.9% confidence at $327.62
2025-03-27 08:11:53,488 - src.modules.scanner - INFO - Added APP to results
2025-03-27 08:11:53,489 - src.modules.scanner - INFO - Processing ARM... (12/101)
2025-03-27 08:11:53,532 - src.modules.scanner - INFO - Fetched price for ARM: $114.93
2025-03-27 08:11:53,533 - src.modules.scanner - INFO - Generated neutral setup for ARM with 93.1% confidence at $114.93
2025-03-27 08:11:53,534 - src.modules.scanner - INFO - Added ARM to results
2025-03-27 08:11:53,534 - src.modules.scanner - INFO - Processing LIN... (13/101)
2025-03-27 08:11:53,611 - src.modules.scanner - INFO - Fetched price for LIN: $461.43
2025-03-27 08:11:53,612 - src.modules.scanner - INFO - Generated bearish setup for LIN with 67.3% confidence at $461.43
2025-03-27 08:11:53,612 - src.modules.scanner - INFO - Added LIN to results
2025-03-27 08:11:53,613 - src.modules.scanner - INFO - Processing CCEP... (14/101)
2025-03-27 08:11:53,698 - src.modules.scanner - INFO - Fetched price for CCEP: $85.37
2025-03-27 08:11:53,698 - src.modules.scanner - INFO - Generated neutral setup for CCEP with 77.6% confidence at $85.37
2025-03-27 08:11:53,699 - src.modules.scanner - INFO - Added CCEP to results
2025-03-27 08:11:53,700 - src.modules.scanner - INFO - Processing DASH... (15/101)
2025-03-27 08:11:53,743 - src.modules.scanner - INFO - Fetched price for DASH: $192.87
2025-03-27 08:11:53,744 - src.modules.scanner - INFO - Generated neutral setup for DASH with 76.3% confidence at $192.87
2025-03-27 08:11:53,744 - src.modules.scanner - INFO - Added DASH to results
2025-03-27 08:11:53,745 - src.modules.scanner - INFO - Processing MDB... (16/101)
2025-03-27 08:11:53,790 - src.modules.scanner - INFO - Fetched price for MDB: $193.66
2025-03-27 08:11:53,790 - src.modules.scanner - INFO - Generated bearish setup for MDB with 66.7% confidence at $193.66
2025-03-27 08:11:53,791 - src.modules.scanner - INFO - Added MDB to results
2025-03-27 08:11:53,791 - src.modules.scanner - INFO - Processing ROP... (17/101)
2025-03-27 08:11:53,872 - src.modules.scanner - INFO - Fetched price for ROP: $582.71
2025-03-27 08:11:53,873 - src.modules.scanner - INFO - Generated neutral setup for ROP with 69.9% confidence at $582.71
2025-03-27 08:11:53,874 - src.modules.scanner - INFO - Added ROP to results
2025-03-27 08:11:53,874 - src.modules.scanner - INFO - Processing TTD... (18/101)
2025-03-27 08:11:53,920 - src.modules.scanner - INFO - Fetched price for TTD: $58.80
2025-03-27 08:11:53,921 - src.modules.scanner - INFO - Generated neutral setup for TTD with 91.2% confidence at $58.80
2025-03-27 08:11:53,921 - src.modules.scanner - INFO - Added TTD to results
2025-03-27 08:11:53,921 - src.modules.scanner - INFO - Processing ON... (19/101)
2025-03-27 08:11:53,967 - src.modules.scanner - INFO - Fetched price for ON: $45.04
2025-03-27 08:11:53,968 - src.modules.scanner - INFO - Generated neutral setup for ON with 78.6% confidence at $45.04
2025-03-27 08:11:53,969 - src.modules.scanner - INFO - Added ON to results
2025-03-27 08:11:53,969 - src.modules.scanner - INFO - Processing GEHC... (20/101)
2025-03-27 08:11:54,016 - src.modules.scanner - INFO - Fetched price for GEHC: $81.00
2025-03-27 08:11:54,017 - src.modules.scanner - INFO - Generated neutral setup for GEHC with 93.5% confidence at $81.00
2025-03-27 08:11:54,018 - src.modules.scanner - INFO - Added GEHC to results
2025-03-27 08:11:54,018 - src.modules.scanner - INFO - Processing BKR... (21/101)
2025-03-27 08:11:54,102 - src.modules.scanner - INFO - Fetched price for BKR: $44.02
2025-03-27 08:11:54,103 - src.modules.scanner - INFO - Generated bearish setup for BKR with 83.4% confidence at $44.02
2025-03-27 08:11:54,104 - src.modules.scanner - INFO - Added BKR to results
2025-03-27 08:11:54,104 - src.modules.scanner - INFO - Processing FANG... (22/101)
2025-03-27 08:11:54,155 - src.modules.scanner - INFO - Fetched price for FANG: $163.09
2025-03-27 08:11:54,156 - src.modules.scanner - INFO - Generated neutral setup for FANG with 86.8% confidence at $163.09
2025-03-27 08:11:54,157 - src.modules.scanner - INFO - Added FANG to results
2025-03-27 08:11:54,157 - src.modules.scanner - INFO - Processing GFS... (23/101)
2025-03-27 08:11:54,200 - src.modules.scanner - INFO - Fetched price for GFS: $38.75
2025-03-27 08:11:54,200 - src.modules.scanner - INFO - Generated bullish setup for GFS with 78.3% confidence at $38.75
2025-03-27 08:11:54,201 - src.modules.scanner - INFO - Added GFS to results
2025-03-27 08:11:54,201 - src.modules.scanner - INFO - Processing WBD... (24/101)
2025-03-27 08:11:54,242 - src.modules.scanner - INFO - Fetched price for WBD: $11.03
2025-03-27 08:11:54,243 - src.modules.scanner - INFO - Generated bullish setup for WBD with 63.0% confidence at $11.03
2025-03-27 08:11:54,244 - src.modules.scanner - INFO - Added WBD to results
2025-03-27 08:11:54,244 - src.modules.scanner - INFO - Processing AZN... (25/101)
2025-03-27 08:11:54,316 - src.modules.scanner - INFO - Fetched price for AZN: $72.72
2025-03-27 08:11:54,317 - src.modules.scanner - INFO - Generated neutral setup for AZN with 69.2% confidence at $72.72
2025-03-27 08:11:54,317 - src.modules.scanner - INFO - Added AZN to results
2025-03-27 08:11:54,318 - src.modules.scanner - INFO - Processing CEG... (26/101)
2025-03-27 08:11:54,367 - src.modules.scanner - INFO - Fetched price for CEG: $216.97
2025-03-27 08:11:54,368 - src.modules.scanner - INFO - Generated bullish setup for CEG with 90.2% confidence at $216.97
2025-03-27 08:11:54,368 - src.modules.scanner - INFO - Added CEG to results
2025-03-27 08:11:54,369 - src.modules.scanner - INFO - Processing ODFL... (27/101)
2025-03-27 08:11:54,418 - src.modules.scanner - INFO - Fetched price for ODFL: $168.67
2025-03-27 08:11:54,419 - src.modules.scanner - INFO - Generated neutral setup for ODFL with 80.9% confidence at $168.67
2025-03-27 08:11:54,419 - src.modules.scanner - INFO - Added ODFL to results
2025-03-27 08:11:54,420 - src.modules.scanner - INFO - Processing TEAM... (28/101)
2025-03-27 08:11:54,463 - src.modules.scanner - INFO - Fetched price for TEAM: $229.65
2025-03-27 08:11:54,464 - src.modules.scanner - INFO - Generated bearish setup for TEAM with 89.6% confidence at $229.65
2025-03-27 08:11:54,464 - src.modules.scanner - INFO - Added TEAM to results
2025-03-27 08:11:54,465 - src.modules.scanner - INFO - Processing ABNB... (29/101)
2025-03-27 08:11:54,512 - src.modules.scanner - INFO - Fetched price for ABNB: $128.64
2025-03-27 08:11:54,513 - src.modules.scanner - INFO - Generated neutral setup for ABNB with 75.5% confidence at $128.64
2025-03-27 08:11:54,513 - src.modules.scanner - INFO - Added ABNB to results
2025-03-27 08:11:54,514 - src.modules.scanner - INFO - Processing FTNT... (30/101)
2025-03-27 08:11:54,556 - src.modules.scanner - INFO - Fetched price for FTNT: $101.01
2025-03-27 08:11:54,557 - src.modules.scanner - INFO - Generated neutral setup for FTNT with 93.3% confidence at $101.01
2025-03-27 08:11:54,558 - src.modules.scanner - INFO - Added FTNT to results
2025-03-27 08:11:54,558 - src.modules.scanner - INFO - Processing PANW... (31/101)
2025-03-27 08:11:54,602 - src.modules.scanner - INFO - Fetched price for PANW: $184.96
2025-03-27 08:11:54,603 - src.modules.scanner - INFO - Generated neutral setup for PANW with 80.5% confidence at $184.96
2025-03-27 08:11:54,603 - src.modules.scanner - INFO - Added PANW to results
2025-03-27 08:11:54,604 - src.modules.scanner - INFO - Processing ZS... (32/101)
2025-03-27 08:11:54,649 - src.modules.scanner - INFO - Fetched price for ZS: $211.55
2025-03-27 08:11:54,649 - src.modules.scanner - INFO - Generated bearish setup for ZS with 87.7% confidence at $211.55
2025-03-27 08:11:54,650 - src.modules.scanner - INFO - Added ZS to results
2025-03-27 08:11:54,651 - src.modules.scanner - INFO - Processing DDOG... (33/101)
2025-03-27 08:11:54,699 - src.modules.scanner - INFO - Fetched price for DDOG: $107.97
2025-03-27 08:11:54,699 - src.modules.scanner - INFO - Generated neutral setup for DDOG with 85.0% confidence at $107.97
2025-03-27 08:11:54,700 - src.modules.scanner - INFO - Added DDOG to results
2025-03-27 08:11:54,700 - src.modules.scanner - INFO - Processing CRWD... (34/101)
2025-03-27 08:11:54,746 - src.modules.scanner - INFO - Fetched price for CRWD: $371.41
2025-03-27 08:11:54,747 - src.modules.scanner - INFO - Generated bullish setup for CRWD with 93.6% confidence at $371.41
2025-03-27 08:11:54,748 - src.modules.scanner - INFO - Added CRWD to results
2025-03-27 08:11:54,748 - src.modules.scanner - INFO - Processing HON... (35/101)
2025-03-27 08:11:54,865 - src.modules.scanner - INFO - Fetched price for HON: $213.12
2025-03-27 08:11:54,866 - src.modules.scanner - INFO - Generated bearish setup for HON with 74.5% confidence at $213.12
2025-03-27 08:11:54,866 - src.modules.scanner - INFO - Added HON to results
2025-03-27 08:11:54,866 - src.modules.scanner - INFO - Processing AEP... (36/101)
2025-03-27 08:11:54,993 - src.modules.scanner - INFO - Fetched price for AEP: $103.90
2025-03-27 08:11:54,993 - src.modules.scanner - INFO - Generated neutral setup for AEP with 72.6% confidence at $103.90
2025-03-27 08:11:54,994 - src.modules.scanner - INFO - Added AEP to results
2025-03-27 08:11:54,994 - src.modules.scanner - INFO - Processing NFLX... (37/101)
2025-03-27 08:11:55,041 - src.modules.scanner - INFO - Fetched price for NFLX: $970.65
2025-03-27 08:11:55,042 - src.modules.scanner - INFO - Generated neutral setup for NFLX with 62.7% confidence at $970.65
2025-03-27 08:11:55,042 - src.modules.scanner - INFO - Added NFLX to results
2025-03-27 08:11:55,043 - src.modules.scanner - INFO - Processing KDP... (38/101)
2025-03-27 08:11:55,109 - src.modules.scanner - INFO - Fetched price for KDP: $34.06
2025-03-27 08:11:55,110 - src.modules.scanner - INFO - Generated bearish setup for KDP with 60.7% confidence at $34.06
2025-03-27 08:11:55,110 - src.modules.scanner - INFO - Added KDP to results
2025-03-27 08:11:55,111 - src.modules.scanner - INFO - Processing PDD... (39/101)
2025-03-27 08:11:55,155 - src.modules.scanner - INFO - Fetched price for PDD: $122.47
2025-03-27 08:11:55,155 - src.modules.scanner - INFO - Generated bullish setup for PDD with 60.3% confidence at $122.47
2025-03-27 08:11:55,156 - src.modules.scanner - INFO - Added PDD to results
2025-03-27 08:11:55,156 - src.modules.scanner - INFO - Processing DXCM... (40/101)
2025-03-27 08:11:55,201 - src.modules.scanner - INFO - Fetched price for DXCM: $72.13
2025-03-27 08:11:55,201 - src.modules.scanner - INFO - Generated bearish setup for DXCM with 64.2% confidence at $72.13
2025-03-27 08:11:55,202 - src.modules.scanner - INFO - Added DXCM to results
2025-03-27 08:11:55,202 - src.modules.scanner - INFO - Processing ANSS... (41/101)
2025-03-27 08:11:55,247 - src.modules.scanner - INFO - Fetched price for ANSS: $323.34
2025-03-27 08:11:55,248 - src.modules.scanner - INFO - Generated bullish setup for ANSS with 83.9% confidence at $323.34
2025-03-27 08:11:55,248 - src.modules.scanner - INFO - Added ANSS to results
2025-03-27 08:11:55,249 - src.modules.scanner - INFO - Processing CDW... (42/101)
2025-03-27 08:11:55,301 - src.modules.scanner - INFO - Fetched price for CDW: $167.33
2025-03-27 08:11:55,302 - src.modules.scanner - INFO - Generated bullish setup for CDW with 83.2% confidence at $167.33
2025-03-27 08:11:55,302 - src.modules.scanner - INFO - Added CDW to results
2025-03-27 08:11:55,303 - src.modules.scanner - INFO - Processing CPRT... (43/101)
2025-03-27 08:11:55,350 - src.modules.scanner - INFO - Fetched price for CPRT: $55.07
2025-03-27 08:11:55,350 - src.modules.scanner - INFO - Generated neutral setup for CPRT with 72.3% confidence at $55.07
2025-03-27 08:11:55,351 - src.modules.scanner - INFO - Added CPRT to results
2025-03-27 08:11:55,351 - src.modules.scanner - INFO - Processing CSGP... (44/101)
2025-03-27 08:11:55,393 - src.modules.scanner - INFO - Fetched price for CSGP: $80.37
2025-03-27 08:11:55,394 - src.modules.scanner - INFO - Generated neutral setup for CSGP with 76.6% confidence at $80.37
2025-03-27 08:11:55,395 - src.modules.scanner - INFO - Added CSGP to results
2025-03-27 08:11:55,396 - src.modules.scanner - INFO - Processing EXC... (45/101)
2025-03-27 08:11:55,488 - src.modules.scanner - INFO - Fetched price for EXC: $44.02
2025-03-27 08:11:55,489 - src.modules.scanner - INFO - Generated neutral setup for EXC with 90.5% confidence at $44.02
2025-03-27 08:11:55,490 - src.modules.scanner - INFO - Added EXC to results
2025-03-27 08:11:55,490 - src.modules.scanner - INFO - Processing AMD... (46/101)
2025-03-27 08:11:55,535 - src.modules.scanner - INFO - Fetched price for AMD: $110.19
2025-03-27 08:11:55,536 - src.modules.scanner - INFO - Generated neutral setup for AMD with 66.9% confidence at $110.19
2025-03-27 08:11:55,537 - src.modules.scanner - INFO - Added AMD to results
2025-03-27 08:11:55,537 - src.modules.scanner - INFO - Processing LULU... (47/101)
2025-03-27 08:11:55,587 - src.modules.scanner - INFO - Fetched price for LULU: $337.79
2025-03-27 08:11:55,588 - src.modules.scanner - INFO - Generated neutral setup for LULU with 86.1% confidence at $337.79
2025-03-27 08:11:55,588 - src.modules.scanner - INFO - Added LULU to results
2025-03-27 08:11:55,588 - src.modules.scanner - INFO - Processing XEL... (48/101)
2025-03-27 08:11:55,685 - src.modules.scanner - INFO - Fetched price for XEL: $68.92
2025-03-27 08:11:55,686 - src.modules.scanner - INFO - Generated bearish setup for XEL with 72.6% confidence at $68.92
2025-03-27 08:11:55,686 - src.modules.scanner - INFO - Added XEL to results
2025-03-27 08:11:55,687 - src.modules.scanner - INFO - Processing PEP... (49/101)
2025-03-27 08:11:55,781 - src.modules.scanner - INFO - Fetched price for PEP: $148.64
2025-03-27 08:11:55,782 - src.modules.scanner - INFO - Generated neutral setup for PEP with 74.4% confidence at $148.64
2025-03-27 08:11:55,782 - src.modules.scanner - INFO - Added PEP to results
2025-03-27 08:11:55,783 - src.modules.scanner - INFO - Processing ASML... (50/101)
2025-03-27 08:11:55,868 - src.modules.scanner - INFO - Fetched price for ASML: $705.76
2025-03-27 08:11:55,869 - src.modules.scanner - INFO - Generated bearish setup for ASML with 62.4% confidence at $705.76
2025-03-27 08:11:55,869 - src.modules.scanner - INFO - Added ASML to results
2025-03-27 08:11:55,902 - src.modules.scanner - INFO - Fetched price for ASML: $705.76
2025-03-27 08:11:55,903 - src.modules.market_context - INFO - Fetching data for ASML
2025-03-27 08:11:56,163 - src.modules.key_levels - INFO - Fetching options data for ASML
2025-03-27 08:11:56,490 - src.utils.data_cache - ERROR - Error reading cache options_chain_ASML_nearest: Expecting value: line 1 column 195 (char 194)
2025-03-27 08:11:56,585 - src.utils.data_cache - ERROR - Error writing cache options_chain_ASML_nearest: Object of type Timestamp is not JSON serializable
2025-03-27 08:11:56,586 - src.modules.scanner - INFO - Filtered out ASML setup: confidence=62.4%, trend=bearish
2025-03-27 08:11:56,587 - src.modules.scanner - INFO - Processing SNPS... (51/101)
2025-03-27 08:11:56,632 - src.modules.scanner - INFO - Fetched price for SNPS: $449.90
2025-03-27 08:11:56,633 - src.modules.scanner - INFO - Generated bearish setup for SNPS with 60.9% confidence at $449.90
2025-03-27 08:11:56,633 - src.modules.scanner - INFO - Added SNPS to results
2025-03-27 08:11:56,634 - src.modules.scanner - INFO - Processing TTWO... (52/101)
2025-03-27 08:11:56,678 - src.modules.scanner - INFO - Fetched price for TTWO: $215.89
2025-03-27 08:11:56,679 - src.modules.scanner - INFO - Generated bearish setup for TTWO with 63.5% confidence at $215.89
2025-03-27 08:11:56,680 - src.modules.scanner - INFO - Added TTWO to results
2025-03-27 08:11:56,680 - src.modules.scanner - INFO - Processing WDAY... (53/101)
2025-03-27 08:11:56,722 - src.modules.scanner - INFO - Fetched price for WDAY: $250.79
2025-03-27 08:11:56,723 - src.modules.scanner - INFO - Generated neutral setup for WDAY with 86.1% confidence at $250.79
2025-03-27 08:11:56,724 - src.modules.scanner - INFO - Added WDAY to results
2025-03-27 08:11:56,724 - src.modules.scanner - INFO - Processing MELI... (54/101)
2025-03-27 08:11:56,774 - src.modules.scanner - INFO - Fetched price for MELI: $2074.97
2025-03-27 08:11:56,774 - src.modules.scanner - INFO - Generated bullish setup for MELI with 89.4% confidence at $2074.97
2025-03-27 08:11:56,775 - src.modules.scanner - INFO - Added MELI to results
2025-03-27 08:11:56,775 - src.modules.scanner - INFO - Processing IDXX... (55/101)
2025-03-27 08:11:56,818 - src.modules.scanner - INFO - Fetched price for IDXX: $417.71
2025-03-27 08:11:56,819 - src.modules.scanner - INFO - Generated neutral setup for IDXX with 82.0% confidence at $417.71
2025-03-27 08:11:56,820 - src.modules.scanner - INFO - Added IDXX to results
2025-03-27 08:11:56,820 - src.modules.scanner - INFO - Processing CSX... (56/101)
2025-03-27 08:11:56,901 - src.modules.scanner - INFO - Fetched price for CSX: $29.90
2025-03-27 08:11:56,901 - src.modules.scanner - INFO - Generated bullish setup for CSX with 72.0% confidence at $29.90
2025-03-27 08:11:56,902 - src.modules.scanner - INFO - Added CSX to results
2025-03-27 08:11:56,902 - src.modules.scanner - INFO - Processing TMUS... (57/101)
2025-03-27 08:11:56,975 - src.modules.scanner - INFO - Fetched price for TMUS: $262.51
2025-03-27 08:11:56,976 - src.modules.scanner - INFO - Generated neutral setup for TMUS with 91.7% confidence at $262.51
2025-03-27 08:11:56,976 - src.modules.scanner - INFO - Added TMUS to results
2025-03-27 08:11:56,976 - src.modules.scanner - INFO - Processing PYPL... (58/101)
2025-03-27 08:11:57,020 - src.modules.scanner - INFO - Fetched price for PYPL: $69.97
2025-03-27 08:11:57,021 - src.modules.scanner - INFO - Generated bullish setup for PYPL with 91.9% confidence at $69.97
2025-03-27 08:11:57,022 - src.modules.scanner - INFO - Added PYPL to results
2025-03-27 08:11:57,022 - src.modules.scanner - INFO - Processing KHC... (59/101)
2025-03-27 08:11:57,077 - src.modules.scanner - INFO - Fetched price for KHC: $29.69
2025-03-27 08:11:57,078 - src.modules.scanner - INFO - Generated bearish setup for KHC with 65.9% confidence at $29.69
2025-03-27 08:11:57,078 - src.modules.scanner - INFO - Added KHC to results
2025-03-27 08:11:57,079 - src.modules.scanner - INFO - Processing GOOG... (60/101)
2025-03-27 08:11:57,123 - src.modules.scanner - INFO - Fetched price for GOOG: $167.14
2025-03-27 08:11:57,124 - src.modules.scanner - INFO - Generated bearish setup for GOOG with 76.9% confidence at $167.14
2025-03-27 08:11:57,124 - src.modules.scanner - INFO - Added GOOG to results
2025-03-27 08:11:57,125 - src.modules.scanner - INFO - Processing NXPI... (61/101)
2025-03-27 08:11:57,174 - src.modules.scanner - INFO - Fetched price for NXPI: $205.75
2025-03-27 08:11:57,175 - src.modules.scanner - INFO - Generated neutral setup for NXPI with 92.4% confidence at $205.75
2025-03-27 08:11:57,175 - src.modules.scanner - INFO - Added NXPI to results
2025-03-27 08:11:57,176 - src.modules.scanner - INFO - Processing MAR... (62/101)
2025-03-27 08:11:57,243 - src.modules.scanner - INFO - Fetched price for MAR: $246.72
2025-03-27 08:11:57,244 - src.modules.scanner - INFO - Generated bullish setup for MAR with 63.2% confidence at $246.72
2025-03-27 08:11:57,244 - src.modules.scanner - INFO - Added MAR to results
2025-03-27 08:11:57,245 - src.modules.scanner - INFO - Processing CHTR... (63/101)
2025-03-27 08:11:57,288 - src.modules.scanner - INFO - Fetched price for CHTR: $384.77
2025-03-27 08:11:57,288 - src.modules.scanner - INFO - Generated bullish setup for CHTR with 71.4% confidence at $384.77
2025-03-27 08:11:57,289 - src.modules.scanner - INFO - Added CHTR to results
2025-03-27 08:11:57,290 - src.modules.scanner - INFO - Processing TSLA... (64/101)
2025-03-27 08:11:57,335 - src.modules.scanner - INFO - Fetched price for TSLA: $272.06
2025-03-27 08:11:57,336 - src.modules.scanner - INFO - Generated neutral setup for TSLA with 94.0% confidence at $272.06
2025-03-27 08:11:57,337 - src.modules.scanner - INFO - Added TSLA to results
2025-03-27 08:11:57,337 - src.modules.scanner - INFO - Processing EA... (65/101)
2025-03-27 08:11:57,393 - src.modules.scanner - INFO - Fetched price for EA: $145.19
2025-03-27 08:11:57,394 - src.modules.scanner - INFO - Generated bearish setup for EA with 77.1% confidence at $145.19
2025-03-27 08:11:57,395 - src.modules.scanner - INFO - Added EA to results
2025-03-27 08:11:57,395 - src.modules.scanner - INFO - Processing MRVL... (66/101)
2025-03-27 08:11:57,451 - src.modules.scanner - INFO - Fetched price for MRVL: $66.76
2025-03-27 08:11:57,452 - src.modules.scanner - INFO - Generated bullish setup for MRVL with 93.0% confidence at $66.76
2025-03-27 08:11:57,453 - src.modules.scanner - INFO - Added MRVL to results
2025-03-27 08:11:57,453 - src.modules.scanner - INFO - Processing REGN... (67/101)
2025-03-27 08:11:57,498 - src.modules.scanner - INFO - Fetched price for REGN: $640.14
2025-03-27 08:11:57,499 - src.modules.scanner - INFO - Generated neutral setup for REGN with 70.7% confidence at $640.14
2025-03-27 08:11:57,500 - src.modules.scanner - INFO - Added REGN to results
2025-03-27 08:11:57,500 - src.modules.scanner - INFO - Processing VRSK... (68/101)
2025-03-27 08:11:57,548 - src.modules.scanner - INFO - Fetched price for VRSK: $292.03
2025-03-27 08:11:57,549 - src.modules.scanner - INFO - Generated bullish setup for VRSK with 69.5% confidence at $292.03
2025-03-27 08:11:57,549 - src.modules.scanner - INFO - Added VRSK to results
2025-03-27 08:11:57,550 - src.modules.scanner - INFO - Processing META... (69/101)
2025-03-27 08:11:57,593 - src.modules.scanner - INFO - Fetched price for META: $610.98
2025-03-27 08:11:57,593 - src.modules.scanner - INFO - Generated bearish setup for META with 77.5% confidence at $610.98
2025-03-27 08:11:57,594 - src.modules.scanner - INFO - Added META to results
2025-03-27 08:11:57,594 - src.modules.scanner - INFO - Processing ADI... (70/101)
2025-03-27 08:11:57,676 - src.modules.scanner - INFO - Fetched price for ADI: $210.53
2025-03-27 08:11:57,677 - src.modules.scanner - INFO - Generated neutral setup for ADI with 67.7% confidence at $210.53
2025-03-27 08:11:57,677 - src.modules.scanner - INFO - Added ADI to results
2025-03-27 08:11:57,678 - src.modules.scanner - INFO - Processing MDLZ... (71/101)
2025-03-27 08:11:57,753 - src.modules.scanner - INFO - Fetched price for MDLZ: $66.33
2025-03-27 08:11:57,753 - src.modules.scanner - INFO - Generated bearish setup for MDLZ with 88.8% confidence at $66.33
2025-03-27 08:11:57,754 - src.modules.scanner - INFO - Added MDLZ to results
2025-03-27 08:11:57,754 - src.modules.scanner - INFO - Processing TXN... (72/101)
2025-03-27 08:11:57,862 - src.modules.scanner - INFO - Fetched price for TXN: $184.49
2025-03-27 08:11:57,862 - src.modules.scanner - INFO - Generated neutral setup for TXN with 87.9% confidence at $184.49
2025-03-27 08:11:57,863 - src.modules.scanner - INFO - Added TXN to results
2025-03-27 08:11:57,864 - src.modules.scanner - INFO - Processing AVGO... (73/101)
2025-03-27 08:11:57,920 - src.modules.scanner - INFO - Fetched price for AVGO: $179.27
2025-03-27 08:11:57,921 - src.modules.scanner - INFO - Generated bearish setup for AVGO with 61.6% confidence at $179.27
2025-03-27 08:11:57,922 - src.modules.scanner - INFO - Added AVGO to results
2025-03-27 08:11:57,922 - src.modules.scanner - INFO - Processing BKNG... (74/101)
2025-03-27 08:11:57,972 - src.modules.scanner - INFO - Fetched price for BKNG: $4764.16
2025-03-27 08:11:57,972 - src.modules.scanner - INFO - Generated bullish setup for BKNG with 77.6% confidence at $4764.16
2025-03-27 08:11:57,973 - src.modules.scanner - INFO - Added BKNG to results
2025-03-27 08:11:57,973 - src.modules.scanner - INFO - Processing ADP... (75/101)
2025-03-27 08:11:58,051 - src.modules.scanner - INFO - Fetched price for ADP: $302.41
2025-03-27 08:11:58,052 - src.modules.scanner - INFO - Generated neutral setup for ADP with 62.3% confidence at $302.41
2025-03-27 08:11:58,052 - src.modules.scanner - INFO - Added ADP to results
2025-03-27 08:11:58,053 - src.modules.scanner - INFO - Processing ORLY... (76/101)
2025-03-27 08:11:58,093 - src.modules.scanner - INFO - Fetched price for ORLY: $1380.98
2025-03-27 08:11:58,094 - src.modules.scanner - INFO - Generated neutral setup for ORLY with 77.3% confidence at $1380.98
2025-03-27 08:11:58,095 - src.modules.scanner - INFO - Added ORLY to results
2025-03-27 08:11:58,095 - src.modules.scanner - INFO - Processing ROST... (77/101)
2025-03-27 08:11:58,186 - src.modules.scanner - INFO - Fetched price for ROST: $127.70
2025-03-27 08:11:58,187 - src.modules.scanner - INFO - Generated bearish setup for ROST with 73.6% confidence at $127.70
2025-03-27 08:11:58,187 - src.modules.scanner - INFO - Added ROST to results
2025-03-27 08:11:58,188 - src.modules.scanner - INFO - Processing MNST... (78/101)
2025-03-27 08:11:58,235 - src.modules.scanner - INFO - Fetched price for MNST: $57.76
2025-03-27 08:11:58,235 - src.modules.scanner - INFO - Generated neutral setup for MNST with 66.3% confidence at $57.76
2025-03-27 08:11:58,236 - src.modules.scanner - INFO - Added MNST to results
2025-03-27 08:11:58,236 - src.modules.scanner - INFO - Processing VRTX... (79/101)
2025-03-27 08:11:58,283 - src.modules.scanner - INFO - Fetched price for VRTX: $500.28
2025-03-27 08:11:58,283 - src.modules.scanner - INFO - Generated bearish setup for VRTX with 80.0% confidence at $500.28
2025-03-27 08:11:58,284 - src.modules.scanner - INFO - Added VRTX to results
2025-03-27 08:11:58,284 - src.modules.scanner - INFO - Processing ISRG... (80/101)
2025-03-27 08:11:58,328 - src.modules.scanner - INFO - Fetched price for ISRG: $509.03
2025-03-27 08:11:58,329 - src.modules.scanner - INFO - Generated bearish setup for ISRG with 86.6% confidence at $509.03
2025-03-27 08:11:58,329 - src.modules.scanner - INFO - Added ISRG to results
2025-03-27 08:11:58,330 - src.modules.scanner - INFO - Processing CDNS... (81/101)
2025-03-27 08:11:58,379 - src.modules.scanner - INFO - Fetched price for CDNS: $263.41
2025-03-27 08:11:58,380 - src.modules.scanner - INFO - Generated neutral setup for CDNS with 63.1% confidence at $263.41
2025-03-27 08:11:58,381 - src.modules.scanner - INFO - Added CDNS to results
2025-03-27 08:11:58,382 - src.modules.scanner - INFO - Processing GOOGL... (82/101)
2025-03-27 08:11:58,429 - src.modules.scanner - INFO - Fetched price for GOOGL: $165.06
2025-03-27 08:11:58,430 - src.modules.scanner - INFO - Generated bullish setup for GOOGL with 67.5% confidence at $165.06
2025-03-27 08:11:58,431 - src.modules.scanner - INFO - Added GOOGL to results
2025-03-27 08:11:58,431 - src.modules.scanner - INFO - Processing CTSH... (83/101)
2025-03-27 08:11:58,484 - src.modules.scanner - INFO - Fetched price for CTSH: $77.85
2025-03-27 08:11:58,484 - src.modules.scanner - INFO - Generated bearish setup for CTSH with 77.6% confidence at $77.85
2025-03-27 08:11:58,485 - src.modules.scanner - INFO - Added CTSH to results
2025-03-27 08:11:58,485 - src.modules.scanner - INFO - Processing ADSK... (84/101)
2025-03-27 08:11:58,551 - src.modules.scanner - INFO - Fetched price for ADSK: $271.21
2025-03-27 08:11:58,552 - src.modules.scanner - INFO - Generated neutral setup for ADSK with 95.0% confidence at $271.21
2025-03-27 08:11:58,553 - src.modules.scanner - INFO - Added ADSK to results
2025-03-27 08:11:58,553 - src.modules.scanner - INFO - Processing AMGN... (85/101)
2025-03-27 08:11:58,615 - src.modules.scanner - INFO - Fetched price for AMGN: $305.71
2025-03-27 08:11:58,616 - src.modules.scanner - INFO - Generated bullish setup for AMGN with 82.1% confidence at $305.71
2025-03-27 08:11:58,616 - src.modules.scanner - INFO - Added AMGN to results
2025-03-27 08:11:58,616 - src.modules.scanner - INFO - Processing LRCX... (86/101)
2025-03-27 08:11:58,669 - src.modules.scanner - INFO - Fetched price for LRCX: $76.14
2025-03-27 08:11:58,670 - src.modules.scanner - INFO - Generated bearish setup for LRCX with 86.9% confidence at $76.14
2025-03-27 08:11:58,670 - src.modules.scanner - INFO - Added LRCX to results
2025-03-27 08:11:58,671 - src.modules.scanner - INFO - Processing CMCSA... (87/101)
2025-03-27 08:11:58,777 - src.modules.scanner - INFO - Fetched price for CMCSA: $37.37
2025-03-27 08:11:58,777 - src.modules.scanner - INFO - Generated neutral setup for CMCSA with 80.3% confidence at $37.37
2025-03-27 08:11:58,778 - src.modules.scanner - INFO - Added CMCSA to results
2025-03-27 08:11:58,778 - src.modules.scanner - INFO - Processing GILD... (88/101)
2025-03-27 08:11:58,836 - src.modules.scanner - INFO - Fetched price for GILD: $109.27
2025-03-27 08:11:58,836 - src.modules.scanner - INFO - Generated bullish setup for GILD with 87.9% confidence at $109.27
2025-03-27 08:11:58,837 - src.modules.scanner - INFO - Added GILD to results
2025-03-27 08:11:58,837 - src.modules.scanner - INFO - Processing NVDA... (89/101)
2025-03-27 08:11:58,891 - src.modules.scanner - INFO - Fetched price for NVDA: $113.76
2025-03-27 08:11:58,891 - src.modules.scanner - INFO - Generated bearish setup for NVDA with 74.7% confidence at $113.76
2025-03-27 08:11:58,891 - src.modules.scanner - INFO - Added NVDA to results
2025-03-27 08:11:58,892 - src.modules.scanner - INFO - Processing AMZN... (90/101)
2025-03-27 08:11:58,937 - src.modules.scanner - INFO - Fetched price for AMZN: $201.13
2025-03-27 08:11:58,937 - src.modules.scanner - INFO - Generated bearish setup for AMZN with 66.4% confidence at $201.13
2025-03-27 08:11:58,938 - src.modules.scanner - INFO - Added AMZN to results
2025-03-27 08:11:58,938 - src.modules.scanner - INFO - Processing MCHP... (91/101)
2025-03-27 08:11:59,007 - src.modules.scanner - INFO - Fetched price for MCHP: $52.17
2025-03-27 08:11:59,008 - src.modules.scanner - INFO - Generated bullish setup for MCHP with 64.0% confidence at $52.17
2025-03-27 08:11:59,008 - src.modules.scanner - INFO - Added MCHP to results
2025-03-27 08:11:59,009 - src.modules.scanner - INFO - Processing SBUX... (92/101)
2025-03-27 08:11:59,081 - src.modules.scanner - INFO - Fetched price for SBUX: $97.97
2025-03-27 08:11:59,081 - src.modules.scanner - INFO - Generated neutral setup for SBUX with 67.0% confidence at $97.97
2025-03-27 08:11:59,082 - src.modules.scanner - INFO - Added SBUX to results
2025-03-27 08:11:59,082 - src.modules.scanner - INFO - Processing MU... (93/101)
2025-03-27 08:11:59,162 - src.modules.scanner - INFO - Fetched price for MU: $92.13
2025-03-27 08:11:59,163 - src.modules.scanner - INFO - Generated bullish setup for MU with 91.6% confidence at $92.13
2025-03-27 08:11:59,164 - src.modules.scanner - INFO - Added MU to results
2025-03-27 08:11:59,165 - src.modules.scanner - INFO - Processing INTU... (94/101)
2025-03-27 08:11:59,243 - src.modules.scanner - INFO - Fetched price for INTU: $614.86
2025-03-27 08:11:59,244 - src.modules.scanner - INFO - Generated neutral setup for INTU with 71.4% confidence at $614.86
2025-03-27 08:11:59,245 - src.modules.scanner - INFO - Added INTU to results
2025-03-27 08:11:59,245 - src.modules.scanner - INFO - Processing BIIB... (95/101)
2025-03-27 08:11:59,290 - src.modules.scanner - INFO - Fetched price for BIIB: $142.43
2025-03-27 08:11:59,291 - src.modules.scanner - INFO - Generated bullish setup for BIIB with 60.3% confidence at $142.43
2025-03-27 08:11:59,291 - src.modules.scanner - INFO - Added BIIB to results
2025-03-27 08:11:59,292 - src.modules.scanner - INFO - Processing AAPL... (96/101)
2025-03-27 08:11:59,381 - src.modules.scanner - INFO - Fetched price for AAPL: $221.53
2025-03-27 08:11:59,381 - src.modules.scanner - INFO - Generated bullish setup for AAPL with 88.7% confidence at $221.53
2025-03-27 08:11:59,382 - src.modules.scanner - INFO - Added AAPL to results
2025-03-27 08:11:59,383 - src.modules.scanner - INFO - Processing COST... (97/101)
2025-03-27 08:11:59,452 - src.modules.scanner - INFO - Fetched price for COST: $929.75
2025-03-27 08:11:59,453 - src.modules.scanner - INFO - Generated neutral setup for COST with 77.9% confidence at $929.75
2025-03-27 08:11:59,454 - src.modules.scanner - INFO - Added COST to results
2025-03-27 08:11:59,454 - src.modules.scanner - INFO - Processing CTAS... (98/101)
2025-03-27 08:11:59,540 - src.modules.scanner - INFO - Fetched price for CTAS: $204.71
2025-03-27 08:11:59,540 - src.modules.scanner - INFO - Generated neutral setup for CTAS with 67.1% confidence at $204.71
2025-03-27 08:11:59,541 - src.modules.scanner - INFO - Added CTAS to results
2025-03-27 08:11:59,541 - src.modules.scanner - INFO - Processing INTC... (99/101)
2025-03-27 08:11:59,628 - src.modules.scanner - INFO - Fetched price for INTC: $23.42
2025-03-27 08:11:59,628 - src.modules.scanner - INFO - Generated bullish setup for INTC with 62.8% confidence at $23.42
2025-03-27 08:11:59,629 - src.modules.scanner - INFO - Added INTC to results
2025-03-27 08:11:59,629 - src.modules.scanner - INFO - Processing KLAC... (100/101)
2025-03-27 08:11:59,696 - src.modules.scanner - INFO - Fetched price for KLAC: $705.54
2025-03-27 08:11:59,697 - src.modules.scanner - INFO - Generated bullish setup for KLAC with 62.1% confidence at $705.54
2025-03-27 08:11:59,698 - src.modules.scanner - INFO - Added KLAC to results
2025-03-27 08:11:59,734 - src.modules.scanner - INFO - Fetched price for KLAC: $705.54
2025-03-27 08:11:59,735 - src.modules.market_context - INFO - Fetching data for KLAC
2025-03-27 08:11:59,958 - src.modules.key_levels - INFO - Fetching options data for KLAC
2025-03-27 08:12:00,221 - src.utils.data_cache - ERROR - Error reading cache options_chain_KLAC_nearest: Expecting value: line 1 column 196 (char 195)
2025-03-27 08:12:00,310 - src.utils.data_cache - ERROR - Error writing cache options_chain_KLAC_nearest: Object of type Timestamp is not JSON serializable
2025-03-27 08:12:00,311 - src.modules.scanner - INFO - Added KLAC to results
2025-03-27 08:12:00,312 - src.modules.scanner - INFO - Processing PCAR... (101/101)
2025-03-27 08:12:00,400 - src.modules.scanner - INFO - Fetched price for PCAR: $99.53
2025-03-27 08:12:00,401 - src.modules.scanner - INFO - Generated bearish setup for PCAR with 93.4% confidence at $99.53
2025-03-27 08:12:00,401 - src.modules.scanner - INFO - Added PCAR to results
2025-03-27 08:12:00,436 - src.modules.scanner - INFO - Fetched price for PCAR: $99.53
2025-03-27 08:12:00,436 - src.modules.market_context - INFO - Fetching data for PCAR
2025-03-27 08:12:00,651 - src.modules.key_levels - INFO - Fetching options data for PCAR
2025-03-27 08:12:00,917 - src.utils.data_cache - ERROR - Error reading cache options_chain_PCAR_nearest: Expecting value: line 1 column 196 (char 195)
2025-03-27 08:12:01,006 - src.utils.data_cache - ERROR - Error writing cache options_chain_PCAR_nearest: Object of type Timestamp is not JSON serializable
2025-03-27 08:12:01,007 - src.modules.scanner - INFO - Filtered out PCAR setup: confidence=93.4%, trend=bearish
2025-03-27 08:12:01,007 - src.modules.scanner - INFO - Pre-filter results count: 102
2025-03-27 08:12:01,008 - src.modules.scanner - INFO - Post-filter results count: 102
2025-03-27 08:12:01,018 - src.modules.scanner - INFO - Results saved to scanner_results\scan_results_20250327_081201.json
2025-03-27 08:12:01,018 - src.modules.scanner - INFO - Scan complete. Found 102 setups after filtering.
2025-03-27 08:12:15,426 - src.modules.scanner - INFO - Loading configuration from config.json
2025-03-27 08:12:15,428 - src.modules.scanner - INFO - Using cached NASDAQ constituents
2025-03-27 08:12:15,429 - src.modules.scanner - INFO - Loaded 101 symbols from NASDAQ Composite
2025-03-27 08:12:15,430 - src.modules.scanner - INFO - Analyzing BKR
2025-03-27 08:12:15,431 - src.modules.market_context - INFO - Fetching data for BKR
2025-03-27 08:12:15,673 - src.modules.key_levels - INFO - Fetching options data for BKR
2025-03-27 08:12:16,069 - src.utils.data_cache - ERROR - Error writing cache options_chain_BKR_nearest: Object of type Timestamp is not JSON serializable
2025-03-27 08:12:16,070 - src.modules.scanner - ERROR - Error analyzing BKR: TradeSetupEngine.determine_setup() missing 2 required positional arguments: 'context' and 'levels'
2025-03-27 08:12:16,071 - werkzeug - INFO - 127.0.0.1 - - [27/Mar/2025 08:12:16] "GET /api/analyze/BKR HTTP/1.1" 200 -
2025-03-27 08:20:59,424 - __main__ - INFO - Starting Options-Technical Hybrid Scanner
2025-03-27 08:21:00,712 - werkzeug - INFO - [31m[1mWARNING: This is a development server. Do not use it in a production deployment. Use a production WSGI server instead.[0m
 * Running on all addresses (0.0.0.0)
 * Running on http://127.0.0.1:8080
 * Running on http://192.168.11.2:8080
2025-03-27 08:21:00,713 - werkzeug - INFO - [33mPress CTRL+C to quit[0m
2025-03-27 08:21:00,714 - werkzeug - INFO -  * Restarting with stat
2025-03-27 08:21:01,922 - __main__ - INFO - Starting Options-Technical Hybrid Scanner
2025-03-27 08:21:01,936 - werkzeug - WARNING -  * Debugger is active!
2025-03-27 08:21:01,939 - werkzeug - INFO -  * Debugger PIN: 216-997-372
2025-03-27 08:21:17,230 - werkzeug - INFO - 127.0.0.1 - - [27/Mar/2025 08:21:17] "GET / HTTP/1.1" 200 -
2025-03-27 08:21:17,343 - werkzeug - INFO - 127.0.0.1 - - [27/Mar/2025 08:21:17] "[36mGET /static/css/styles.css HTTP/1.1[0m" 304 -
2025-03-27 08:21:17,427 - werkzeug - INFO - 127.0.0.1 - - [27/Mar/2025 08:21:17] "GET /static/js/app.js HTTP/1.1" 200 -
2025-03-27 08:21:17,466 - werkzeug - INFO - 127.0.0.1 - - [27/Mar/2025 08:21:17] "GET /api/results HTTP/1.1" 200 -
2025-03-27 08:21:20,854 - src.modules.scanner - INFO - Loading configuration from config.json
2025-03-27 08:21:20,856 - src.modules.scanner - INFO - Using cached NASDAQ constituents
2025-03-27 08:21:20,857 - src.modules.scanner - INFO - Loaded 101 symbols from NASDAQ Composite
2025-03-27 08:21:20,858 - src.modules.scanner - INFO - Starting scan for 101 symbols
2025-03-27 08:21:20,859 - werkzeug - INFO - 127.0.0.1 - - [27/Mar/2025 08:21:20] "GET /api/scan?filters={"trend":["bullish","bearish","neutral"],"pcr_min":0,"pcr_max":2,"rsi_min":0,"rsi_max":100,"stoch_rsi_min":0,"stoch_rsi_max":100,"min_confidence":60} HTTP/1.1" 200 -
2025-03-27 08:21:20,859 - src.modules.scanner - INFO - Processing ADBE... (1/101)
2025-03-27 08:21:21,212 - src.modules.scanner - INFO - Fetched price for ADBE: $397.81
2025-03-27 08:21:21,213 - src.modules.market_context - INFO - Fetching data for ADBE
2025-03-27 08:21:21,503 - src.modules.key_levels - INFO - Fetching options data for ADBE
2025-03-27 08:21:21,907 - src.utils.data_cache - ERROR - Error writing cache options_chain_ADBE_nearest: Object of type Timestamp is not JSON serializable
2025-03-27 08:21:21,909 - src.modules.scanner - INFO - Added ADBE to results
2025-03-27 08:21:21,909 - src.modules.scanner - INFO - Processing AMAT... (2/101)
2025-03-27 08:21:21,973 - src.modules.scanner - INFO - Fetched price for AMAT: $150.68
2025-03-27 08:21:21,974 - src.modules.market_context - INFO - Fetching data for AMAT
2025-03-27 08:21:22,211 - src.modules.key_levels - INFO - Fetching options data for AMAT
2025-03-27 08:21:22,574 - src.utils.data_cache - ERROR - Error writing cache options_chain_AMAT_nearest: Object of type Timestamp is not JSON serializable
2025-03-27 08:21:22,575 - src.modules.scanner - INFO - Added AMAT to results
2025-03-27 08:21:22,575 - src.modules.scanner - INFO - Processing CSCO... (3/101)
2025-03-27 08:21:22,650 - src.modules.scanner - INFO - Fetched price for CSCO: $61.80
2025-03-27 08:21:22,650 - src.modules.market_context - INFO - Fetching data for CSCO
2025-03-27 08:21:22,892 - src.modules.key_levels - INFO - Fetching options data for CSCO
2025-03-27 08:21:23,241 - src.utils.data_cache - ERROR - Error writing cache options_chain_CSCO_nearest: Object of type Timestamp is not JSON serializable
2025-03-27 08:21:23,243 - src.modules.scanner - INFO - Added CSCO to results
2025-03-27 08:21:23,243 - src.modules.scanner - INFO - Processing FAST... (4/101)
2025-03-27 08:21:23,346 - src.modules.scanner - INFO - Fetched price for FAST: $77.09
2025-03-27 08:21:23,347 - src.modules.market_context - INFO - Fetching data for FAST
2025-03-27 08:21:23,602 - src.modules.key_levels - INFO - Fetching options data for FAST
2025-03-27 08:21:23,972 - src.utils.data_cache - ERROR - Error writing cache options_chain_FAST_nearest: Object of type Timestamp is not JSON serializable
2025-03-27 08:21:23,973 - src.modules.scanner - INFO - Added FAST to results
2025-03-27 08:21:23,973 - src.modules.scanner - INFO - Processing MSFT... (5/101)
2025-03-27 08:21:24,055 - src.modules.scanner - INFO - Fetched price for MSFT: $389.97
2025-03-27 08:21:24,056 - src.modules.market_context - INFO - Fetching data for MSFT
2025-03-27 08:21:24,356 - src.modules.key_levels - INFO - Fetching options data for MSFT
2025-03-27 08:21:24,787 - src.utils.data_cache - ERROR - Error writing cache options_chain_MSFT_nearest: Object of type Timestamp is not JSON serializable
2025-03-27 08:21:24,788 - src.modules.scanner - INFO - Added MSFT to results
2025-03-27 08:21:24,789 - src.modules.scanner - INFO - Processing PAYX... (6/101)
2025-03-27 08:21:24,872 - src.modules.scanner - INFO - Fetched price for PAYX: $150.19
2025-03-27 08:21:24,873 - src.modules.market_context - INFO - Fetching data for PAYX
2025-03-27 08:21:25,113 - src.modules.key_levels - INFO - Fetching options data for PAYX
2025-03-27 08:21:25,499 - src.utils.data_cache - ERROR - Error writing cache options_chain_PAYX_nearest: Object of type Timestamp is not JSON serializable
2025-03-27 08:21:25,500 - src.modules.scanner - INFO - Filtered out PAYX setup: confidence=75.0%, trend=neutral
2025-03-27 08:21:25,500 - src.modules.scanner - INFO - Processing QCOM... (7/101)
2025-03-27 08:21:25,577 - src.modules.scanner - INFO - Fetched price for QCOM: $158.39
2025-03-27 08:21:25,578 - src.modules.market_context - INFO - Fetching data for QCOM
2025-03-27 08:21:25,829 - src.modules.key_levels - INFO - Fetching options data for QCOM
2025-03-27 08:21:26,204 - src.utils.data_cache - ERROR - Error writing cache options_chain_QCOM_nearest: Object of type Timestamp is not JSON serializable
2025-03-27 08:21:26,206 - src.modules.scanner - INFO - Filtered out QCOM setup: confidence=57.1%, trend=weak_bullish
2025-03-27 08:21:26,206 - src.modules.scanner - INFO - Processing AXON... (8/101)
2025-03-27 08:21:26,256 - src.modules.scanner - INFO - Fetched price for AXON: $559.06
2025-03-27 08:21:26,257 - src.modules.market_context - INFO - Fetching data for AXON
2025-03-27 08:21:26,556 - src.modules.key_levels - INFO - Fetching options data for AXON
2025-03-27 08:21:26,930 - src.utils.data_cache - ERROR - Error writing cache options_chain_AXON_nearest: Object of type Timestamp is not JSON serializable
2025-03-27 08:21:26,931 - src.modules.scanner - INFO - Added AXON to results
2025-03-27 08:21:26,932 - src.modules.scanner - INFO - Processing MSTR... (9/101)
2025-03-27 08:21:26,982 - src.modules.scanner - INFO - Fetched price for MSTR: $329.31
2025-03-27 08:21:26,983 - src.modules.market_context - INFO - Fetching data for MSTR
2025-03-27 08:21:27,290 - src.modules.key_levels - INFO - Fetching options data for MSTR
2025-03-27 08:21:27,710 - src.utils.data_cache - ERROR - Error writing cache options_chain_MSTR_nearest: Object of type Timestamp is not JSON serializable
2025-03-27 08:21:27,713 - src.modules.scanner - INFO - Added MSTR to results
2025-03-27 08:21:27,713 - src.modules.scanner - INFO - Processing PLTR... (10/101)
2025-03-27 08:21:27,782 - src.modules.scanner - INFO - Fetched price for PLTR: $92.28
2025-03-27 08:21:27,783 - src.modules.market_context - INFO - Fetching data for PLTR
2025-03-27 08:21:28,065 - src.modules.key_levels - INFO - Fetching options data for PLTR
2025-03-27 08:21:28,479 - src.utils.data_cache - ERROR - Error writing cache options_chain_PLTR_nearest: Object of type Timestamp is not JSON serializable
2025-03-27 08:21:28,481 - src.modules.scanner - INFO - Added PLTR to results
2025-03-27 08:21:28,481 - src.modules.scanner - INFO - Processing APP... (11/101)
2025-03-27 08:21:28,530 - src.modules.scanner - INFO - Fetched price for APP: $327.62
2025-03-27 08:21:28,531 - src.modules.market_context - INFO - Fetching data for APP
2025-03-27 08:21:28,821 - src.modules.key_levels - INFO - Fetching options data for APP
2025-03-27 08:21:29,241 - src.utils.data_cache - ERROR - Error writing cache options_chain_APP_nearest: Object of type Timestamp is not JSON serializable
2025-03-27 08:21:29,243 - src.modules.scanner - INFO - Added APP to results
2025-03-27 08:21:29,244 - src.modules.scanner - INFO - Processing ARM... (12/101)
2025-03-27 08:21:29,292 - src.modules.scanner - INFO - Fetched price for ARM: $114.93
2025-03-27 08:21:29,293 - src.modules.market_context - INFO - Fetching data for ARM
2025-03-27 08:21:29,558 - src.modules.key_levels - INFO - Fetching options data for ARM
2025-03-27 08:21:29,942 - src.utils.data_cache - ERROR - Error writing cache options_chain_ARM_nearest: Object of type Timestamp is not JSON serializable
2025-03-27 08:21:29,943 - src.modules.scanner - INFO - Filtered out ARM setup: confidence=57.1%, trend=weak_bearish
2025-03-27 08:21:29,944 - src.modules.scanner - INFO - Processing LIN... (13/101)
2025-03-27 08:21:30,191 - src.modules.scanner - INFO - Fetched price for LIN: $461.43
2025-03-27 08:21:30,192 - src.modules.market_context - INFO - Fetching data for LIN
2025-03-27 08:21:30,499 - src.modules.key_levels - INFO - Fetching options data for LIN
2025-03-27 08:21:31,176 - src.utils.data_cache - ERROR - Error writing cache options_chain_LIN_nearest: Object of type Timestamp is not JSON serializable
2025-03-27 08:21:31,177 - src.modules.scanner - INFO - Added LIN to results
2025-03-27 08:21:31,178 - src.modules.scanner - INFO - Processing CCEP... (14/101)
2025-03-27 08:21:31,276 - src.modules.scanner - INFO - Fetched price for CCEP: $85.37
2025-03-27 08:21:31,276 - src.modules.market_context - INFO - Fetching data for CCEP
2025-03-27 08:21:31,525 - src.modules.key_levels - INFO - Fetching options data for CCEP
2025-03-27 08:21:31,912 - src.utils.data_cache - ERROR - Error writing cache options_chain_CCEP_nearest: Object of type Timestamp is not JSON serializable
2025-03-27 08:21:31,913 - src.modules.scanner - INFO - Filtered out CCEP setup: confidence=71.4%, trend=bullish
2025-03-27 08:21:31,914 - src.modules.scanner - INFO - Processing DASH... (15/101)
2025-03-27 08:21:31,976 - src.modules.scanner - INFO - Fetched price for DASH: $192.87
2025-03-27 08:21:31,977 - src.modules.market_context - INFO - Fetching data for DASH
2025-03-27 08:21:32,215 - src.modules.key_levels - INFO - Fetching options data for DASH
2025-03-27 08:21:32,588 - src.utils.data_cache - ERROR - Error writing cache options_chain_DASH_nearest: Object of type Timestamp is not JSON serializable
2025-03-27 08:21:32,590 - src.modules.scanner - INFO - Added DASH to results
2025-03-27 08:21:32,590 - src.modules.scanner - INFO - Processing MDB... (16/101)
2025-03-27 08:21:32,645 - src.modules.scanner - INFO - Fetched price for MDB: $193.66
2025-03-27 08:21:32,646 - src.modules.market_context - INFO - Fetching data for MDB
2025-03-27 08:21:32,885 - src.modules.key_levels - INFO - Fetching options data for MDB
2025-03-27 08:21:33,277 - src.utils.data_cache - ERROR - Error writing cache options_chain_MDB_nearest: Object of type Timestamp is not JSON serializable
2025-03-27 08:21:33,279 - src.modules.scanner - INFO - Filtered out MDB setup: confidence=50.0%, trend=weak_bullish
2025-03-27 08:21:33,279 - src.modules.scanner - INFO - Processing ROP... (17/101)
2025-03-27 08:21:33,380 - src.modules.scanner - INFO - Fetched price for ROP: $582.71
2025-03-27 08:21:33,381 - src.modules.market_context - INFO - Fetching data for ROP
2025-03-27 08:21:33,614 - src.modules.key_levels - INFO - Fetching options data for ROP
2025-03-27 08:21:34,002 - src.utils.data_cache - ERROR - Error writing cache options_chain_ROP_nearest: Object of type Timestamp is not JSON serializable
2025-03-27 08:21:34,003 - src.modules.scanner - INFO - Added ROP to results
2025-03-27 08:21:34,004 - src.modules.scanner - INFO - Processing TTD... (18/101)
2025-03-27 08:21:34,082 - src.modules.scanner - INFO - Fetched price for TTD: $58.80
2025-03-27 08:21:34,083 - src.modules.market_context - INFO - Fetching data for TTD
2025-03-27 08:21:34,371 - src.modules.key_levels - INFO - Fetching options data for TTD
2025-03-27 08:21:34,784 - src.utils.data_cache - ERROR - Error writing cache options_chain_TTD_nearest: Object of type Timestamp is not JSON serializable
2025-03-27 08:21:34,785 - src.modules.scanner - INFO - Filtered out TTD setup: confidence=57.1%, trend=weak_bearish
2025-03-27 08:21:34,786 - src.modules.scanner - INFO - Processing ON... (19/101)
2025-03-27 08:21:34,845 - src.modules.scanner - INFO - Fetched price for ON: $45.04
2025-03-27 08:21:34,846 - src.modules.market_context - INFO - Fetching data for ON
2025-03-27 08:21:35,136 - src.modules.key_levels - INFO - Fetching options data for ON
2025-03-27 08:21:35,497 - src.utils.data_cache - ERROR - Error writing cache options_chain_ON_nearest: Object of type Timestamp is not JSON serializable
2025-03-27 08:21:35,499 - src.modules.scanner - INFO - Filtered out ON setup: confidence=57.1%, trend=weak_bearish
2025-03-27 08:21:35,499 - src.modules.scanner - INFO - Processing GEHC... (20/101)
2025-03-27 08:21:35,554 - src.modules.scanner - INFO - Fetched price for GEHC: $81.00
2025-03-27 08:21:35,555 - src.modules.market_context - INFO - Fetching data for GEHC
2025-03-27 08:21:35,769 - src.modules.key_levels - INFO - Fetching options data for GEHC
2025-03-27 08:21:36,131 - src.utils.data_cache - ERROR - Error writing cache options_chain_GEHC_nearest: Object of type Timestamp is not JSON serializable
2025-03-27 08:21:36,132 - src.modules.scanner - INFO - Added GEHC to results
2025-03-27 08:21:36,132 - src.modules.scanner - INFO - Processing BKR... (21/101)
2025-03-27 08:21:36,246 - src.modules.scanner - INFO - Fetched price for BKR: $44.02
2025-03-27 08:21:36,246 - src.modules.market_context - INFO - Fetching data for BKR
2025-03-27 08:21:36,522 - src.modules.key_levels - INFO - Fetching options data for BKR
2025-03-27 08:21:36,842 - src.utils.data_cache - ERROR - Error reading cache options_chain_BKR_nearest: Expecting value: line 1 column 194 (char 193)
2025-03-27 08:21:36,943 - src.utils.data_cache - ERROR - Error writing cache options_chain_BKR_nearest: Object of type Timestamp is not JSON serializable
2025-03-27 08:21:36,944 - src.modules.scanner - INFO - Added BKR to results
2025-03-27 08:21:36,945 - src.modules.scanner - INFO - Processing FANG... (22/101)
2025-03-27 08:21:37,014 - src.modules.scanner - INFO - Fetched price for FANG: $163.09
2025-03-27 08:21:37,015 - src.modules.market_context - INFO - Fetching data for FANG
2025-03-27 08:21:37,246 - src.modules.key_levels - INFO - Fetching options data for FANG
2025-03-27 08:21:37,596 - src.utils.data_cache - ERROR - Error writing cache options_chain_FANG_nearest: Object of type Timestamp is not JSON serializable
2025-03-27 08:21:37,598 - src.modules.scanner - INFO - Added FANG to results
2025-03-27 08:21:37,598 - src.modules.scanner - INFO - Processing GFS... (23/101)
2025-03-27 08:21:37,651 - src.modules.scanner - INFO - Fetched price for GFS: $38.75
2025-03-27 08:21:37,652 - src.modules.market_context - INFO - Fetching data for GFS
2025-03-27 08:21:37,850 - src.modules.key_levels - INFO - Fetching options data for GFS
2025-03-27 08:21:38,171 - src.utils.data_cache - ERROR - Error writing cache options_chain_GFS_nearest: Object of type Timestamp is not JSON serializable
2025-03-27 08:21:38,172 - src.modules.scanner - INFO - Filtered out GFS setup: confidence=56.2%, trend=weak_neutral
2025-03-27 08:21:38,172 - src.modules.scanner - INFO - Processing WBD... (24/101)
2025-03-27 08:21:38,231 - src.modules.scanner - INFO - Fetched price for WBD: $11.03
2025-03-27 08:21:38,232 - src.modules.market_context - INFO - Fetching data for WBD
2025-03-27 08:21:38,441 - src.modules.key_levels - INFO - Fetching options data for WBD
2025-03-27 08:21:38,780 - src.utils.data_cache - ERROR - Error writing cache options_chain_WBD_nearest: Object of type Timestamp is not JSON serializable
2025-03-27 08:21:38,781 - src.modules.scanner - INFO - Added WBD to results
2025-03-27 08:21:38,781 - src.modules.scanner - INFO - Processing AZN... (25/101)
2025-03-27 08:21:38,919 - src.modules.scanner - INFO - Fetched price for AZN: $72.72
2025-03-27 08:21:38,919 - src.modules.market_context - INFO - Fetching data for AZN
2025-03-27 08:21:39,155 - src.modules.key_levels - INFO - Fetching options data for AZN
2025-03-27 08:21:39,534 - src.utils.data_cache - ERROR - Error writing cache options_chain_AZN_nearest: Object of type Timestamp is not JSON serializable
2025-03-27 08:21:39,535 - src.modules.scanner - INFO - Filtered out AZN setup: confidence=71.4%, trend=bearish
2025-03-27 08:21:39,537 - src.modules.scanner - INFO - Processing CEG... (26/101)
2025-03-27 08:21:39,595 - src.modules.scanner - INFO - Fetched price for CEG: $216.97
2025-03-27 08:21:39,596 - src.modules.market_context - INFO - Fetching data for CEG
2025-03-27 08:21:39,866 - src.modules.key_levels - INFO - Fetching options data for CEG
2025-03-27 08:21:40,258 - src.utils.data_cache - ERROR - Error writing cache options_chain_CEG_nearest: Object of type Timestamp is not JSON serializable
2025-03-27 08:21:40,260 - src.modules.scanner - INFO - Filtered out CEG setup: confidence=57.1%, trend=weak_bearish
2025-03-27 08:21:40,260 - src.modules.scanner - INFO - Processing ODFL... (27/101)
2025-03-27 08:21:40,321 - src.modules.scanner - INFO - Fetched price for ODFL: $168.67
2025-03-27 08:21:40,322 - src.modules.market_context - INFO - Fetching data for ODFL
2025-03-27 08:21:40,548 - src.modules.key_levels - INFO - Fetching options data for ODFL
2025-03-27 08:21:40,903 - src.utils.data_cache - ERROR - Error writing cache options_chain_ODFL_nearest: Object of type Timestamp is not JSON serializable
2025-03-27 08:21:40,904 - src.modules.scanner - INFO - Filtered out ODFL setup: confidence=57.1%, trend=weak_bearish
2025-03-27 08:21:40,905 - src.modules.scanner - INFO - Processing TEAM... (28/101)
2025-03-27 08:21:40,954 - src.modules.scanner - INFO - Fetched price for TEAM: $229.65
2025-03-27 08:21:40,955 - src.modules.market_context - INFO - Fetching data for TEAM
2025-03-27 08:21:41,193 - src.modules.key_levels - INFO - Fetching options data for TEAM
2025-03-27 08:21:41,558 - src.utils.data_cache - ERROR - Error writing cache options_chain_TEAM_nearest: Object of type Timestamp is not JSON serializable
2025-03-27 08:21:41,559 - src.modules.scanner - INFO - Filtered out TEAM setup: confidence=42.9%, trend=weak_bearish
2025-03-27 08:21:41,560 - src.modules.scanner - INFO - Processing ABNB... (29/101)
2025-03-27 08:21:41,628 - src.modules.scanner - INFO - Fetched price for ABNB: $128.64
2025-03-27 08:21:41,629 - src.modules.market_context - INFO - Fetching data for ABNB
2025-03-27 08:21:41,882 - src.modules.key_levels - INFO - Fetching options data for ABNB
2025-03-27 08:21:42,254 - src.utils.data_cache - ERROR - Error writing cache options_chain_ABNB_nearest: Object of type Timestamp is not JSON serializable
2025-03-27 08:21:42,255 - src.modules.scanner - INFO - Filtered out ABNB setup: confidence=71.4%, trend=bearish
2025-03-27 08:21:42,256 - src.modules.scanner - INFO - Processing FTNT... (30/101)
2025-03-27 08:21:42,307 - src.modules.scanner - INFO - Fetched price for FTNT: $101.01
2025-03-27 08:21:42,308 - src.modules.market_context - INFO - Fetching data for FTNT
2025-03-27 08:21:42,583 - src.modules.key_levels - INFO - Fetching options data for FTNT
2025-03-27 08:21:42,950 - src.utils.data_cache - ERROR - Error writing cache options_chain_FTNT_nearest: Object of type Timestamp is not JSON serializable
2025-03-27 08:21:42,952 - src.modules.scanner - INFO - Filtered out FTNT setup: confidence=56.2%, trend=weak_neutral
2025-03-27 08:21:42,953 - src.modules.scanner - INFO - Processing PANW... (31/101)
2025-03-27 08:21:43,007 - src.modules.scanner - INFO - Fetched price for PANW: $184.96
2025-03-27 08:21:43,008 - src.modules.market_context - INFO - Fetching data for PANW
2025-03-27 08:21:43,256 - src.modules.key_levels - INFO - Fetching options data for PANW
2025-03-27 08:21:43,599 - src.utils.data_cache - ERROR - Error writing cache options_chain_PANW_nearest: Object of type Timestamp is not JSON serializable
2025-03-27 08:21:43,601 - src.modules.scanner - INFO - Added PANW to results
2025-03-27 08:21:43,601 - src.modules.scanner - INFO - Processing ZS... (32/101)
2025-03-27 08:21:43,654 - src.modules.scanner - INFO - Fetched price for ZS: $211.55
2025-03-27 08:21:43,655 - src.modules.market_context - INFO - Fetching data for ZS
2025-03-27 08:21:43,892 - src.modules.key_levels - INFO - Fetching options data for ZS
2025-03-27 08:21:44,250 - src.utils.data_cache - ERROR - Error writing cache options_chain_ZS_nearest: Object of type Timestamp is not JSON serializable
2025-03-27 08:21:44,251 - src.modules.scanner - INFO - Filtered out ZS setup: confidence=50.0%, trend=weak_bullish
2025-03-27 08:21:44,251 - src.modules.scanner - INFO - Processing DDOG... (33/101)
2025-03-27 08:21:44,304 - src.modules.scanner - INFO - Fetched price for DDOG: $107.97
2025-03-27 08:21:44,305 - src.modules.market_context - INFO - Fetching data for DDOG
2025-03-27 08:21:44,564 - src.modules.key_levels - INFO - Fetching options data for DDOG
2025-03-27 08:21:44,952 - src.utils.data_cache - ERROR - Error writing cache options_chain_DDOG_nearest: Object of type Timestamp is not JSON serializable
2025-03-27 08:21:44,954 - src.modules.scanner - INFO - Added DDOG to results
2025-03-27 08:21:44,955 - src.modules.scanner - INFO - Processing CRWD... (34/101)
2025-03-27 08:21:45,007 - src.modules.scanner - INFO - Fetched price for CRWD: $371.41
2025-03-27 08:21:45,008 - src.modules.market_context - INFO - Fetching data for CRWD
2025-03-27 08:21:45,269 - src.modules.key_levels - INFO - Fetching options data for CRWD
2025-03-27 08:21:45,651 - src.utils.data_cache - ERROR - Error writing cache options_chain_CRWD_nearest: Object of type Timestamp is not JSON serializable
2025-03-27 08:21:45,653 - src.modules.scanner - INFO - Filtered out CRWD setup: confidence=57.1%, trend=weak_bullish
2025-03-27 08:21:45,654 - src.modules.scanner - INFO - Processing HON... (35/101)
2025-03-27 08:21:45,787 - src.modules.scanner - INFO - Fetched price for HON: $213.12
2025-03-27 08:21:45,788 - src.modules.market_context - INFO - Fetching data for HON
2025-03-27 08:21:46,117 - src.modules.key_levels - INFO - Fetching options data for HON
2025-03-27 08:21:46,560 - src.utils.data_cache - ERROR - Error writing cache options_chain_HON_nearest: Object of type Timestamp is not JSON serializable
2025-03-27 08:21:46,561 - src.modules.scanner - INFO - Added HON to results
2025-03-27 08:21:46,562 - src.modules.scanner - INFO - Processing AEP... (36/101)
2025-03-27 08:21:46,739 - src.modules.scanner - INFO - Fetched price for AEP: $103.90
2025-03-27 08:21:46,740 - src.modules.market_context - INFO - Fetching data for AEP
2025-03-27 08:21:47,067 - src.modules.key_levels - INFO - Fetching options data for AEP
2025-03-27 08:21:47,548 - src.utils.data_cache - ERROR - Error writing cache options_chain_AEP_nearest: Object of type Timestamp is not JSON serializable
2025-03-27 08:21:47,549 - src.modules.scanner - INFO - Added AEP to results
2025-03-27 08:21:47,549 - src.modules.scanner - INFO - Processing NFLX... (37/101)
2025-03-27 08:21:47,601 - src.modules.scanner - INFO - Fetched price for NFLX: $970.65
2025-03-27 08:21:47,602 - src.modules.market_context - INFO - Fetching data for NFLX
2025-03-27 08:21:47,892 - src.modules.key_levels - INFO - Fetching options data for NFLX
2025-03-27 08:21:48,302 - src.utils.data_cache - ERROR - Error writing cache options_chain_NFLX_nearest: Object of type Timestamp is not JSON serializable
2025-03-27 08:21:48,304 - src.modules.scanner - INFO - Added NFLX to results
2025-03-27 08:21:48,305 - src.modules.scanner - INFO - Processing KDP... (38/101)
2025-03-27 08:21:48,370 - src.modules.scanner - INFO - Fetched price for KDP: $34.06
2025-03-27 08:21:48,371 - src.modules.market_context - INFO - Fetching data for KDP
2025-03-27 08:21:48,597 - src.modules.key_levels - INFO - Fetching options data for KDP
2025-03-27 08:21:48,923 - src.utils.data_cache - ERROR - Error writing cache options_chain_KDP_nearest: Object of type Timestamp is not JSON serializable
2025-03-27 08:21:48,924 - src.modules.scanner - INFO - Added KDP to results
2025-03-27 08:21:48,925 - src.modules.scanner - INFO - Processing PDD... (39/101)
2025-03-27 08:21:48,976 - src.modules.scanner - INFO - Fetched price for PDD: $122.47
2025-03-27 08:21:48,977 - src.modules.market_context - INFO - Fetching data for PDD
2025-03-27 08:21:49,232 - src.modules.key_levels - INFO - Fetching options data for PDD
2025-03-27 08:21:49,518 - src.utils.data_cache - ERROR - Error reading cache options_chain_PDD_nearest: Expecting value: line 1 column 195 (char 194)
2025-03-27 08:21:49,618 - src.utils.data_cache - ERROR - Error writing cache options_chain_PDD_nearest: Object of type Timestamp is not JSON serializable
2025-03-27 08:21:49,620 - src.modules.scanner - INFO - Filtered out PDD setup: confidence=56.2%, trend=weak_neutral
2025-03-27 08:21:49,620 - src.modules.scanner - INFO - Processing DXCM... (40/101)
2025-03-27 08:21:49,670 - src.modules.scanner - INFO - Fetched price for DXCM: $72.13
2025-03-27 08:21:49,671 - src.modules.market_context - INFO - Fetching data for DXCM
2025-03-27 08:21:49,914 - src.modules.key_levels - INFO - Fetching options data for DXCM
2025-03-27 08:21:50,269 - src.utils.data_cache - ERROR - Error writing cache options_chain_DXCM_nearest: Object of type Timestamp is not JSON serializable
2025-03-27 08:21:50,270 - src.modules.scanner - INFO - Filtered out DXCM setup: confidence=56.2%, trend=weak_neutral
2025-03-27 08:21:50,270 - src.modules.scanner - INFO - Processing ANSS... (41/101)
2025-03-27 08:21:50,321 - src.modules.scanner - INFO - Fetched price for ANSS: $323.34
2025-03-27 08:21:50,322 - src.modules.market_context - INFO - Fetching data for ANSS
2025-03-27 08:21:50,546 - src.modules.key_levels - INFO - Fetching options data for ANSS
2025-03-27 08:21:50,869 - src.utils.data_cache - ERROR - Error writing cache options_chain_ANSS_nearest: Object of type Timestamp is not JSON serializable
2025-03-27 08:21:50,871 - src.modules.scanner - INFO - Filtered out ANSS setup: confidence=56.2%, trend=weak_neutral
2025-03-27 08:21:50,871 - src.modules.scanner - INFO - Processing CDW... (42/101)
2025-03-27 08:21:50,945 - src.modules.scanner - INFO - Fetched price for CDW: $167.33
2025-03-27 08:21:50,945 - src.modules.market_context - INFO - Fetching data for CDW
2025-03-27 08:21:51,158 - src.modules.key_levels - INFO - Fetching options data for CDW
2025-03-27 08:21:51,499 - src.utils.data_cache - ERROR - Error writing cache options_chain_CDW_nearest: Object of type Timestamp is not JSON serializable
2025-03-27 08:21:51,501 - src.modules.scanner - INFO - Added CDW to results
2025-03-27 08:21:51,501 - src.modules.scanner - INFO - Processing CPRT... (43/101)
2025-03-27 08:21:51,554 - src.modules.scanner - INFO - Fetched price for CPRT: $55.07
2025-03-27 08:21:51,555 - src.modules.market_context - INFO - Fetching data for CPRT
2025-03-27 08:21:51,750 - src.modules.key_levels - INFO - Fetching options data for CPRT
2025-03-27 08:21:52,087 - src.utils.data_cache - ERROR - Error writing cache options_chain_CPRT_nearest: Object of type Timestamp is not JSON serializable
2025-03-27 08:21:52,088 - src.modules.scanner - INFO - Filtered out CPRT setup: confidence=56.2%, trend=weak_neutral
2025-03-27 08:21:52,089 - src.modules.scanner - INFO - Processing CSGP... (44/101)
2025-03-27 08:21:52,159 - src.modules.scanner - INFO - Fetched price for CSGP: $80.37
2025-03-27 08:21:52,160 - src.modules.market_context - INFO - Fetching data for CSGP
2025-03-27 08:21:52,379 - src.modules.key_levels - INFO - Fetching options data for CSGP
2025-03-27 08:21:52,693 - src.utils.data_cache - ERROR - Error writing cache options_chain_CSGP_nearest: Object of type Timestamp is not JSON serializable
2025-03-27 08:21:52,695 - src.modules.scanner - INFO - Added CSGP to results
2025-03-27 08:21:52,695 - src.modules.scanner - INFO - Processing EXC... (45/101)
2025-03-27 08:21:52,793 - src.modules.scanner - INFO - Fetched price for EXC: $44.02
2025-03-27 08:21:52,794 - src.modules.market_context - INFO - Fetching data for EXC
2025-03-27 08:21:53,052 - src.modules.key_levels - INFO - Fetching options data for EXC
2025-03-27 08:21:53,459 - src.utils.data_cache - ERROR - Error writing cache options_chain_EXC_nearest: Object of type Timestamp is not JSON serializable
2025-03-27 08:21:53,460 - src.modules.scanner - INFO - Added EXC to results
2025-03-27 08:21:53,461 - src.modules.scanner - INFO - Processing AMD... (46/101)
2025-03-27 08:21:53,513 - src.modules.scanner - INFO - Fetched price for AMD: $110.19
2025-03-27 08:21:53,514 - src.modules.market_context - INFO - Fetching data for AMD
2025-03-27 08:21:53,768 - src.modules.key_levels - INFO - Fetching options data for AMD
2025-03-27 08:21:54,172 - src.utils.data_cache - ERROR - Error writing cache options_chain_AMD_nearest: Object of type Timestamp is not JSON serializable
2025-03-27 08:21:54,174 - src.modules.scanner - INFO - Added AMD to results
2025-03-27 08:21:54,174 - src.modules.scanner - INFO - Processing LULU... (47/101)
2025-03-27 08:21:54,224 - src.modules.scanner - INFO - Fetched price for LULU: $337.79
2025-03-27 08:21:54,225 - src.modules.market_context - INFO - Fetching data for LULU
2025-03-27 08:21:54,497 - src.modules.key_levels - INFO - Fetching options data for LULU
2025-03-27 08:21:54,873 - src.utils.data_cache - ERROR - Error writing cache options_chain_LULU_nearest: Object of type Timestamp is not JSON serializable
2025-03-27 08:21:54,875 - src.modules.scanner - INFO - Added LULU to results
2025-03-27 08:21:54,875 - src.modules.scanner - INFO - Processing XEL... (48/101)
2025-03-27 08:21:55,008 - src.modules.scanner - INFO - Fetched price for XEL: $68.92
2025-03-27 08:21:55,009 - src.modules.market_context - INFO - Fetching data for XEL
2025-03-27 08:21:55,286 - src.modules.key_levels - INFO - Fetching options data for XEL
2025-03-27 08:21:55,664 - src.utils.data_cache - ERROR - Error writing cache options_chain_XEL_nearest: Object of type Timestamp is not JSON serializable
2025-03-27 08:21:55,665 - src.modules.scanner - INFO - Added XEL to results
2025-03-27 08:21:55,666 - src.modules.scanner - INFO - Processing PEP... (49/101)
2025-03-27 08:21:55,782 - src.modules.scanner - INFO - Fetched price for PEP: $148.64
2025-03-27 08:21:55,783 - src.modules.market_context - INFO - Fetching data for PEP
2025-03-27 08:21:56,066 - src.modules.key_levels - INFO - Fetching options data for PEP
2025-03-27 08:21:56,454 - src.utils.data_cache - ERROR - Error writing cache options_chain_PEP_nearest: Object of type Timestamp is not JSON serializable
2025-03-27 08:21:56,456 - src.modules.scanner - INFO - Added PEP to results
2025-03-27 08:21:56,456 - src.modules.scanner - INFO - Processing ASML... (50/101)
2025-03-27 08:21:56,522 - src.modules.scanner - INFO - Fetched price for ASML: $705.76
2025-03-27 08:21:56,522 - src.modules.market_context - INFO - Fetching data for ASML
2025-03-27 08:21:56,806 - src.modules.key_levels - INFO - Fetching options data for ASML
2025-03-27 08:21:57,130 - src.utils.data_cache - ERROR - Error reading cache options_chain_ASML_nearest: Expecting value: line 1 column 195 (char 194)
2025-03-27 08:21:57,239 - src.utils.data_cache - ERROR - Error writing cache options_chain_ASML_nearest: Object of type Timestamp is not JSON serializable
2025-03-27 08:21:57,242 - src.modules.scanner - INFO - Filtered out ASML setup: confidence=68.8%, trend=neutral
2025-03-27 08:21:57,242 - src.modules.scanner - INFO - Processing SNPS... (51/101)
2025-03-27 08:21:57,294 - src.modules.scanner - INFO - Fetched price for SNPS: $449.90
2025-03-27 08:21:57,295 - src.modules.market_context - INFO - Fetching data for SNPS
2025-03-27 08:21:57,542 - src.modules.key_levels - INFO - Fetching options data for SNPS
2025-03-27 08:21:57,907 - src.utils.data_cache - ERROR - Error writing cache options_chain_SNPS_nearest: Object of type Timestamp is not JSON serializable
2025-03-27 08:21:57,909 - src.modules.scanner - INFO - Filtered out SNPS setup: confidence=57.1%, trend=weak_bearish
2025-03-27 08:21:57,909 - src.modules.scanner - INFO - Processing TTWO... (52/101)
2025-03-27 08:21:57,967 - src.modules.scanner - INFO - Fetched price for TTWO: $215.89
2025-03-27 08:21:57,968 - src.modules.market_context - INFO - Fetching data for TTWO
2025-03-27 08:21:58,192 - src.modules.key_levels - INFO - Fetching options data for TTWO
2025-03-27 08:21:58,538 - src.utils.data_cache - ERROR - Error writing cache options_chain_TTWO_nearest: Object of type Timestamp is not JSON serializable
2025-03-27 08:21:58,539 - src.modules.scanner - INFO - Added TTWO to results
2025-03-27 08:21:58,540 - src.modules.scanner - INFO - Processing WDAY... (53/101)
2025-03-27 08:21:58,590 - src.modules.scanner - INFO - Fetched price for WDAY: $250.79
2025-03-27 08:21:58,591 - src.modules.market_context - INFO - Fetching data for WDAY
2025-03-27 08:21:58,825 - src.modules.key_levels - INFO - Fetching options data for WDAY
2025-03-27 08:21:59,178 - src.utils.data_cache - ERROR - Error writing cache options_chain_WDAY_nearest: Object of type Timestamp is not JSON serializable
2025-03-27 08:21:59,179 - src.modules.scanner - INFO - Added WDAY to results
2025-03-27 08:21:59,180 - src.modules.scanner - INFO - Processing MELI... (54/101)
2025-03-27 08:21:59,241 - src.modules.scanner - INFO - Fetched price for MELI: $2074.97
2025-03-27 08:21:59,242 - src.modules.market_context - INFO - Fetching data for MELI
2025-03-27 08:21:59,549 - src.modules.key_levels - INFO - Fetching options data for MELI
2025-03-27 08:21:59,989 - src.utils.data_cache - ERROR - Error writing cache options_chain_MELI_nearest: Object of type Timestamp is not JSON serializable
2025-03-27 08:21:59,991 - src.modules.scanner - INFO - Added MELI to results
2025-03-27 08:21:59,991 - src.modules.scanner - INFO - Processing IDXX... (55/101)
2025-03-27 08:22:00,044 - src.modules.scanner - INFO - Fetched price for IDXX: $417.71
2025-03-27 08:22:00,044 - src.modules.market_context - INFO - Fetching data for IDXX
2025-03-27 08:22:00,280 - src.modules.key_levels - INFO - Fetching options data for IDXX
2025-03-27 08:22:00,622 - src.utils.data_cache - ERROR - Error writing cache options_chain_IDXX_nearest: Object of type Timestamp is not JSON serializable
2025-03-27 08:22:00,623 - src.modules.scanner - INFO - Filtered out IDXX setup: confidence=57.1%, trend=weak_bearish
2025-03-27 08:22:00,624 - src.modules.scanner - INFO - Processing CSX... (56/101)
2025-03-27 08:22:00,741 - src.modules.scanner - INFO - Fetched price for CSX: $29.90
2025-03-27 08:22:00,742 - src.modules.market_context - INFO - Fetching data for CSX
2025-03-27 08:22:01,011 - src.modules.key_levels - INFO - Fetching options data for CSX
2025-03-27 08:22:01,445 - src.utils.data_cache - ERROR - Error writing cache options_chain_CSX_nearest: Object of type Timestamp is not JSON serializable
2025-03-27 08:22:01,446 - src.modules.scanner - INFO - Filtered out CSX setup: confidence=57.1%, trend=weak_bearish
2025-03-27 08:22:01,447 - src.modules.scanner - INFO - Processing TMUS... (57/101)
2025-03-27 08:22:01,523 - src.modules.scanner - INFO - Fetched price for TMUS: $262.51
2025-03-27 08:22:01,523 - src.modules.market_context - INFO - Fetching data for TMUS
2025-03-27 08:22:01,786 - src.modules.key_levels - INFO - Fetching options data for TMUS
2025-03-27 08:22:02,145 - src.utils.data_cache - ERROR - Error writing cache options_chain_TMUS_nearest: Object of type Timestamp is not JSON serializable
2025-03-27 08:22:02,146 - src.modules.scanner - INFO - Added TMUS to results
2025-03-27 08:22:02,147 - src.modules.scanner - INFO - Processing PYPL... (58/101)
2025-03-27 08:22:02,221 - src.modules.scanner - INFO - Fetched price for PYPL: $69.97
2025-03-27 08:22:02,222 - src.modules.market_context - INFO - Fetching data for PYPL
2025-03-27 08:22:02,452 - src.modules.key_levels - INFO - Fetching options data for PYPL
2025-03-27 08:22:02,818 - src.utils.data_cache - ERROR - Error writing cache options_chain_PYPL_nearest: Object of type Timestamp is not JSON serializable
2025-03-27 08:22:02,819 - src.modules.scanner - INFO - Filtered out PYPL setup: confidence=57.1%, trend=weak_bearish
2025-03-27 08:22:02,820 - src.modules.scanner - INFO - Processing KHC... (59/101)
2025-03-27 08:22:02,892 - src.modules.scanner - INFO - Fetched price for KHC: $29.69
2025-03-27 08:22:02,892 - src.modules.market_context - INFO - Fetching data for KHC
2025-03-27 08:22:03,125 - src.modules.key_levels - INFO - Fetching options data for KHC
2025-03-27 08:22:03,509 - src.utils.data_cache - ERROR - Error writing cache options_chain_KHC_nearest: Object of type Timestamp is not JSON serializable
2025-03-27 08:22:03,510 - src.modules.scanner - INFO - Added KHC to results
2025-03-27 08:22:03,510 - src.modules.scanner - INFO - Processing GOOG... (60/101)
2025-03-27 08:22:03,564 - src.modules.scanner - INFO - Fetched price for GOOG: $167.14
2025-03-27 08:22:03,565 - src.modules.market_context - INFO - Fetching data for GOOG
2025-03-27 08:22:03,802 - src.modules.key_levels - INFO - Fetching options data for GOOG
2025-03-27 08:22:04,168 - src.utils.data_cache - ERROR - Error writing cache options_chain_GOOG_nearest: Object of type Timestamp is not JSON serializable
2025-03-27 08:22:04,170 - src.modules.scanner - INFO - Filtered out GOOG setup: confidence=57.1%, trend=weak_bearish
2025-03-27 08:22:04,170 - src.modules.scanner - INFO - Processing NXPI... (61/101)
2025-03-27 08:22:04,231 - src.modules.scanner - INFO - Fetched price for NXPI: $205.75
2025-03-27 08:22:04,232 - src.modules.market_context - INFO - Fetching data for NXPI
2025-03-27 08:22:04,470 - src.modules.key_levels - INFO - Fetching options data for NXPI
2025-03-27 08:22:04,827 - src.utils.data_cache - ERROR - Error writing cache options_chain_NXPI_nearest: Object of type Timestamp is not JSON serializable
2025-03-27 08:22:04,828 - src.modules.scanner - INFO - Filtered out NXPI setup: confidence=56.2%, trend=weak_neutral
2025-03-27 08:22:04,829 - src.modules.scanner - INFO - Processing MAR... (62/101)
2025-03-27 08:22:04,911 - src.modules.scanner - INFO - Fetched price for MAR: $246.72
2025-03-27 08:22:04,912 - src.modules.market_context - INFO - Fetching data for MAR
2025-03-27 08:22:05,176 - src.modules.key_levels - INFO - Fetching options data for MAR
2025-03-27 08:22:05,577 - src.utils.data_cache - ERROR - Error writing cache options_chain_MAR_nearest: Object of type Timestamp is not JSON serializable
2025-03-27 08:22:05,578 - src.modules.scanner - INFO - Filtered out MAR setup: confidence=57.1%, trend=weak_bearish
2025-03-27 08:22:05,579 - src.modules.scanner - INFO - Processing CHTR... (63/101)
2025-03-27 08:22:05,629 - src.modules.scanner - INFO - Fetched price for CHTR: $384.77
2025-03-27 08:22:05,629 - src.modules.market_context - INFO - Fetching data for CHTR
2025-03-27 08:22:05,844 - src.modules.key_levels - INFO - Fetching options data for CHTR
2025-03-27 08:22:06,184 - src.utils.data_cache - ERROR - Error writing cache options_chain_CHTR_nearest: Object of type Timestamp is not JSON serializable
2025-03-27 08:22:06,185 - src.modules.scanner - INFO - Filtered out CHTR setup: confidence=57.1%, trend=weak_bullish
2025-03-27 08:22:06,185 - src.modules.scanner - INFO - Processing TSLA... (64/101)
2025-03-27 08:22:06,239 - src.modules.scanner - INFO - Fetched price for TSLA: $272.06
2025-03-27 08:22:06,240 - src.modules.market_context - INFO - Fetching data for TSLA
2025-03-27 08:22:06,544 - src.modules.key_levels - INFO - Fetching options data for TSLA
2025-03-27 08:22:06,901 - src.utils.data_cache - ERROR - Error reading cache options_chain_TSLA_nearest: Expecting value: line 1 column 197 (char 196)
2025-03-27 08:22:07,002 - src.utils.data_cache - ERROR - Error writing cache options_chain_TSLA_nearest: Object of type Timestamp is not JSON serializable
2025-03-27 08:22:07,004 - src.modules.scanner - INFO - Filtered out TSLA setup: confidence=56.2%, trend=weak_neutral
2025-03-27 08:22:07,004 - src.modules.scanner - INFO - Processing EA... (65/101)
2025-03-27 08:22:07,064 - src.modules.scanner - INFO - Fetched price for EA: $145.19
2025-03-27 08:22:07,065 - src.modules.market_context - INFO - Fetching data for EA
2025-03-27 08:22:07,282 - src.modules.key_levels - INFO - Fetching options data for EA
2025-03-27 08:22:07,627 - src.utils.data_cache - ERROR - Error writing cache options_chain_EA_nearest: Object of type Timestamp is not JSON serializable
2025-03-27 08:22:07,629 - src.modules.scanner - INFO - Filtered out EA setup: confidence=57.1%, trend=weak_bullish
2025-03-27 08:22:07,629 - src.modules.scanner - INFO - Processing MRVL... (66/101)
2025-03-27 08:22:07,692 - src.modules.scanner - INFO - Fetched price for MRVL: $66.76
2025-03-27 08:22:07,693 - src.modules.market_context - INFO - Fetching data for MRVL
2025-03-27 08:22:07,973 - src.modules.key_levels - INFO - Fetching options data for MRVL
2025-03-27 08:22:08,381 - src.utils.data_cache - ERROR - Error writing cache options_chain_MRVL_nearest: Object of type Timestamp is not JSON serializable
2025-03-27 08:22:08,382 - src.modules.scanner - INFO - Filtered out MRVL setup: confidence=56.2%, trend=weak_neutral
2025-03-27 08:22:08,383 - src.modules.scanner - INFO - Processing REGN... (67/101)
2025-03-27 08:22:08,435 - src.modules.scanner - INFO - Fetched price for REGN: $640.14
2025-03-27 08:22:08,436 - src.modules.market_context - INFO - Fetching data for REGN
2025-03-27 08:22:08,676 - src.modules.key_levels - INFO - Fetching options data for REGN
2025-03-27 08:22:09,045 - src.utils.data_cache - ERROR - Error writing cache options_chain_REGN_nearest: Object of type Timestamp is not JSON serializable
2025-03-27 08:22:09,046 - src.modules.scanner - INFO - Filtered out REGN setup: confidence=57.1%, trend=weak_bearish
2025-03-27 08:22:09,047 - src.modules.scanner - INFO - Processing VRSK... (68/101)
2025-03-27 08:22:09,130 - src.modules.scanner - INFO - Fetched price for VRSK: $292.03
2025-03-27 08:22:09,131 - src.modules.market_context - INFO - Fetching data for VRSK
2025-03-27 08:22:09,342 - src.modules.key_levels - INFO - Fetching options data for VRSK
2025-03-27 08:22:09,712 - src.utils.data_cache - ERROR - Error writing cache options_chain_VRSK_nearest: Object of type Timestamp is not JSON serializable
2025-03-27 08:22:09,713 - src.modules.scanner - INFO - Added VRSK to results
2025-03-27 08:22:09,714 - src.modules.scanner - INFO - Processing META... (69/101)
2025-03-27 08:22:09,779 - src.modules.scanner - INFO - Fetched price for META: $610.98
2025-03-27 08:22:09,780 - src.modules.market_context - INFO - Fetching data for META
2025-03-27 08:22:10,243 - src.modules.key_levels - INFO - Fetching options data for META
2025-03-27 08:22:10,851 - src.utils.data_cache - ERROR - Error writing cache options_chain_META_nearest: Object of type Timestamp is not JSON serializable
2025-03-27 08:22:10,854 - src.modules.scanner - INFO - Filtered out META setup: confidence=57.1%, trend=weak_bullish
2025-03-27 08:22:10,854 - src.modules.scanner - INFO - Processing ADI... (70/101)
2025-03-27 08:22:10,932 - src.modules.scanner - INFO - Fetched price for ADI: $210.53
2025-03-27 08:22:10,933 - src.modules.market_context - INFO - Fetching data for ADI
2025-03-27 08:22:11,183 - src.modules.key_levels - INFO - Fetching options data for ADI
2025-03-27 08:22:11,561 - src.utils.data_cache - ERROR - Error writing cache options_chain_ADI_nearest: Object of type Timestamp is not JSON serializable
2025-03-27 08:22:11,562 - src.modules.scanner - INFO - Filtered out ADI setup: confidence=68.8%, trend=neutral
2025-03-27 08:22:11,563 - src.modules.scanner - INFO - Processing MDLZ... (71/101)
2025-03-27 08:22:11,653 - src.modules.scanner - INFO - Fetched price for MDLZ: $66.33
2025-03-27 08:22:11,654 - src.modules.market_context - INFO - Fetching data for MDLZ
2025-03-27 08:22:11,888 - src.modules.key_levels - INFO - Fetching options data for MDLZ
2025-03-27 08:22:12,260 - src.utils.data_cache - ERROR - Error writing cache options_chain_MDLZ_nearest: Object of type Timestamp is not JSON serializable
2025-03-27 08:22:12,261 - src.modules.scanner - INFO - Added MDLZ to results
2025-03-27 08:22:12,261 - src.modules.scanner - INFO - Processing TXN... (72/101)
2025-03-27 08:22:12,393 - src.modules.scanner - INFO - Fetched price for TXN: $184.49
2025-03-27 08:22:12,394 - src.modules.market_context - INFO - Fetching data for TXN
2025-03-27 08:22:12,683 - src.modules.key_levels - INFO - Fetching options data for TXN
2025-03-27 08:22:13,097 - src.utils.data_cache - ERROR - Error writing cache options_chain_TXN_nearest: Object of type Timestamp is not JSON serializable
2025-03-27 08:22:13,099 - src.modules.scanner - INFO - Added TXN to results
2025-03-27 08:22:13,100 - src.modules.scanner - INFO - Processing AVGO... (73/101)
2025-03-27 08:22:13,179 - src.modules.scanner - INFO - Fetched price for AVGO: $179.27
2025-03-27 08:22:13,180 - src.modules.market_context - INFO - Fetching data for AVGO
2025-03-27 08:22:13,464 - src.modules.key_levels - INFO - Fetching options data for AVGO
2025-03-27 08:22:13,883 - src.utils.data_cache - ERROR - Error writing cache options_chain_AVGO_nearest: Object of type Timestamp is not JSON serializable
2025-03-27 08:22:13,884 - src.modules.scanner - INFO - Added AVGO to results
2025-03-27 08:22:13,884 - src.modules.scanner - INFO - Processing BKNG... (74/101)
2025-03-27 08:22:13,949 - src.modules.scanner - INFO - Fetched price for BKNG: $4764.16
2025-03-27 08:22:13,950 - src.modules.market_context - INFO - Fetching data for BKNG
2025-03-27 08:22:14,302 - src.modules.key_levels - INFO - Fetching options data for BKNG
2025-03-27 08:22:14,767 - src.utils.data_cache - ERROR - Error writing cache options_chain_BKNG_nearest: Object of type Timestamp is not JSON serializable
2025-03-27 08:22:14,769 - src.modules.scanner - INFO - Filtered out BKNG setup: confidence=50.0%, trend=weak_bearish
2025-03-27 08:22:14,770 - src.modules.scanner - INFO - Processing ADP... (75/101)
2025-03-27 08:22:14,862 - src.modules.scanner - INFO - Fetched price for ADP: $302.41
2025-03-27 08:22:14,863 - src.modules.market_context - INFO - Fetching data for ADP
2025-03-27 08:22:15,133 - src.modules.key_levels - INFO - Fetching options data for ADP
2025-03-27 08:22:15,538 - src.utils.data_cache - ERROR - Error writing cache options_chain_ADP_nearest: Object of type Timestamp is not JSON serializable
2025-03-27 08:22:15,540 - src.modules.scanner - INFO - Filtered out ADP setup: confidence=57.1%, trend=weak_bullish
2025-03-27 08:22:15,540 - src.modules.scanner - INFO - Processing ORLY... (76/101)
2025-03-27 08:22:15,594 - src.modules.scanner - INFO - Fetched price for ORLY: $1380.98
2025-03-27 08:22:15,595 - src.modules.market_context - INFO - Fetching data for ORLY
2025-03-27 08:22:15,819 - src.modules.key_levels - INFO - Fetching options data for ORLY
2025-03-27 08:22:16,222 - src.utils.data_cache - ERROR - Error writing cache options_chain_ORLY_nearest: Object of type Timestamp is not JSON serializable
2025-03-27 08:22:16,223 - src.modules.scanner - INFO - Filtered out ORLY setup: confidence=71.4%, trend=bullish
2025-03-27 08:22:16,224 - src.modules.scanner - INFO - Processing ROST... (77/101)
2025-03-27 08:22:16,341 - src.modules.scanner - INFO - Fetched price for ROST: $127.70
2025-03-27 08:22:16,342 - src.modules.market_context - INFO - Fetching data for ROST
2025-03-27 08:22:16,612 - src.modules.key_levels - INFO - Fetching options data for ROST
2025-03-27 08:22:16,987 - src.utils.data_cache - ERROR - Error writing cache options_chain_ROST_nearest: Object of type Timestamp is not JSON serializable
2025-03-27 08:22:16,988 - src.modules.scanner - INFO - Filtered out ROST setup: confidence=71.4%, trend=bearish
2025-03-27 08:22:16,989 - src.modules.scanner - INFO - Processing MNST... (78/101)
2025-03-27 08:22:17,045 - src.modules.scanner - INFO - Fetched price for MNST: $57.76
2025-03-27 08:22:17,046 - src.modules.market_context - INFO - Fetching data for MNST
2025-03-27 08:22:17,256 - src.modules.key_levels - INFO - Fetching options data for MNST
2025-03-27 08:22:17,597 - src.utils.data_cache - ERROR - Error writing cache options_chain_MNST_nearest: Object of type Timestamp is not JSON serializable
2025-03-27 08:22:17,599 - src.modules.scanner - INFO - Added MNST to results
2025-03-27 08:22:17,599 - src.modules.scanner - INFO - Processing VRTX... (79/101)
2025-03-27 08:22:17,650 - src.modules.scanner - INFO - Fetched price for VRTX: $500.28
2025-03-27 08:22:17,651 - src.modules.market_context - INFO - Fetching data for VRTX
2025-03-27 08:22:17,898 - src.modules.key_levels - INFO - Fetching options data for VRTX
2025-03-27 08:22:18,252 - src.utils.data_cache - ERROR - Error writing cache options_chain_VRTX_nearest: Object of type Timestamp is not JSON serializable
2025-03-27 08:22:18,253 - src.modules.scanner - INFO - Added VRTX to results
2025-03-27 08:22:18,253 - src.modules.scanner - INFO - Processing ISRG... (80/101)
2025-03-27 08:22:18,306 - src.modules.scanner - INFO - Fetched price for ISRG: $509.03
2025-03-27 08:22:18,307 - src.modules.market_context - INFO - Fetching data for ISRG
2025-03-27 08:22:18,552 - src.modules.key_levels - INFO - Fetching options data for ISRG
2025-03-27 08:22:18,920 - src.utils.data_cache - ERROR - Error writing cache options_chain_ISRG_nearest: Object of type Timestamp is not JSON serializable
2025-03-27 08:22:18,921 - src.modules.scanner - INFO - Filtered out ISRG setup: confidence=57.1%, trend=weak_bearish
2025-03-27 08:22:18,921 - src.modules.scanner - INFO - Processing CDNS... (81/101)
2025-03-27 08:22:18,977 - src.modules.scanner - INFO - Fetched price for CDNS: $263.41
2025-03-27 08:22:18,978 - src.modules.market_context - INFO - Fetching data for CDNS
2025-03-27 08:22:19,197 - src.modules.key_levels - INFO - Fetching options data for CDNS
2025-03-27 08:22:19,571 - src.utils.data_cache - ERROR - Error writing cache options_chain_CDNS_nearest: Object of type Timestamp is not JSON serializable
2025-03-27 08:22:19,573 - src.modules.scanner - INFO - Added CDNS to results
2025-03-27 08:22:19,573 - src.modules.scanner - INFO - Processing GOOGL... (82/101)
2025-03-27 08:22:19,626 - src.modules.scanner - INFO - Fetched price for GOOGL: $165.06
2025-03-27 08:22:19,627 - src.modules.market_context - INFO - Fetching data for GOOGL
2025-03-27 08:22:19,934 - src.modules.key_levels - INFO - Fetching options data for GOOGL
2025-03-27 08:22:20,337 - src.utils.data_cache - ERROR - Error writing cache options_chain_GOOGL_nearest: Object of type Timestamp is not JSON serializable
2025-03-27 08:22:20,338 - src.modules.scanner - INFO - Filtered out GOOGL setup: confidence=57.1%, trend=weak_bearish
2025-03-27 08:22:20,339 - src.modules.scanner - INFO - Processing CTSH... (83/101)
2025-03-27 08:22:20,400 - src.modules.scanner - INFO - Fetched price for CTSH: $77.85
2025-03-27 08:22:20,400 - src.modules.market_context - INFO - Fetching data for CTSH
2025-03-27 08:22:20,611 - src.modules.key_levels - INFO - Fetching options data for CTSH
2025-03-27 08:22:20,965 - src.utils.data_cache - ERROR - Error writing cache options_chain_CTSH_nearest: Object of type Timestamp is not JSON serializable
2025-03-27 08:22:20,966 - src.modules.scanner - INFO - Filtered out CTSH setup: confidence=64.3%, trend=bearish
2025-03-27 08:22:20,966 - src.modules.scanner - INFO - Processing ADSK... (84/101)
2025-03-27 08:22:21,041 - src.modules.scanner - INFO - Fetched price for ADSK: $271.21
2025-03-27 08:22:21,041 - src.modules.market_context - INFO - Fetching data for ADSK
2025-03-27 08:22:21,279 - src.modules.key_levels - INFO - Fetching options data for ADSK
2025-03-27 08:22:21,644 - src.utils.data_cache - ERROR - Error writing cache options_chain_ADSK_nearest: Object of type Timestamp is not JSON serializable
2025-03-27 08:22:21,645 - src.modules.scanner - INFO - Filtered out ADSK setup: confidence=57.1%, trend=weak_bearish
2025-03-27 08:22:21,646 - src.modules.scanner - INFO - Processing AMGN... (85/101)
2025-03-27 08:22:21,716 - src.modules.scanner - INFO - Fetched price for AMGN: $305.71
2025-03-27 08:22:21,717 - src.modules.market_context - INFO - Fetching data for AMGN
2025-03-27 08:22:21,949 - src.modules.key_levels - INFO - Fetching options data for AMGN
2025-03-27 08:22:22,306 - src.utils.data_cache - ERROR - Error writing cache options_chain_AMGN_nearest: Object of type Timestamp is not JSON serializable
2025-03-27 08:22:22,307 - src.modules.scanner - INFO - Added AMGN to results
2025-03-27 08:22:22,308 - src.modules.scanner - INFO - Processing LRCX... (86/101)
2025-03-27 08:22:22,370 - src.modules.scanner - INFO - Fetched price for LRCX: $76.14
2025-03-27 08:22:22,370 - src.modules.market_context - INFO - Fetching data for LRCX
2025-03-27 08:22:22,609 - src.modules.key_levels - INFO - Fetching options data for LRCX
2025-03-27 08:22:22,988 - src.utils.data_cache - ERROR - Error writing cache options_chain_LRCX_nearest: Object of type Timestamp is not JSON serializable
2025-03-27 08:22:22,990 - src.modules.scanner - INFO - Added LRCX to results
2025-03-27 08:22:22,990 - src.modules.scanner - INFO - Processing CMCSA... (87/101)
2025-03-27 08:22:23,089 - src.modules.scanner - INFO - Fetched price for CMCSA: $37.37
2025-03-27 08:22:23,090 - src.modules.market_context - INFO - Fetching data for CMCSA
2025-03-27 08:22:23,356 - src.modules.key_levels - INFO - Fetching options data for CMCSA
2025-03-27 08:22:23,739 - src.utils.data_cache - ERROR - Error writing cache options_chain_CMCSA_nearest: Object of type Timestamp is not JSON serializable
2025-03-27 08:22:23,740 - src.modules.scanner - INFO - Added CMCSA to results
2025-03-27 08:22:23,741 - src.modules.scanner - INFO - Processing GILD... (88/101)
2025-03-27 08:22:23,806 - src.modules.scanner - INFO - Fetched price for GILD: $109.27
2025-03-27 08:22:23,807 - src.modules.market_context - INFO - Fetching data for GILD
2025-03-27 08:22:24,113 - src.modules.key_levels - INFO - Fetching options data for GILD
2025-03-27 08:22:24,484 - src.utils.data_cache - ERROR - Error writing cache options_chain_GILD_nearest: Object of type Timestamp is not JSON serializable
2025-03-27 08:22:24,485 - src.modules.scanner - INFO - Filtered out GILD setup: confidence=57.1%, trend=weak_bearish
2025-03-27 08:22:24,485 - src.modules.scanner - INFO - Processing NVDA... (89/101)
2025-03-27 08:22:24,550 - src.modules.scanner - INFO - Fetched price for NVDA: $113.76
2025-03-27 08:22:24,550 - src.modules.market_context - INFO - Fetching data for NVDA
2025-03-27 08:22:24,840 - src.modules.key_levels - INFO - Fetching options data for NVDA
2025-03-27 08:22:25,283 - src.utils.data_cache - ERROR - Error writing cache options_chain_NVDA_nearest: Object of type Timestamp is not JSON serializable
2025-03-27 08:22:25,285 - src.modules.scanner - INFO - Filtered out NVDA setup: confidence=56.2%, trend=weak_neutral
2025-03-27 08:22:25,286 - src.modules.scanner - INFO - Processing AMZN... (90/101)
2025-03-27 08:22:25,336 - src.modules.scanner - INFO - Fetched price for AMZN: $201.13
2025-03-27 08:22:25,337 - src.modules.market_context - INFO - Fetching data for AMZN
2025-03-27 08:22:25,579 - src.modules.key_levels - INFO - Fetching options data for AMZN
2025-03-27 08:22:25,957 - src.utils.data_cache - ERROR - Error writing cache options_chain_AMZN_nearest: Object of type Timestamp is not JSON serializable
2025-03-27 08:22:25,958 - src.modules.scanner - INFO - Filtered out AMZN setup: confidence=57.1%, trend=weak_bullish
2025-03-27 08:22:25,959 - src.modules.scanner - INFO - Processing MCHP... (91/101)
2025-03-27 08:22:26,036 - src.modules.scanner - INFO - Fetched price for MCHP: $52.17
2025-03-27 08:22:26,037 - src.modules.market_context - INFO - Fetching data for MCHP
2025-03-27 08:22:26,301 - src.modules.key_levels - INFO - Fetching options data for MCHP
2025-03-27 08:22:26,686 - src.utils.data_cache - ERROR - Error writing cache options_chain_MCHP_nearest: Object of type Timestamp is not JSON serializable
2025-03-27 08:22:26,687 - src.modules.scanner - INFO - Filtered out MCHP setup: confidence=85.7%, trend=bearish
2025-03-27 08:22:26,688 - src.modules.scanner - INFO - Processing SBUX... (92/101)
2025-03-27 08:22:26,754 - src.modules.scanner - INFO - Fetched price for SBUX: $97.97
2025-03-27 08:22:26,755 - src.modules.market_context - INFO - Fetching data for SBUX
2025-03-27 08:22:27,002 - src.modules.key_levels - INFO - Fetching options data for SBUX
2025-03-27 08:22:27,410 - src.utils.data_cache - ERROR - Error writing cache options_chain_SBUX_nearest: Object of type Timestamp is not JSON serializable
2025-03-27 08:22:27,411 - src.modules.scanner - INFO - Filtered out SBUX setup: confidence=57.1%, trend=weak_bearish
2025-03-27 08:22:27,412 - src.modules.scanner - INFO - Processing MU... (93/101)
2025-03-27 08:22:27,532 - src.modules.scanner - INFO - Fetched price for MU: $92.13
2025-03-27 08:22:27,533 - src.modules.market_context - INFO - Fetching data for MU
2025-03-27 08:22:27,856 - src.modules.key_levels - INFO - Fetching options data for MU
2025-03-27 08:22:28,270 - src.utils.data_cache - ERROR - Error writing cache options_chain_MU_nearest: Object of type Timestamp is not JSON serializable
2025-03-27 08:22:28,272 - src.modules.scanner - INFO - Added MU to results
2025-03-27 08:22:28,273 - src.modules.scanner - INFO - Processing INTU... (94/101)
2025-03-27 08:22:28,337 - src.modules.scanner - INFO - Fetched price for INTU: $614.86
2025-03-27 08:22:28,337 - src.modules.market_context - INFO - Fetching data for INTU
2025-03-27 08:22:28,597 - src.modules.key_levels - INFO - Fetching options data for INTU
2025-03-27 08:22:29,070 - src.utils.data_cache - ERROR - Error writing cache options_chain_INTU_nearest: Object of type Timestamp is not JSON serializable
2025-03-27 08:22:29,071 - src.modules.scanner - INFO - Added INTU to results
2025-03-27 08:22:29,072 - src.modules.scanner - INFO - Processing BIIB... (95/101)
2025-03-27 08:22:29,125 - src.modules.scanner - INFO - Fetched price for BIIB: $142.43
2025-03-27 08:22:29,126 - src.modules.market_context - INFO - Fetching data for BIIB
2025-03-27 08:22:29,336 - src.modules.key_levels - INFO - Fetching options data for BIIB
2025-03-27 08:22:29,668 - src.utils.data_cache - ERROR - Error writing cache options_chain_BIIB_nearest: Object of type Timestamp is not JSON serializable
2025-03-27 08:22:29,670 - src.modules.scanner - INFO - Added BIIB to results
2025-03-27 08:22:29,670 - src.modules.scanner - INFO - Processing AAPL... (96/101)
2025-03-27 08:22:29,753 - src.modules.scanner - INFO - Fetched price for AAPL: $221.53
2025-03-27 08:22:29,754 - src.modules.market_context - INFO - Fetching data for AAPL
2025-03-27 08:22:30,032 - src.modules.key_levels - INFO - Fetching options data for AAPL
2025-03-27 08:22:30,360 - src.utils.data_cache - ERROR - Error reading cache options_chain_AAPL_nearest: Expecting value: line 1 column 197 (char 196)
2025-03-27 08:22:30,460 - src.utils.data_cache - ERROR - Error writing cache options_chain_AAPL_nearest: Object of type Timestamp is not JSON serializable
2025-03-27 08:22:30,462 - src.modules.scanner - INFO - Filtered out AAPL setup: confidence=57.1%, trend=weak_bearish
2025-03-27 08:22:30,462 - src.modules.scanner - INFO - Processing COST... (97/101)
2025-03-27 08:22:30,548 - src.modules.scanner - INFO - Fetched price for COST: $929.75
2025-03-27 08:22:30,549 - src.modules.market_context - INFO - Fetching data for COST
2025-03-27 08:22:30,871 - src.modules.key_levels - INFO - Fetching options data for COST
2025-03-27 08:22:31,346 - src.utils.data_cache - ERROR - Error writing cache options_chain_COST_nearest: Object of type Timestamp is not JSON serializable
2025-03-27 08:22:31,347 - src.modules.scanner - INFO - Filtered out COST setup: confidence=57.1%, trend=weak_bearish
2025-03-27 08:22:31,348 - src.modules.scanner - INFO - Processing CTAS... (98/101)
2025-03-27 08:22:31,431 - src.modules.scanner - INFO - Fetched price for CTAS: $204.71
2025-03-27 08:22:31,432 - src.modules.market_context - INFO - Fetching data for CTAS
2025-03-27 08:22:31,690 - src.modules.key_levels - INFO - Fetching options data for CTAS
2025-03-27 08:22:32,070 - src.utils.data_cache - ERROR - Error writing cache options_chain_CTAS_nearest: Object of type Timestamp is not JSON serializable
2025-03-27 08:22:32,072 - src.modules.scanner - INFO - Added CTAS to results
2025-03-27 08:22:32,072 - src.modules.scanner - INFO - Processing INTC... (99/101)
2025-03-27 08:22:32,158 - src.modules.scanner - INFO - Fetched price for INTC: $23.42
2025-03-27 08:22:32,158 - src.modules.market_context - INFO - Fetching data for INTC
2025-03-27 08:22:32,444 - src.modules.key_levels - INFO - Fetching options data for INTC
2025-03-27 08:22:32,864 - src.utils.data_cache - ERROR - Error writing cache options_chain_INTC_nearest: Object of type Timestamp is not JSON serializable
2025-03-27 08:22:32,865 - src.modules.scanner - INFO - Added INTC to results
2025-03-27 08:22:32,866 - src.modules.scanner - INFO - Processing KLAC... (100/101)
2025-03-27 08:22:32,942 - src.modules.scanner - INFO - Fetched price for KLAC: $705.54
2025-03-27 08:22:32,943 - src.modules.market_context - INFO - Fetching data for KLAC
2025-03-27 08:22:33,193 - src.modules.key_levels - INFO - Fetching options data for KLAC
2025-03-27 08:22:33,529 - src.utils.data_cache - ERROR - Error reading cache options_chain_KLAC_nearest: Expecting value: line 1 column 196 (char 195)
2025-03-27 08:22:33,627 - src.utils.data_cache - ERROR - Error writing cache options_chain_KLAC_nearest: Object of type Timestamp is not JSON serializable
2025-03-27 08:22:33,628 - src.modules.scanner - INFO - Added KLAC to results
2025-03-27 08:22:33,629 - src.modules.scanner - INFO - Processing PCAR... (101/101)
2025-03-27 08:22:33,740 - src.modules.scanner - INFO - Fetched price for PCAR: $99.53
2025-03-27 08:22:33,741 - src.modules.market_context - INFO - Fetching data for PCAR
2025-03-27 08:22:33,995 - src.modules.key_levels - INFO - Fetching options data for PCAR
2025-03-27 08:22:34,368 - src.utils.data_cache - ERROR - Error reading cache options_chain_PCAR_nearest: Expecting value: line 1 column 196 (char 195)
2025-03-27 08:22:34,468 - src.utils.data_cache - ERROR - Error writing cache options_chain_PCAR_nearest: Object of type Timestamp is not JSON serializable
2025-03-27 08:22:34,469 - src.modules.scanner - INFO - Filtered out PCAR setup: confidence=85.7%, trend=bearish
2025-03-27 08:22:34,470 - src.modules.scanner - INFO - Pre-filter results count: 50
2025-03-27 08:22:34,470 - src.modules.scanner - INFO - Post-filter results count: 50
2025-03-27 08:22:34,522 - src.modules.scanner - INFO - Results saved to scanner_results\scan_results_20250327_082234.json
2025-03-27 08:22:34,523 - src.modules.scanner - INFO - Scan complete. Found 50 setups after filtering.
2025-03-27 08:22:57,008 - src.modules.scanner - INFO - Loading configuration from config.json
2025-03-27 08:22:57,010 - src.modules.scanner - INFO - Using cached NASDAQ constituents
2025-03-27 08:22:57,011 - src.modules.scanner - INFO - Loaded 101 symbols from NASDAQ Composite
2025-03-27 08:22:57,012 - src.modules.scanner - INFO - Analyzing AXON
2025-03-27 08:22:57,012 - src.modules.market_context - INFO - Fetching data for AXON
2025-03-27 08:22:57,266 - src.modules.key_levels - INFO - Fetching options data for AXON
2025-03-27 08:22:57,558 - src.utils.data_cache - ERROR - Error reading cache options_chain_AXON_nearest: Expecting value: line 1 column 196 (char 195)
2025-03-27 08:22:57,675 - src.utils.data_cache - ERROR - Error writing cache options_chain_AXON_nearest: Object of type Timestamp is not JSON serializable
2025-03-27 08:22:57,677 - src.modules.scanner - ERROR - Error analyzing AXON: TradeSetupEngine.determine_setup() missing 2 required positional arguments: 'context' and 'levels'
2025-03-27 08:22:57,677 - werkzeug - INFO - 127.0.0.1 - - [27/Mar/2025 08:22:57] "GET /api/analyze/AXON HTTP/1.1" 200 -
2025-03-27 08:26:45,942 - __main__ - INFO - Starting Options-Technical Hybrid Scanner
2025-03-27 08:26:47,245 - werkzeug - INFO - [31m[1mWARNING: This is a development server. Do not use it in a production deployment. Use a production WSGI server instead.[0m
 * Running on all addresses (0.0.0.0)
 * Running on http://127.0.0.1:8080
 * Running on http://192.168.11.2:8080
2025-03-27 08:26:47,246 - werkzeug - INFO - [33mPress CTRL+C to quit[0m
2025-03-27 08:26:47,248 - werkzeug - INFO -  * Restarting with stat
2025-03-27 08:26:48,334 - __main__ - INFO - Starting Options-Technical Hybrid Scanner
2025-03-27 08:26:48,346 - werkzeug - WARNING -  * Debugger is active!
2025-03-27 08:26:48,350 - werkzeug - INFO -  * Debugger PIN: 216-997-372
2025-03-27 08:27:19,036 - __main__ - INFO - Starting Options-Technical Hybrid Scanner
2025-03-27 08:27:20,319 - werkzeug - INFO - [31m[1mWARNING: This is a development server. Do not use it in a production deployment. Use a production WSGI server instead.[0m
 * Running on all addresses (0.0.0.0)
 * Running on http://127.0.0.1:8080
 * Running on http://192.168.11.2:8080
2025-03-27 08:27:20,319 - werkzeug - INFO - [33mPress CTRL+C to quit[0m
2025-03-27 08:27:20,321 - werkzeug - INFO -  * Restarting with stat
2025-03-27 08:27:21,477 - __main__ - INFO - Starting Options-Technical Hybrid Scanner
2025-03-27 08:27:21,490 - werkzeug - WARNING -  * Debugger is active!
2025-03-27 08:27:21,493 - werkzeug - INFO -  * Debugger PIN: 216-997-372
2025-03-27 08:27:37,126 - werkzeug - INFO - 127.0.0.1 - - [27/Mar/2025 08:27:37] "GET / HTTP/1.1" 200 -
2025-03-27 08:27:37,251 - werkzeug - INFO - 127.0.0.1 - - [27/Mar/2025 08:27:37] "[36mGET /static/css/styles.css HTTP/1.1[0m" 304 -
2025-03-27 08:27:37,291 - werkzeug - INFO - 127.0.0.1 - - [27/Mar/2025 08:27:37] "[36mGET /static/js/app.js HTTP/1.1[0m" 304 -
2025-03-27 08:27:37,375 - werkzeug - INFO - 127.0.0.1 - - [27/Mar/2025 08:27:37] "GET /api/results HTTP/1.1" 200 -
2025-03-27 08:27:45,322 - src.modules.scanner - INFO - Loading configuration from config.json
2025-03-27 08:27:45,323 - src.modules.scanner - INFO - Using cached NASDAQ constituents
2025-03-27 08:27:45,324 - src.modules.scanner - INFO - Loaded 101 symbols from NASDAQ Composite
2025-03-27 08:27:45,324 - src.modules.scanner - INFO - Analyzing BKR
2025-03-27 08:27:45,325 - src.modules.market_context - INFO - Fetching data for BKR
2025-03-27 08:27:45,780 - src.modules.key_levels - INFO - Fetching options data for BKR
2025-03-27 08:27:46,068 - src.utils.data_cache - ERROR - Error reading cache options_chain_BKR_nearest: Expecting value: line 1 column 194 (char 193)
2025-03-27 08:27:46,217 - src.utils.data_cache - ERROR - Error writing cache options_chain_BKR_nearest: Object of type Timestamp is not JSON serializable
2025-03-27 08:27:46,219 - src.modules.scanner - ERROR - Error analyzing BKR: TradeSetupEngine.determine_setup() missing 2 required positional arguments: 'context' and 'levels'
2025-03-27 08:27:46,220 - werkzeug - INFO - 127.0.0.1 - - [27/Mar/2025 08:27:46] "GET /api/analyze/BKR HTTP/1.1" 200 -
2025-03-27 08:29:08,591 - werkzeug - INFO - 127.0.0.1 - - [27/Mar/2025 08:29:08] "GET / HTTP/1.1" 200 -
2025-03-27 08:29:08,618 - werkzeug - INFO - 127.0.0.1 - - [27/Mar/2025 08:29:08] "GET /static/css/styles.css HTTP/1.1" 200 -
2025-03-27 08:29:08,844 - werkzeug - INFO - 127.0.0.1 - - [27/Mar/2025 08:29:08] "GET /static/js/app.js HTTP/1.1" 200 -
2025-03-27 08:29:09,173 - werkzeug - INFO - 127.0.0.1 - - [27/Mar/2025 08:29:09] "GET /api/results HTTP/1.1" 200 -
2025-03-27 08:29:17,513 - src.modules.scanner - INFO - Loading configuration from config.json
2025-03-27 08:29:17,515 - src.modules.scanner - INFO - Using cached NASDAQ constituents
2025-03-27 08:29:17,515 - src.modules.scanner - INFO - Loaded 101 symbols from NASDAQ Composite
2025-03-27 08:29:17,516 - src.modules.scanner - INFO - Starting scan for 101 symbols
2025-03-27 08:29:17,516 - werkzeug - INFO - 127.0.0.1 - - [27/Mar/2025 08:29:17] "GET /api/scan?filters={"trend":["bullish","bearish","neutral"],"pcr_min":0,"pcr_max":2,"rsi_min":0,"rsi_max":100,"stoch_rsi_min":0,"stoch_rsi_max":100,"min_confidence":60} HTTP/1.1" 200 -
2025-03-27 08:29:17,517 - src.modules.scanner - INFO - Processing ADBE... (1/101)
2025-03-27 08:29:17,657 - src.modules.scanner - INFO - Fetched price for ADBE: $397.81
2025-03-27 08:29:17,658 - src.modules.market_context - INFO - Fetching data for ADBE
2025-03-27 08:29:17,964 - src.modules.key_levels - INFO - Fetching options data for ADBE
2025-03-27 08:29:18,311 - src.utils.data_cache - ERROR - Error reading cache options_chain_ADBE_nearest: Expecting value: line 1 column 197 (char 196)
2025-03-27 08:29:18,410 - src.utils.data_cache - ERROR - Error writing cache options_chain_ADBE_nearest: Object of type Timestamp is not JSON serializable
2025-03-27 08:29:18,412 - src.modules.scanner - INFO - Added ADBE to results
2025-03-27 08:29:18,412 - src.modules.scanner - INFO - Processing AMAT... (2/101)
2025-03-27 08:29:18,491 - src.modules.scanner - INFO - Fetched price for AMAT: $150.68
2025-03-27 08:29:18,492 - src.modules.market_context - INFO - Fetching data for AMAT
2025-03-27 08:29:18,754 - src.modules.key_levels - INFO - Fetching options data for AMAT
2025-03-27 08:29:19,039 - src.utils.data_cache - ERROR - Error reading cache options_chain_AMAT_nearest: Expecting value: line 1 column 197 (char 196)
2025-03-27 08:29:19,137 - src.utils.data_cache - ERROR - Error writing cache options_chain_AMAT_nearest: Object of type Timestamp is not JSON serializable
2025-03-27 08:29:19,138 - src.modules.scanner - INFO - Added AMAT to results
2025-03-27 08:29:19,139 - src.modules.scanner - INFO - Processing CSCO... (3/101)
2025-03-27 08:29:19,207 - src.modules.scanner - INFO - Fetched price for CSCO: $61.80
2025-03-27 08:29:19,208 - src.modules.market_context - INFO - Fetching data for CSCO
2025-03-27 08:29:19,434 - src.modules.key_levels - INFO - Fetching options data for CSCO
2025-03-27 08:29:19,692 - src.utils.data_cache - ERROR - Error reading cache options_chain_CSCO_nearest: Expecting value: line 1 column 196 (char 195)
2025-03-27 08:29:19,789 - src.utils.data_cache - ERROR - Error writing cache options_chain_CSCO_nearest: Object of type Timestamp is not JSON serializable
2025-03-27 08:29:19,791 - src.modules.scanner - INFO - Added CSCO to results
2025-03-27 08:29:19,791 - src.modules.scanner - INFO - Processing FAST... (4/101)
2025-03-27 08:29:19,874 - src.modules.scanner - INFO - Fetched price for FAST: $77.09
2025-03-27 08:29:19,875 - src.modules.market_context - INFO - Fetching data for FAST
2025-03-27 08:29:20,092 - src.modules.key_levels - INFO - Fetching options data for FAST
2025-03-27 08:29:20,378 - src.utils.data_cache - ERROR - Error reading cache options_chain_FAST_nearest: Expecting value: line 1 column 196 (char 195)
2025-03-27 08:29:20,477 - src.utils.data_cache - ERROR - Error writing cache options_chain_FAST_nearest: Object of type Timestamp is not JSON serializable
2025-03-27 08:29:20,478 - src.modules.scanner - INFO - Added FAST to results
2025-03-27 08:29:20,478 - src.modules.scanner - INFO - Processing MSFT... (5/101)
2025-03-27 08:29:20,563 - src.modules.scanner - INFO - Fetched price for MSFT: $389.97
2025-03-27 08:29:20,564 - src.modules.market_context - INFO - Fetching data for MSFT
2025-03-27 08:29:20,866 - src.modules.key_levels - INFO - Fetching options data for MSFT
2025-03-27 08:29:21,198 - src.utils.data_cache - ERROR - Error reading cache options_chain_MSFT_nearest: Expecting value: line 1 column 196 (char 195)
2025-03-27 08:29:21,297 - src.utils.data_cache - ERROR - Error writing cache options_chain_MSFT_nearest: Object of type Timestamp is not JSON serializable
2025-03-27 08:29:21,299 - src.modules.scanner - INFO - Added MSFT to results
2025-03-27 08:29:21,299 - src.modules.scanner - INFO - Processing PAYX... (6/101)
2025-03-27 08:29:21,407 - src.modules.scanner - INFO - Fetched price for PAYX: $150.19
2025-03-27 08:29:21,408 - src.modules.market_context - INFO - Fetching data for PAYX
2025-03-27 08:29:21,660 - src.modules.key_levels - INFO - Fetching options data for PAYX
2025-03-27 08:29:21,940 - src.utils.data_cache - ERROR - Error reading cache options_chain_PAYX_nearest: Expecting value: line 1 column 197 (char 196)
2025-03-27 08:29:22,040 - src.utils.data_cache - ERROR - Error writing cache options_chain_PAYX_nearest: Object of type Timestamp is not JSON serializable
2025-03-27 08:29:22,041 - src.modules.scanner - INFO - Filtered out PAYX setup: confidence=75.0%, trend=neutral
2025-03-27 08:29:22,042 - src.modules.scanner - INFO - Processing QCOM... (7/101)
2025-03-27 08:29:22,126 - src.modules.scanner - INFO - Fetched price for QCOM: $158.39
2025-03-27 08:29:22,127 - src.modules.market_context - INFO - Fetching data for QCOM
2025-03-27 08:29:22,422 - src.modules.key_levels - INFO - Fetching options data for QCOM
2025-03-27 08:29:22,717 - src.utils.data_cache - ERROR - Error reading cache options_chain_QCOM_nearest: Expecting value: line 1 column 197 (char 196)
2025-03-27 08:29:22,814 - src.utils.data_cache - ERROR - Error writing cache options_chain_QCOM_nearest: Object of type Timestamp is not JSON serializable
2025-03-27 08:29:22,815 - src.modules.scanner - INFO - Filtered out QCOM setup: confidence=57.1%, trend=weak_bullish
2025-03-27 08:29:22,815 - src.modules.scanner - INFO - Processing AXON... (8/101)
2025-03-27 08:29:22,865 - src.modules.scanner - INFO - Fetched price for AXON: $559.06
2025-03-27 08:29:22,866 - src.modules.market_context - INFO - Fetching data for AXON
2025-03-27 08:29:23,127 - src.modules.key_levels - INFO - Fetching options data for AXON
2025-03-27 08:29:23,398 - src.utils.data_cache - ERROR - Error reading cache options_chain_AXON_nearest: Expecting value: line 1 column 196 (char 195)
2025-03-27 08:29:23,498 - src.utils.data_cache - ERROR - Error writing cache options_chain_AXON_nearest: Object of type Timestamp is not JSON serializable
2025-03-27 08:29:23,499 - src.modules.scanner - INFO - Added AXON to results
2025-03-27 08:29:23,500 - src.modules.scanner - INFO - Processing MSTR... (9/101)
2025-03-27 08:29:23,555 - src.modules.scanner - INFO - Fetched price for MSTR: $329.31
2025-03-27 08:29:23,556 - src.modules.market_context - INFO - Fetching data for MSTR
2025-03-27 08:29:23,912 - src.modules.key_levels - INFO - Fetching options data for MSTR
2025-03-27 08:29:24,280 - src.utils.data_cache - ERROR - Error reading cache options_chain_MSTR_nearest: Expecting value: line 1 column 197 (char 196)
2025-03-27 08:29:24,381 - src.utils.data_cache - ERROR - Error writing cache options_chain_MSTR_nearest: Object of type Timestamp is not JSON serializable
2025-03-27 08:29:24,383 - src.modules.scanner - INFO - Added MSTR to results
2025-03-27 08:29:24,384 - src.modules.scanner - INFO - Processing PLTR... (10/101)
2025-03-27 08:29:24,438 - src.modules.scanner - INFO - Fetched price for PLTR: $92.28
2025-03-27 08:29:24,439 - src.modules.market_context - INFO - Fetching data for PLTR
2025-03-27 08:29:24,732 - src.modules.key_levels - INFO - Fetching options data for PLTR
2025-03-27 08:29:25,046 - src.utils.data_cache - ERROR - Error reading cache options_chain_PLTR_nearest: Expecting value: line 1 column 196 (char 195)
2025-03-27 08:29:25,143 - src.utils.data_cache - ERROR - Error writing cache options_chain_PLTR_nearest: Object of type Timestamp is not JSON serializable
2025-03-27 08:29:25,145 - src.modules.scanner - INFO - Added PLTR to results
2025-03-27 08:29:25,145 - src.modules.scanner - INFO - Processing APP... (11/101)
2025-03-27 08:29:25,196 - src.modules.scanner - INFO - Fetched price for APP: $327.62
2025-03-27 08:29:25,196 - src.modules.market_context - INFO - Fetching data for APP
2025-03-27 08:29:25,499 - src.modules.key_levels - INFO - Fetching options data for APP
2025-03-27 08:29:25,851 - src.utils.data_cache - ERROR - Error reading cache options_chain_APP_nearest: Expecting value: line 1 column 194 (char 193)
2025-03-27 08:29:25,951 - src.utils.data_cache - ERROR - Error writing cache options_chain_APP_nearest: Object of type Timestamp is not JSON serializable
2025-03-27 08:29:25,954 - src.modules.scanner - INFO - Added APP to results
2025-03-27 08:29:25,954 - src.modules.scanner - INFO - Processing ARM... (12/101)
2025-03-27 08:29:26,006 - src.modules.scanner - INFO - Fetched price for ARM: $114.93
2025-03-27 08:29:26,008 - src.modules.market_context - INFO - Fetching data for ARM
2025-03-27 08:29:26,280 - src.modules.key_levels - INFO - Fetching options data for ARM
2025-03-27 08:29:26,587 - src.utils.data_cache - ERROR - Error reading cache options_chain_ARM_nearest: Expecting value: line 1 column 195 (char 194)
2025-03-27 08:29:26,684 - src.utils.data_cache - ERROR - Error writing cache options_chain_ARM_nearest: Object of type Timestamp is not JSON serializable
2025-03-27 08:29:26,686 - src.modules.scanner - INFO - Filtered out ARM setup: confidence=57.1%, trend=weak_bearish
2025-03-27 08:29:26,686 - src.modules.scanner - INFO - Processing LIN... (13/101)
2025-03-27 08:29:26,819 - src.modules.scanner - INFO - Fetched price for LIN: $461.43
2025-03-27 08:29:26,820 - src.modules.market_context - INFO - Fetching data for LIN
2025-03-27 08:29:27,096 - src.modules.key_levels - INFO - Fetching options data for LIN
2025-03-27 08:29:27,398 - src.utils.data_cache - ERROR - Error reading cache options_chain_LIN_nearest: Expecting value: line 1 column 195 (char 194)
2025-03-27 08:29:27,497 - src.utils.data_cache - ERROR - Error writing cache options_chain_LIN_nearest: Object of type Timestamp is not JSON serializable
2025-03-27 08:29:27,498 - src.modules.scanner - INFO - Added LIN to results
2025-03-27 08:29:27,499 - src.modules.scanner - INFO - Processing CCEP... (14/101)
2025-03-27 08:29:27,593 - src.modules.scanner - INFO - Fetched price for CCEP: $85.37
2025-03-27 08:29:27,594 - src.modules.market_context - INFO - Fetching data for CCEP
2025-03-27 08:29:27,826 - src.modules.key_levels - INFO - Fetching options data for CCEP
2025-03-27 08:29:28,114 - src.utils.data_cache - ERROR - Error reading cache options_chain_CCEP_nearest: Expecting value: line 1 column 196 (char 195)
2025-03-27 08:29:28,212 - src.utils.data_cache - ERROR - Error writing cache options_chain_CCEP_nearest: Object of type Timestamp is not JSON serializable
2025-03-27 08:29:28,213 - src.modules.scanner - INFO - Filtered out CCEP setup: confidence=71.4%, trend=bullish
2025-03-27 08:29:28,213 - src.modules.scanner - INFO - Processing DASH... (15/101)
2025-03-27 08:29:28,265 - src.modules.scanner - INFO - Fetched price for DASH: $192.87
2025-03-27 08:29:28,266 - src.modules.market_context - INFO - Fetching data for DASH
2025-03-27 08:29:28,488 - src.modules.key_levels - INFO - Fetching options data for DASH
2025-03-27 08:29:28,748 - src.utils.data_cache - ERROR - Error reading cache options_chain_DASH_nearest: Expecting value: line 1 column 196 (char 195)
2025-03-27 08:29:28,845 - src.utils.data_cache - ERROR - Error writing cache options_chain_DASH_nearest: Object of type Timestamp is not JSON serializable
2025-03-27 08:29:28,846 - src.modules.scanner - INFO - Added DASH to results
2025-03-27 08:29:28,847 - src.modules.scanner - INFO - Processing MDB... (16/101)
2025-03-27 08:29:28,899 - src.modules.scanner - INFO - Fetched price for MDB: $193.66
2025-03-27 08:29:28,900 - src.modules.market_context - INFO - Fetching data for MDB
2025-03-27 08:29:29,138 - src.modules.key_levels - INFO - Fetching options data for MDB
2025-03-27 08:29:29,457 - src.utils.data_cache - ERROR - Error reading cache options_chain_MDB_nearest: Expecting value: line 1 column 195 (char 194)
2025-03-27 08:29:29,560 - src.utils.data_cache - ERROR - Error writing cache options_chain_MDB_nearest: Object of type Timestamp is not JSON serializable
2025-03-27 08:29:29,562 - src.modules.scanner - INFO - Filtered out MDB setup: confidence=50.0%, trend=weak_bullish
2025-03-27 08:29:29,562 - src.modules.scanner - INFO - Processing ROP... (17/101)
2025-03-27 08:29:29,650 - src.modules.scanner - INFO - Fetched price for ROP: $582.71
2025-03-27 08:29:29,651 - src.modules.market_context - INFO - Fetching data for ROP
2025-03-27 08:29:29,883 - src.modules.key_levels - INFO - Fetching options data for ROP
2025-03-27 08:29:30,161 - src.utils.data_cache - ERROR - Error reading cache options_chain_ROP_nearest: Expecting value: line 1 column 194 (char 193)
2025-03-27 08:29:30,258 - src.utils.data_cache - ERROR - Error writing cache options_chain_ROP_nearest: Object of type Timestamp is not JSON serializable
2025-03-27 08:29:30,259 - src.modules.scanner - INFO - Added ROP to results
2025-03-27 08:29:30,260 - src.modules.scanner - INFO - Processing TTD... (18/101)
2025-03-27 08:29:30,310 - src.modules.scanner - INFO - Fetched price for TTD: $58.80
2025-03-27 08:29:30,310 - src.modules.market_context - INFO - Fetching data for TTD
2025-03-27 08:29:30,578 - src.modules.key_levels - INFO - Fetching options data for TTD
2025-03-27 08:29:30,944 - src.utils.data_cache - ERROR - Error reading cache options_chain_TTD_nearest: Expecting value: line 1 column 194 (char 193)
2025-03-27 08:29:31,051 - src.utils.data_cache - ERROR - Error writing cache options_chain_TTD_nearest: Object of type Timestamp is not JSON serializable
2025-03-27 08:29:31,052 - src.modules.scanner - INFO - Filtered out TTD setup: confidence=57.1%, trend=weak_bearish
2025-03-27 08:29:31,053 - src.modules.scanner - INFO - Processing ON... (19/101)
2025-03-27 08:29:31,103 - src.modules.scanner - INFO - Fetched price for ON: $45.04
2025-03-27 08:29:31,104 - src.modules.market_context - INFO - Fetching data for ON
2025-03-27 08:29:31,336 - src.modules.key_levels - INFO - Fetching options data for ON
2025-03-27 08:29:31,621 - src.utils.data_cache - ERROR - Error reading cache options_chain_ON_nearest: Expecting value: line 1 column 193 (char 192)
2025-03-27 08:29:31,718 - src.utils.data_cache - ERROR - Error writing cache options_chain_ON_nearest: Object of type Timestamp is not JSON serializable
2025-03-27 08:29:31,719 - src.modules.scanner - INFO - Filtered out ON setup: confidence=57.1%, trend=weak_bearish
2025-03-27 08:29:31,720 - src.modules.scanner - INFO - Processing GEHC... (20/101)
2025-03-27 08:29:31,778 - src.modules.scanner - INFO - Fetched price for GEHC: $81.00
2025-03-27 08:29:31,779 - src.modules.market_context - INFO - Fetching data for GEHC
2025-03-27 08:29:31,999 - src.modules.key_levels - INFO - Fetching options data for GEHC
2025-03-27 08:29:32,247 - src.utils.data_cache - ERROR - Error reading cache options_chain_GEHC_nearest: Expecting value: line 1 column 183 (char 182)
2025-03-27 08:29:32,344 - src.utils.data_cache - ERROR - Error writing cache options_chain_GEHC_nearest: Object of type Timestamp is not JSON serializable
2025-03-27 08:29:32,345 - src.modules.scanner - INFO - Added GEHC to results
2025-03-27 08:29:32,346 - src.modules.scanner - INFO - Processing BKR... (21/101)
2025-03-27 08:29:32,433 - src.modules.scanner - INFO - Fetched price for BKR: $44.02
2025-03-27 08:29:32,433 - src.modules.market_context - INFO - Fetching data for BKR
2025-03-27 08:29:32,709 - src.modules.key_levels - INFO - Fetching options data for BKR
2025-03-27 08:29:33,007 - src.utils.data_cache - ERROR - Error reading cache options_chain_BKR_nearest: Expecting value: line 1 column 194 (char 193)
2025-03-27 08:29:33,104 - src.utils.data_cache - ERROR - Error writing cache options_chain_BKR_nearest: Object of type Timestamp is not JSON serializable
2025-03-27 08:29:33,105 - src.modules.scanner - INFO - Added BKR to results
2025-03-27 08:29:33,106 - src.modules.scanner - INFO - Processing FANG... (22/101)
2025-03-27 08:29:33,165 - src.modules.scanner - INFO - Fetched price for FANG: $163.09
2025-03-27 08:29:33,165 - src.modules.market_context - INFO - Fetching data for FANG
2025-03-27 08:29:33,394 - src.modules.key_levels - INFO - Fetching options data for FANG
2025-03-27 08:29:33,649 - src.utils.data_cache - ERROR - Error reading cache options_chain_FANG_nearest: Expecting value: line 1 column 197 (char 196)
2025-03-27 08:29:33,746 - src.utils.data_cache - ERROR - Error writing cache options_chain_FANG_nearest: Object of type Timestamp is not JSON serializable
2025-03-27 08:29:33,747 - src.modules.scanner - INFO - Added FANG to results
2025-03-27 08:29:33,747 - src.modules.scanner - INFO - Processing GFS... (23/101)
2025-03-27 08:29:33,799 - src.modules.scanner - INFO - Fetched price for GFS: $38.75
2025-03-27 08:29:33,799 - src.modules.market_context - INFO - Fetching data for GFS
2025-03-27 08:29:34,002 - src.modules.key_levels - INFO - Fetching options data for GFS
2025-03-27 08:29:34,237 - src.utils.data_cache - ERROR - Error reading cache options_chain_GFS_nearest: Expecting value: line 1 column 182 (char 181)
2025-03-27 08:29:34,333 - src.utils.data_cache - ERROR - Error writing cache options_chain_GFS_nearest: Object of type Timestamp is not JSON serializable
2025-03-27 08:29:34,334 - src.modules.scanner - INFO - Filtered out GFS setup: confidence=56.2%, trend=weak_neutral
2025-03-27 08:29:34,334 - src.modules.scanner - INFO - Processing WBD... (24/101)
2025-03-27 08:29:34,384 - src.modules.scanner - INFO - Fetched price for WBD: $11.03
2025-03-27 08:29:34,385 - src.modules.market_context - INFO - Fetching data for WBD
2025-03-27 08:29:34,592 - src.modules.key_levels - INFO - Fetching options data for WBD
2025-03-27 08:29:34,839 - src.utils.data_cache - ERROR - Error reading cache options_chain_WBD_nearest: Expecting value: line 1 column 195 (char 194)
2025-03-27 08:29:34,937 - src.utils.data_cache - ERROR - Error writing cache options_chain_WBD_nearest: Object of type Timestamp is not JSON serializable
2025-03-27 08:29:34,938 - src.modules.scanner - INFO - Added WBD to results
2025-03-27 08:29:34,938 - src.modules.scanner - INFO - Processing AZN... (25/101)
2025-03-27 08:29:35,026 - src.modules.scanner - INFO - Fetched price for AZN: $72.72
2025-03-27 08:29:35,027 - src.modules.market_context - INFO - Fetching data for AZN
2025-03-27 08:29:35,271 - src.modules.key_levels - INFO - Fetching options data for AZN
2025-03-27 08:29:35,547 - src.utils.data_cache - ERROR - Error reading cache options_chain_AZN_nearest: Expecting value: line 1 column 194 (char 193)
2025-03-27 08:29:35,644 - src.utils.data_cache - ERROR - Error writing cache options_chain_AZN_nearest: Object of type Timestamp is not JSON serializable
2025-03-27 08:29:35,645 - src.modules.scanner - INFO - Filtered out AZN setup: confidence=71.4%, trend=bearish
2025-03-27 08:29:35,646 - src.modules.scanner - INFO - Processing CEG... (26/101)
2025-03-27 08:29:35,699 - src.modules.scanner - INFO - Fetched price for CEG: $216.97
2025-03-27 08:29:35,700 - src.modules.market_context - INFO - Fetching data for CEG
2025-03-27 08:29:35,953 - src.modules.key_levels - INFO - Fetching options data for CEG
2025-03-27 08:29:36,239 - src.utils.data_cache - ERROR - Error reading cache options_chain_CEG_nearest: Expecting value: line 1 column 195 (char 194)
2025-03-27 08:29:36,339 - src.utils.data_cache - ERROR - Error writing cache options_chain_CEG_nearest: Object of type Timestamp is not JSON serializable
2025-03-27 08:29:36,340 - src.modules.scanner - INFO - Filtered out CEG setup: confidence=57.1%, trend=weak_bearish
2025-03-27 08:29:36,341 - src.modules.scanner - INFO - Processing ODFL... (27/101)
2025-03-27 08:29:36,406 - src.modules.scanner - INFO - Fetched price for ODFL: $168.67
2025-03-27 08:29:36,407 - src.modules.market_context - INFO - Fetching data for ODFL
2025-03-27 08:29:36,629 - src.modules.key_levels - INFO - Fetching options data for ODFL
2025-03-27 08:29:36,887 - src.utils.data_cache - ERROR - Error reading cache options_chain_ODFL_nearest: Expecting value: line 1 column 196 (char 195)
2025-03-27 08:29:36,987 - src.utils.data_cache - ERROR - Error writing cache options_chain_ODFL_nearest: Object of type Timestamp is not JSON serializable
2025-03-27 08:29:36,988 - src.modules.scanner - INFO - Filtered out ODFL setup: confidence=57.1%, trend=weak_bearish
2025-03-27 08:29:36,988 - src.modules.scanner - INFO - Processing TEAM... (28/101)
2025-03-27 08:29:37,038 - src.modules.scanner - INFO - Fetched price for TEAM: $229.65
2025-03-27 08:29:37,039 - src.modules.market_context - INFO - Fetching data for TEAM
2025-03-27 08:29:37,288 - src.modules.key_levels - INFO - Fetching options data for TEAM
2025-03-27 08:29:37,588 - src.utils.data_cache - ERROR - Error reading cache options_chain_TEAM_nearest: Expecting value: line 1 column 197 (char 196)
2025-03-27 08:29:37,686 - src.utils.data_cache - ERROR - Error writing cache options_chain_TEAM_nearest: Object of type Timestamp is not JSON serializable
2025-03-27 08:29:37,687 - src.modules.scanner - INFO - Filtered out TEAM setup: confidence=42.9%, trend=weak_bearish
2025-03-27 08:29:37,688 - src.modules.scanner - INFO - Processing ABNB... (29/101)
2025-03-27 08:29:37,739 - src.modules.scanner - INFO - Fetched price for ABNB: $128.64
2025-03-27 08:29:37,739 - src.modules.market_context - INFO - Fetching data for ABNB
2025-03-27 08:29:38,002 - src.modules.key_levels - INFO - Fetching options data for ABNB
2025-03-27 08:29:38,282 - src.utils.data_cache - ERROR - Error reading cache options_chain_ABNB_nearest: Expecting value: line 1 column 197 (char 196)
2025-03-27 08:29:38,381 - src.utils.data_cache - ERROR - Error writing cache options_chain_ABNB_nearest: Object of type Timestamp is not JSON serializable
2025-03-27 08:29:38,383 - src.modules.scanner - INFO - Filtered out ABNB setup: confidence=71.4%, trend=bearish
2025-03-27 08:29:38,383 - src.modules.scanner - INFO - Processing FTNT... (30/101)
2025-03-27 08:29:38,435 - src.modules.scanner - INFO - Fetched price for FTNT: $101.01
2025-03-27 08:29:38,435 - src.modules.market_context - INFO - Fetching data for FTNT
2025-03-27 08:29:38,671 - src.modules.key_levels - INFO - Fetching options data for FTNT
2025-03-27 08:29:38,942 - src.utils.data_cache - ERROR - Error reading cache options_chain_FTNT_nearest: Expecting value: line 1 column 197 (char 196)
2025-03-27 08:29:39,039 - src.utils.data_cache - ERROR - Error writing cache options_chain_FTNT_nearest: Object of type Timestamp is not JSON serializable
2025-03-27 08:29:39,041 - src.modules.scanner - INFO - Filtered out FTNT setup: confidence=56.2%, trend=weak_neutral
2025-03-27 08:29:39,041 - src.modules.scanner - INFO - Processing PANW... (31/101)
2025-03-27 08:29:39,098 - src.modules.scanner - INFO - Fetched price for PANW: $184.96
2025-03-27 08:29:39,099 - src.modules.market_context - INFO - Fetching data for PANW
2025-03-27 08:29:39,335 - src.modules.key_levels - INFO - Fetching options data for PANW
2025-03-27 08:29:39,589 - src.utils.data_cache - ERROR - Error reading cache options_chain_PANW_nearest: Expecting value: line 1 column 196 (char 195)
2025-03-27 08:29:39,685 - src.utils.data_cache - ERROR - Error writing cache options_chain_PANW_nearest: Object of type Timestamp is not JSON serializable
2025-03-27 08:29:39,687 - src.modules.scanner - INFO - Added PANW to results
2025-03-27 08:29:39,687 - src.modules.scanner - INFO - Processing ZS... (32/101)
2025-03-27 08:29:39,739 - src.modules.scanner - INFO - Fetched price for ZS: $211.55
2025-03-27 08:29:39,740 - src.modules.market_context - INFO - Fetching data for ZS
2025-03-27 08:29:39,984 - src.modules.key_levels - INFO - Fetching options data for ZS
2025-03-27 08:29:40,232 - src.utils.data_cache - ERROR - Error reading cache options_chain_ZS_nearest: Expecting value: line 1 column 192 (char 191)
2025-03-27 08:29:40,332 - src.utils.data_cache - ERROR - Error writing cache options_chain_ZS_nearest: Object of type Timestamp is not JSON serializable
2025-03-27 08:29:40,333 - src.modules.scanner - INFO - Filtered out ZS setup: confidence=50.0%, trend=weak_bullish
2025-03-27 08:29:40,333 - src.modules.scanner - INFO - Processing DDOG... (33/101)
2025-03-27 08:29:40,385 - src.modules.scanner - INFO - Fetched price for DDOG: $107.97
2025-03-27 08:29:40,386 - src.modules.market_context - INFO - Fetching data for DDOG
2025-03-27 08:29:40,653 - src.modules.key_levels - INFO - Fetching options data for DDOG
2025-03-27 08:29:40,953 - src.utils.data_cache - ERROR - Error reading cache options_chain_DDOG_nearest: Expecting value: line 1 column 197 (char 196)
2025-03-27 08:29:41,053 - src.utils.data_cache - ERROR - Error writing cache options_chain_DDOG_nearest: Object of type Timestamp is not JSON serializable
2025-03-27 08:29:41,055 - src.modules.scanner - INFO - Added DDOG to results
2025-03-27 08:29:41,055 - src.modules.scanner - INFO - Processing CRWD... (34/101)
2025-03-27 08:29:41,104 - src.modules.scanner - INFO - Fetched price for CRWD: $371.41
2025-03-27 08:29:41,104 - src.modules.market_context - INFO - Fetching data for CRWD
2025-03-27 08:29:41,367 - src.modules.key_levels - INFO - Fetching options data for CRWD
2025-03-27 08:29:41,667 - src.utils.data_cache - ERROR - Error reading cache options_chain_CRWD_nearest: Expecting value: line 1 column 196 (char 195)
2025-03-27 08:29:41,767 - src.utils.data_cache - ERROR - Error writing cache options_chain_CRWD_nearest: Object of type Timestamp is not JSON serializable
2025-03-27 08:29:41,769 - src.modules.scanner - INFO - Filtered out CRWD setup: confidence=57.1%, trend=weak_bullish
2025-03-27 08:29:41,769 - src.modules.scanner - INFO - Processing HON... (35/101)
2025-03-27 08:29:41,954 - src.modules.scanner - INFO - Fetched price for HON: $213.12
2025-03-27 08:29:41,955 - src.modules.market_context - INFO - Fetching data for HON
2025-03-27 08:29:42,287 - src.modules.key_levels - INFO - Fetching options data for HON
2025-03-27 08:29:42,647 - src.utils.data_cache - ERROR - Error reading cache options_chain_HON_nearest: Expecting value: line 1 column 194 (char 193)
2025-03-27 08:29:42,746 - src.utils.data_cache - ERROR - Error writing cache options_chain_HON_nearest: Object of type Timestamp is not JSON serializable
2025-03-27 08:29:42,748 - src.modules.scanner - INFO - Added HON to results
2025-03-27 08:29:42,748 - src.modules.scanner - INFO - Processing AEP... (36/101)
2025-03-27 08:29:42,871 - src.modules.scanner - INFO - Fetched price for AEP: $103.90
2025-03-27 08:29:42,872 - src.modules.market_context - INFO - Fetching data for AEP
2025-03-27 08:29:43,152 - src.modules.key_levels - INFO - Fetching options data for AEP
2025-03-27 08:29:43,516 - src.utils.data_cache - ERROR - Error reading cache options_chain_AEP_nearest: Expecting value: line 1 column 194 (char 193)
2025-03-27 08:29:43,613 - src.utils.data_cache - ERROR - Error writing cache options_chain_AEP_nearest: Object of type Timestamp is not JSON serializable
2025-03-27 08:29:43,614 - src.modules.scanner - INFO - Added AEP to results
2025-03-27 08:29:43,615 - src.modules.scanner - INFO - Processing NFLX... (37/101)
2025-03-27 08:29:43,672 - src.modules.scanner - INFO - Fetched price for NFLX: $970.65
2025-03-27 08:29:43,673 - src.modules.market_context - INFO - Fetching data for NFLX
2025-03-27 08:29:43,988 - src.modules.key_levels - INFO - Fetching options data for NFLX
2025-03-27 08:29:44,336 - src.utils.data_cache - ERROR - Error reading cache options_chain_NFLX_nearest: Expecting value: line 1 column 196 (char 195)
2025-03-27 08:29:44,435 - src.utils.data_cache - ERROR - Error writing cache options_chain_NFLX_nearest: Object of type Timestamp is not JSON serializable
2025-03-27 08:29:44,438 - src.modules.scanner - INFO - Added NFLX to results
2025-03-27 08:29:44,438 - src.modules.scanner - INFO - Processing KDP... (38/101)
2025-03-27 08:29:44,506 - src.modules.scanner - INFO - Fetched price for KDP: $34.06
2025-03-27 08:29:44,507 - src.modules.market_context - INFO - Fetching data for KDP
2025-03-27 08:29:44,733 - src.modules.key_levels - INFO - Fetching options data for KDP
2025-03-27 08:29:44,978 - src.utils.data_cache - ERROR - Error reading cache options_chain_KDP_nearest: Expecting value: line 1 column 195 (char 194)
2025-03-27 08:29:45,077 - src.utils.data_cache - ERROR - Error writing cache options_chain_KDP_nearest: Object of type Timestamp is not JSON serializable
2025-03-27 08:29:45,079 - src.modules.scanner - INFO - Added KDP to results
2025-03-27 08:29:45,079 - src.modules.scanner - INFO - Processing PDD... (39/101)
2025-03-27 08:29:45,131 - src.modules.scanner - INFO - Fetched price for PDD: $122.47
2025-03-27 08:29:45,131 - src.modules.market_context - INFO - Fetching data for PDD
2025-03-27 08:29:45,376 - src.modules.key_levels - INFO - Fetching options data for PDD
2025-03-27 08:29:45,692 - src.utils.data_cache - ERROR - Error reading cache options_chain_PDD_nearest: Expecting value: line 1 column 195 (char 194)
2025-03-27 08:29:45,793 - src.utils.data_cache - ERROR - Error writing cache options_chain_PDD_nearest: Object of type Timestamp is not JSON serializable
2025-03-27 08:29:45,796 - src.modules.scanner - INFO - Filtered out PDD setup: confidence=56.2%, trend=weak_neutral
2025-03-27 08:29:45,797 - src.modules.scanner - INFO - Processing DXCM... (40/101)
2025-03-27 08:29:45,856 - src.modules.scanner - INFO - Fetched price for DXCM: $72.13
2025-03-27 08:29:45,857 - src.modules.market_context - INFO - Fetching data for DXCM
2025-03-27 08:29:46,132 - src.modules.key_levels - INFO - Fetching options data for DXCM
2025-03-27 08:29:46,390 - src.utils.data_cache - ERROR - Error reading cache options_chain_DXCM_nearest: Expecting value: line 1 column 196 (char 195)
2025-03-27 08:29:46,487 - src.utils.data_cache - ERROR - Error writing cache options_chain_DXCM_nearest: Object of type Timestamp is not JSON serializable
2025-03-27 08:29:46,488 - src.modules.scanner - INFO - Filtered out DXCM setup: confidence=56.2%, trend=weak_neutral
2025-03-27 08:29:46,489 - src.modules.scanner - INFO - Processing ANSS... (41/101)
2025-03-27 08:29:46,545 - src.modules.scanner - INFO - Fetched price for ANSS: $323.34
2025-03-27 08:29:46,546 - src.modules.market_context - INFO - Fetching data for ANSS
2025-03-27 08:29:46,751 - src.modules.key_levels - INFO - Fetching options data for ANSS
2025-03-27 08:29:46,993 - src.utils.data_cache - ERROR - Error reading cache options_chain_ANSS_nearest: Expecting value: line 1 column 196 (char 195)
2025-03-27 08:29:47,092 - src.utils.data_cache - ERROR - Error writing cache options_chain_ANSS_nearest: Object of type Timestamp is not JSON serializable
2025-03-27 08:29:47,093 - src.modules.scanner - INFO - Filtered out ANSS setup: confidence=56.2%, trend=weak_neutral
2025-03-27 08:29:47,094 - src.modules.scanner - INFO - Processing CDW... (42/101)
2025-03-27 08:29:47,161 - src.modules.scanner - INFO - Fetched price for CDW: $167.33
2025-03-27 08:29:47,162 - src.modules.market_context - INFO - Fetching data for CDW
2025-03-27 08:29:47,380 - src.modules.key_levels - INFO - Fetching options data for CDW
2025-03-27 08:29:47,636 - src.utils.data_cache - ERROR - Error reading cache options_chain_CDW_nearest: Expecting value: line 1 column 194 (char 193)
2025-03-27 08:29:47,734 - src.utils.data_cache - ERROR - Error writing cache options_chain_CDW_nearest: Object of type Timestamp is not JSON serializable
2025-03-27 08:29:47,735 - src.modules.scanner - INFO - Added CDW to results
2025-03-27 08:29:47,735 - src.modules.scanner - INFO - Processing CPRT... (43/101)
2025-03-27 08:29:47,788 - src.modules.scanner - INFO - Fetched price for CPRT: $55.07
2025-03-27 08:29:47,789 - src.modules.market_context - INFO - Fetching data for CPRT
2025-03-27 08:29:47,979 - src.modules.key_levels - INFO - Fetching options data for CPRT
2025-03-27 08:29:48,239 - src.utils.data_cache - ERROR - Error reading cache options_chain_CPRT_nearest: Expecting value: line 1 column 196 (char 195)
2025-03-27 08:29:48,337 - src.utils.data_cache - ERROR - Error writing cache options_chain_CPRT_nearest: Object of type Timestamp is not JSON serializable
2025-03-27 08:29:48,338 - src.modules.scanner - INFO - Filtered out CPRT setup: confidence=56.2%, trend=weak_neutral
2025-03-27 08:29:48,338 - src.modules.scanner - INFO - Processing CSGP... (44/101)
2025-03-27 08:29:48,399 - src.modules.scanner - INFO - Fetched price for CSGP: $80.37
2025-03-27 08:29:48,400 - src.modules.market_context - INFO - Fetching data for CSGP
2025-03-27 08:29:48,608 - src.modules.key_levels - INFO - Fetching options data for CSGP
2025-03-27 08:29:48,841 - src.utils.data_cache - ERROR - Error reading cache options_chain_CSGP_nearest: Expecting value: line 1 column 196 (char 195)
2025-03-27 08:29:48,940 - src.utils.data_cache - ERROR - Error writing cache options_chain_CSGP_nearest: Object of type Timestamp is not JSON serializable
2025-03-27 08:29:48,941 - src.modules.scanner - INFO - Added CSGP to results
2025-03-27 08:29:48,942 - src.modules.scanner - INFO - Processing EXC... (45/101)
2025-03-27 08:29:49,080 - src.modules.scanner - INFO - Fetched price for EXC: $44.02
2025-03-27 08:29:49,081 - src.modules.market_context - INFO - Fetching data for EXC
2025-03-27 08:29:49,352 - src.modules.key_levels - INFO - Fetching options data for EXC
2025-03-27 08:29:49,657 - src.utils.data_cache - ERROR - Error reading cache options_chain_EXC_nearest: Expecting value: line 1 column 194 (char 193)
2025-03-27 08:29:49,754 - src.utils.data_cache - ERROR - Error writing cache options_chain_EXC_nearest: Object of type Timestamp is not JSON serializable
2025-03-27 08:29:49,755 - src.modules.scanner - INFO - Added EXC to results
2025-03-27 08:29:49,756 - src.modules.scanner - INFO - Processing AMD... (46/101)
2025-03-27 08:29:49,808 - src.modules.scanner - INFO - Fetched price for AMD: $110.19
2025-03-27 08:29:49,809 - src.modules.market_context - INFO - Fetching data for AMD
2025-03-27 08:29:50,108 - src.modules.key_levels - INFO - Fetching options data for AMD
2025-03-27 08:29:50,388 - src.utils.data_cache - ERROR - Error reading cache options_chain_AMD_nearest: Expecting value: line 1 column 195 (char 194)
2025-03-27 08:29:50,486 - src.utils.data_cache - ERROR - Error writing cache options_chain_AMD_nearest: Object of type Timestamp is not JSON serializable
2025-03-27 08:29:50,488 - src.modules.scanner - INFO - Added AMD to results
2025-03-27 08:29:50,488 - src.modules.scanner - INFO - Processing LULU... (47/101)
2025-03-27 08:29:50,542 - src.modules.scanner - INFO - Fetched price for LULU: $337.79
2025-03-27 08:29:50,543 - src.modules.market_context - INFO - Fetching data for LULU
2025-03-27 08:29:50,792 - src.modules.key_levels - INFO - Fetching options data for LULU
2025-03-27 08:29:51,079 - src.utils.data_cache - ERROR - Error reading cache options_chain_LULU_nearest: Expecting value: line 1 column 196 (char 195)
2025-03-27 08:29:51,180 - src.utils.data_cache - ERROR - Error writing cache options_chain_LULU_nearest: Object of type Timestamp is not JSON serializable
2025-03-27 08:29:51,182 - src.modules.scanner - INFO - Added LULU to results
2025-03-27 08:29:51,182 - src.modules.scanner - INFO - Processing XEL... (48/101)
2025-03-27 08:29:51,308 - src.modules.scanner - INFO - Fetched price for XEL: $68.92
2025-03-27 08:29:51,310 - src.modules.market_context - INFO - Fetching data for XEL
2025-03-27 08:29:51,586 - src.modules.key_levels - INFO - Fetching options data for XEL
2025-03-27 08:29:51,874 - src.utils.data_cache - ERROR - Error reading cache options_chain_XEL_nearest: Expecting value: line 1 column 194 (char 193)
2025-03-27 08:29:51,970 - src.utils.data_cache - ERROR - Error writing cache options_chain_XEL_nearest: Object of type Timestamp is not JSON serializable
2025-03-27 08:29:51,971 - src.modules.scanner - INFO - Added XEL to results
2025-03-27 08:29:51,972 - src.modules.scanner - INFO - Processing PEP... (49/101)
2025-03-27 08:29:52,101 - src.modules.scanner - INFO - Fetched price for PEP: $148.64
2025-03-27 08:29:52,102 - src.modules.market_context - INFO - Fetching data for PEP
2025-03-27 08:29:52,373 - src.modules.key_levels - INFO - Fetching options data for PEP
2025-03-27 08:29:52,668 - src.utils.data_cache - ERROR - Error reading cache options_chain_PEP_nearest: Expecting value: line 1 column 195 (char 194)
2025-03-27 08:29:52,768 - src.utils.data_cache - ERROR - Error writing cache options_chain_PEP_nearest: Object of type Timestamp is not JSON serializable
2025-03-27 08:29:52,770 - src.modules.scanner - INFO - Added PEP to results
2025-03-27 08:29:52,770 - src.modules.scanner - INFO - Processing ASML... (50/101)
2025-03-27 08:29:52,839 - src.modules.scanner - INFO - Fetched price for ASML: $705.76
2025-03-27 08:29:52,839 - src.modules.market_context - INFO - Fetching data for ASML
2025-03-27 08:29:53,141 - src.modules.key_levels - INFO - Fetching options data for ASML
2025-03-27 08:29:53,520 - src.utils.data_cache - ERROR - Error reading cache options_chain_ASML_nearest: Expecting value: line 1 column 195 (char 194)
2025-03-27 08:29:53,620 - src.utils.data_cache - ERROR - Error writing cache options_chain_ASML_nearest: Object of type Timestamp is not JSON serializable
2025-03-27 08:29:53,622 - src.modules.scanner - INFO - Filtered out ASML setup: confidence=68.8%, trend=neutral
2025-03-27 08:29:53,622 - src.modules.scanner - INFO - Processing SNPS... (51/101)
2025-03-27 08:29:53,674 - src.modules.scanner - INFO - Fetched price for SNPS: $449.90
2025-03-27 08:29:53,675 - src.modules.market_context - INFO - Fetching data for SNPS
2025-03-27 08:29:53,890 - src.modules.key_levels - INFO - Fetching options data for SNPS
2025-03-27 08:29:54,145 - src.utils.data_cache - ERROR - Error reading cache options_chain_SNPS_nearest: Expecting value: line 1 column 196 (char 195)
2025-03-27 08:29:54,242 - src.utils.data_cache - ERROR - Error writing cache options_chain_SNPS_nearest: Object of type Timestamp is not JSON serializable
2025-03-27 08:29:54,243 - src.modules.scanner - INFO - Filtered out SNPS setup: confidence=57.1%, trend=weak_bearish
2025-03-27 08:29:54,244 - src.modules.scanner - INFO - Processing TTWO... (52/101)
2025-03-27 08:29:54,301 - src.modules.scanner - INFO - Fetched price for TTWO: $215.89
2025-03-27 08:29:54,302 - src.modules.market_context - INFO - Fetching data for TTWO
2025-03-27 08:29:54,532 - src.modules.key_levels - INFO - Fetching options data for TTWO
2025-03-27 08:29:54,792 - src.utils.data_cache - ERROR - Error reading cache options_chain_TTWO_nearest: Expecting value: line 1 column 197 (char 196)
2025-03-27 08:29:54,889 - src.utils.data_cache - ERROR - Error writing cache options_chain_TTWO_nearest: Object of type Timestamp is not JSON serializable
2025-03-27 08:29:54,890 - src.modules.scanner - INFO - Added TTWO to results
2025-03-27 08:29:54,891 - src.modules.scanner - INFO - Processing WDAY... (53/101)
2025-03-27 08:29:54,946 - src.modules.scanner - INFO - Fetched price for WDAY: $250.79
2025-03-27 08:29:54,947 - src.modules.market_context - INFO - Fetching data for WDAY
2025-03-27 08:29:55,206 - src.modules.key_levels - INFO - Fetching options data for WDAY
2025-03-27 08:29:55,472 - src.utils.data_cache - ERROR - Error reading cache options_chain_WDAY_nearest: Expecting value: line 1 column 196 (char 195)
2025-03-27 08:29:55,571 - src.utils.data_cache - ERROR - Error writing cache options_chain_WDAY_nearest: Object of type Timestamp is not JSON serializable
2025-03-27 08:29:55,572 - src.modules.scanner - INFO - Added WDAY to results
2025-03-27 08:29:55,572 - src.modules.scanner - INFO - Processing MELI... (54/101)
2025-03-27 08:29:55,630 - src.modules.scanner - INFO - Fetched price for MELI: $2074.97
2025-03-27 08:29:55,631 - src.modules.market_context - INFO - Fetching data for MELI
2025-03-27 08:29:55,937 - src.modules.key_levels - INFO - Fetching options data for MELI
2025-03-27 08:29:56,263 - src.utils.data_cache - ERROR - Error reading cache options_chain_MELI_nearest: Expecting value: line 1 column 196 (char 195)
2025-03-27 08:29:56,363 - src.utils.data_cache - ERROR - Error writing cache options_chain_MELI_nearest: Object of type Timestamp is not JSON serializable
2025-03-27 08:29:56,364 - src.modules.scanner - INFO - Added MELI to results
2025-03-27 08:29:56,365 - src.modules.scanner - INFO - Processing IDXX... (55/101)
2025-03-27 08:29:56,415 - src.modules.scanner - INFO - Fetched price for IDXX: $417.71
2025-03-27 08:29:56,416 - src.modules.market_context - INFO - Fetching data for IDXX
2025-03-27 08:29:56,639 - src.modules.key_levels - INFO - Fetching options data for IDXX
2025-03-27 08:29:56,886 - src.utils.data_cache - ERROR - Error reading cache options_chain_IDXX_nearest: Expecting value: line 1 column 196 (char 195)
2025-03-27 08:29:56,985 - src.utils.data_cache - ERROR - Error writing cache options_chain_IDXX_nearest: Object of type Timestamp is not JSON serializable
2025-03-27 08:29:56,986 - src.modules.scanner - INFO - Filtered out IDXX setup: confidence=57.1%, trend=weak_bearish
2025-03-27 08:29:56,986 - src.modules.scanner - INFO - Processing CSX... (56/101)
2025-03-27 08:29:57,088 - src.modules.scanner - INFO - Fetched price for CSX: $29.90
2025-03-27 08:29:57,088 - src.modules.market_context - INFO - Fetching data for CSX
2025-03-27 08:29:57,404 - src.modules.key_levels - INFO - Fetching options data for CSX
2025-03-27 08:29:57,700 - src.utils.data_cache - ERROR - Error reading cache options_chain_CSX_nearest: Expecting value: line 1 column 195 (char 194)
2025-03-27 08:29:57,798 - src.utils.data_cache - ERROR - Error writing cache options_chain_CSX_nearest: Object of type Timestamp is not JSON serializable
2025-03-27 08:29:57,799 - src.modules.scanner - INFO - Filtered out CSX setup: confidence=57.1%, trend=weak_bearish
2025-03-27 08:29:57,799 - src.modules.scanner - INFO - Processing TMUS... (57/101)
2025-03-27 08:29:57,871 - src.modules.scanner - INFO - Fetched price for TMUS: $262.51
2025-03-27 08:29:57,871 - src.modules.market_context - INFO - Fetching data for TMUS
2025-03-27 08:29:58,123 - src.modules.key_levels - INFO - Fetching options data for TMUS
2025-03-27 08:29:58,402 - src.utils.data_cache - ERROR - Error reading cache options_chain_TMUS_nearest: Expecting value: line 1 column 195 (char 194)
2025-03-27 08:29:58,501 - src.utils.data_cache - ERROR - Error writing cache options_chain_TMUS_nearest: Object of type Timestamp is not JSON serializable
2025-03-27 08:29:58,502 - src.modules.scanner - INFO - Added TMUS to results
2025-03-27 08:29:58,502 - src.modules.scanner - INFO - Processing PYPL... (58/101)
2025-03-27 08:29:58,555 - src.modules.scanner - INFO - Fetched price for PYPL: $69.97
2025-03-27 08:29:58,556 - src.modules.market_context - INFO - Fetching data for PYPL
2025-03-27 08:29:58,872 - src.modules.key_levels - INFO - Fetching options data for PYPL
2025-03-27 08:29:59,174 - src.utils.data_cache - ERROR - Error reading cache options_chain_PYPL_nearest: Expecting value: line 1 column 196 (char 195)
2025-03-27 08:29:59,273 - src.utils.data_cache - ERROR - Error writing cache options_chain_PYPL_nearest: Object of type Timestamp is not JSON serializable
2025-03-27 08:29:59,274 - src.modules.scanner - INFO - Filtered out PYPL setup: confidence=57.1%, trend=weak_bearish
2025-03-27 08:29:59,275 - src.modules.scanner - INFO - Processing KHC... (59/101)
2025-03-27 08:29:59,339 - src.modules.scanner - INFO - Fetched price for KHC: $29.69
2025-03-27 08:29:59,340 - src.modules.market_context - INFO - Fetching data for KHC
2025-03-27 08:29:59,577 - src.modules.key_levels - INFO - Fetching options data for KHC
2025-03-27 08:29:59,840 - src.utils.data_cache - ERROR - Error reading cache options_chain_KHC_nearest: Expecting value: line 1 column 195 (char 194)
2025-03-27 08:29:59,940 - src.utils.data_cache - ERROR - Error writing cache options_chain_KHC_nearest: Object of type Timestamp is not JSON serializable
2025-03-27 08:29:59,942 - src.modules.scanner - INFO - Added KHC to results
2025-03-27 08:29:59,942 - src.modules.scanner - INFO - Processing GOOG... (60/101)
2025-03-27 08:29:59,996 - src.modules.scanner - INFO - Fetched price for GOOG: $167.14
2025-03-27 08:29:59,997 - src.modules.market_context - INFO - Fetching data for GOOG
2025-03-27 08:30:00,237 - src.modules.key_levels - INFO - Fetching options data for GOOG
2025-03-27 08:30:00,504 - src.utils.data_cache - ERROR - Error reading cache options_chain_GOOG_nearest: Expecting value: line 1 column 197 (char 196)
2025-03-27 08:30:00,603 - src.utils.data_cache - ERROR - Error writing cache options_chain_GOOG_nearest: Object of type Timestamp is not JSON serializable
2025-03-27 08:30:00,604 - src.modules.scanner - INFO - Filtered out GOOG setup: confidence=57.1%, trend=weak_bearish
2025-03-27 08:30:00,604 - src.modules.scanner - INFO - Processing NXPI... (61/101)
2025-03-27 08:30:00,663 - src.modules.scanner - INFO - Fetched price for NXPI: $205.75
2025-03-27 08:30:00,664 - src.modules.market_context - INFO - Fetching data for NXPI
2025-03-27 08:30:00,923 - src.modules.key_levels - INFO - Fetching options data for NXPI
2025-03-27 08:30:01,201 - src.utils.data_cache - ERROR - Error reading cache options_chain_NXPI_nearest: Expecting value: line 1 column 185 (char 184)
2025-03-27 08:30:01,299 - src.utils.data_cache - ERROR - Error writing cache options_chain_NXPI_nearest: Object of type Timestamp is not JSON serializable
2025-03-27 08:30:01,300 - src.modules.scanner - INFO - Filtered out NXPI setup: confidence=56.2%, trend=weak_neutral
2025-03-27 08:30:01,301 - src.modules.scanner - INFO - Processing MAR... (62/101)
2025-03-27 08:30:01,387 - src.modules.scanner - INFO - Fetched price for MAR: $246.72
2025-03-27 08:30:01,388 - src.modules.market_context - INFO - Fetching data for MAR
2025-03-27 08:30:01,651 - src.modules.key_levels - INFO - Fetching options data for MAR
2025-03-27 08:30:01,996 - src.utils.data_cache - ERROR - Error reading cache options_chain_MAR_nearest: Expecting value: line 1 column 195 (char 194)
2025-03-27 08:30:02,094 - src.utils.data_cache - ERROR - Error writing cache options_chain_MAR_nearest: Object of type Timestamp is not JSON serializable
2025-03-27 08:30:02,095 - src.modules.scanner - INFO - Filtered out MAR setup: confidence=57.1%, trend=weak_bearish
2025-03-27 08:30:02,096 - src.modules.scanner - INFO - Processing CHTR... (63/101)
2025-03-27 08:30:02,153 - src.modules.scanner - INFO - Fetched price for CHTR: $384.77
2025-03-27 08:30:02,154 - src.modules.market_context - INFO - Fetching data for CHTR
2025-03-27 08:30:02,375 - src.modules.key_levels - INFO - Fetching options data for CHTR
2025-03-27 08:30:02,629 - src.utils.data_cache - ERROR - Error reading cache options_chain_CHTR_nearest: Expecting value: line 1 column 196 (char 195)
2025-03-27 08:30:02,727 - src.utils.data_cache - ERROR - Error writing cache options_chain_CHTR_nearest: Object of type Timestamp is not JSON serializable
2025-03-27 08:30:02,728 - src.modules.scanner - INFO - Filtered out CHTR setup: confidence=57.1%, trend=weak_bullish
2025-03-27 08:30:02,728 - src.modules.scanner - INFO - Processing TSLA... (64/101)
2025-03-27 08:30:02,782 - src.modules.scanner - INFO - Fetched price for TSLA: $272.06
2025-03-27 08:30:02,783 - src.modules.market_context - INFO - Fetching data for TSLA
2025-03-27 08:30:03,180 - src.modules.key_levels - INFO - Fetching options data for TSLA
2025-03-27 08:30:03,524 - src.utils.data_cache - ERROR - Error reading cache options_chain_TSLA_nearest: Expecting value: line 1 column 197 (char 196)
2025-03-27 08:30:03,630 - src.utils.data_cache - ERROR - Error writing cache options_chain_TSLA_nearest: Object of type Timestamp is not JSON serializable
2025-03-27 08:30:03,632 - src.modules.scanner - INFO - Filtered out TSLA setup: confidence=56.2%, trend=weak_neutral
2025-03-27 08:30:03,633 - src.modules.scanner - INFO - Processing EA... (65/101)
2025-03-27 08:30:03,695 - src.modules.scanner - INFO - Fetched price for EA: $145.19
2025-03-27 08:30:03,696 - src.modules.market_context - INFO - Fetching data for EA
2025-03-27 08:30:03,910 - src.modules.key_levels - INFO - Fetching options data for EA
2025-03-27 08:30:04,173 - src.utils.data_cache - ERROR - Error reading cache options_chain_EA_nearest: Expecting value: line 1 column 193 (char 192)
2025-03-27 08:30:04,273 - src.utils.data_cache - ERROR - Error writing cache options_chain_EA_nearest: Object of type Timestamp is not JSON serializable
2025-03-27 08:30:04,274 - src.modules.scanner - INFO - Filtered out EA setup: confidence=57.1%, trend=weak_bullish
2025-03-27 08:30:04,274 - src.modules.scanner - INFO - Processing MRVL... (66/101)
2025-03-27 08:30:04,345 - src.modules.scanner - INFO - Fetched price for MRVL: $66.76
2025-03-27 08:30:04,346 - src.modules.market_context - INFO - Fetching data for MRVL
2025-03-27 08:30:04,671 - src.modules.key_levels - INFO - Fetching options data for MRVL
2025-03-27 08:30:05,001 - src.utils.data_cache - ERROR - Error reading cache options_chain_MRVL_nearest: Expecting value: line 1 column 196 (char 195)
2025-03-27 08:30:05,100 - src.utils.data_cache - ERROR - Error writing cache options_chain_MRVL_nearest: Object of type Timestamp is not JSON serializable
2025-03-27 08:30:05,101 - src.modules.scanner - INFO - Filtered out MRVL setup: confidence=56.2%, trend=weak_neutral
2025-03-27 08:30:05,102 - src.modules.scanner - INFO - Processing REGN... (67/101)
2025-03-27 08:30:05,155 - src.modules.scanner - INFO - Fetched price for REGN: $640.14
2025-03-27 08:30:05,156 - src.modules.market_context - INFO - Fetching data for REGN
2025-03-27 08:30:05,402 - src.modules.key_levels - INFO - Fetching options data for REGN
2025-03-27 08:30:05,661 - src.utils.data_cache - ERROR - Error reading cache options_chain_REGN_nearest: Expecting value: line 1 column 196 (char 195)
2025-03-27 08:30:05,762 - src.utils.data_cache - ERROR - Error writing cache options_chain_REGN_nearest: Object of type Timestamp is not JSON serializable
2025-03-27 08:30:05,764 - src.modules.scanner - INFO - Filtered out REGN setup: confidence=57.1%, trend=weak_bearish
2025-03-27 08:30:05,764 - src.modules.scanner - INFO - Processing VRSK... (68/101)
2025-03-27 08:30:05,828 - src.modules.scanner - INFO - Fetched price for VRSK: $292.03
2025-03-27 08:30:05,829 - src.modules.market_context - INFO - Fetching data for VRSK
2025-03-27 08:30:06,042 - src.modules.key_levels - INFO - Fetching options data for VRSK
2025-03-27 08:30:06,287 - src.utils.data_cache - ERROR - Error reading cache options_chain_VRSK_nearest: Expecting value: line 1 column 196 (char 195)
2025-03-27 08:30:06,383 - src.utils.data_cache - ERROR - Error writing cache options_chain_VRSK_nearest: Object of type Timestamp is not JSON serializable
2025-03-27 08:30:06,384 - src.modules.scanner - INFO - Added VRSK to results
2025-03-27 08:30:06,385 - src.modules.scanner - INFO - Processing META... (69/101)
2025-03-27 08:30:06,442 - src.modules.scanner - INFO - Fetched price for META: $610.98
2025-03-27 08:30:06,443 - src.modules.market_context - INFO - Fetching data for META
2025-03-27 08:30:06,776 - src.modules.key_levels - INFO - Fetching options data for META
2025-03-27 08:30:07,145 - src.utils.data_cache - ERROR - Error reading cache options_chain_META_nearest: Expecting value: line 1 column 194 (char 193)
2025-03-27 08:30:07,263 - src.utils.data_cache - ERROR - Error writing cache options_chain_META_nearest: Object of type Timestamp is not JSON serializable
2025-03-27 08:30:07,265 - src.modules.scanner - INFO - Filtered out META setup: confidence=57.1%, trend=weak_bullish
2025-03-27 08:30:07,265 - src.modules.scanner - INFO - Processing ADI... (70/101)
2025-03-27 08:30:07,337 - src.modules.scanner - INFO - Fetched price for ADI: $210.53
2025-03-27 08:30:07,338 - src.modules.market_context - INFO - Fetching data for ADI
2025-03-27 08:30:07,589 - src.modules.key_levels - INFO - Fetching options data for ADI
2025-03-27 08:30:07,862 - src.utils.data_cache - ERROR - Error reading cache options_chain_ADI_nearest: Expecting value: line 1 column 195 (char 194)
2025-03-27 08:30:07,960 - src.utils.data_cache - ERROR - Error writing cache options_chain_ADI_nearest: Object of type Timestamp is not JSON serializable
2025-03-27 08:30:07,961 - src.modules.scanner - INFO - Filtered out ADI setup: confidence=68.8%, trend=neutral
2025-03-27 08:30:07,961 - src.modules.scanner - INFO - Processing MDLZ... (71/101)
2025-03-27 08:30:08,042 - src.modules.scanner - INFO - Fetched price for MDLZ: $66.33
2025-03-27 08:30:08,043 - src.modules.market_context - INFO - Fetching data for MDLZ
2025-03-27 08:30:08,308 - src.modules.key_levels - INFO - Fetching options data for MDLZ
2025-03-27 08:30:08,601 - src.utils.data_cache - ERROR - Error reading cache options_chain_MDLZ_nearest: Expecting value: line 1 column 196 (char 195)
2025-03-27 08:30:08,698 - src.utils.data_cache - ERROR - Error writing cache options_chain_MDLZ_nearest: Object of type Timestamp is not JSON serializable
2025-03-27 08:30:08,699 - src.modules.scanner - INFO - Added MDLZ to results
2025-03-27 08:30:08,700 - src.modules.scanner - INFO - Processing TXN... (72/101)
2025-03-27 08:30:08,823 - src.modules.scanner - INFO - Fetched price for TXN: $184.49
2025-03-27 08:30:08,823 - src.modules.market_context - INFO - Fetching data for TXN
2025-03-27 08:30:09,235 - src.modules.key_levels - INFO - Fetching options data for TXN
2025-03-27 08:30:09,655 - src.utils.data_cache - ERROR - Error reading cache options_chain_TXN_nearest: Expecting value: line 1 column 195 (char 194)
2025-03-27 08:30:09,786 - src.utils.data_cache - ERROR - Error writing cache options_chain_TXN_nearest: Object of type Timestamp is not JSON serializable
2025-03-27 08:30:09,787 - src.modules.scanner - INFO - Added TXN to results
2025-03-27 08:30:09,787 - src.modules.scanner - INFO - Processing AVGO... (73/101)
2025-03-27 08:30:09,862 - src.modules.scanner - INFO - Fetched price for AVGO: $179.27
2025-03-27 08:30:09,863 - src.modules.market_context - INFO - Fetching data for AVGO
2025-03-27 08:30:10,298 - src.modules.key_levels - INFO - Fetching options data for AVGO
2025-03-27 08:30:10,636 - src.utils.data_cache - ERROR - Error reading cache options_chain_AVGO_nearest: Expecting value: line 1 column 197 (char 196)
2025-03-27 08:30:10,742 - src.utils.data_cache - ERROR - Error writing cache options_chain_AVGO_nearest: Object of type Timestamp is not JSON serializable
2025-03-27 08:30:10,744 - src.modules.scanner - INFO - Added AVGO to results
2025-03-27 08:30:10,744 - src.modules.scanner - INFO - Processing BKNG... (74/101)
2025-03-27 08:30:10,800 - src.modules.scanner - INFO - Fetched price for BKNG: $4764.16
2025-03-27 08:30:10,800 - src.modules.market_context - INFO - Fetching data for BKNG
2025-03-27 08:30:11,139 - src.modules.key_levels - INFO - Fetching options data for BKNG
2025-03-27 08:30:11,538 - src.utils.data_cache - ERROR - Error reading cache options_chain_BKNG_nearest: Expecting value: line 1 column 192 (char 191)
2025-03-27 08:30:11,640 - src.utils.data_cache - ERROR - Error writing cache options_chain_BKNG_nearest: Object of type Timestamp is not JSON serializable
2025-03-27 08:30:11,643 - src.modules.scanner - INFO - Filtered out BKNG setup: confidence=50.0%, trend=weak_bearish
2025-03-27 08:30:11,644 - src.modules.scanner - INFO - Processing ADP... (75/101)
2025-03-27 08:30:11,739 - src.modules.scanner - INFO - Fetched price for ADP: $302.41
2025-03-27 08:30:11,740 - src.modules.market_context - INFO - Fetching data for ADP
2025-03-27 08:30:12,011 - src.modules.key_levels - INFO - Fetching options data for ADP
2025-03-27 08:30:12,348 - src.utils.data_cache - ERROR - Error reading cache options_chain_ADP_nearest: Expecting value: line 1 column 194 (char 193)
2025-03-27 08:30:12,444 - src.utils.data_cache - ERROR - Error writing cache options_chain_ADP_nearest: Object of type Timestamp is not JSON serializable
2025-03-27 08:30:12,445 - src.modules.scanner - INFO - Filtered out ADP setup: confidence=57.1%, trend=weak_bullish
2025-03-27 08:30:12,445 - src.modules.scanner - INFO - Processing ORLY... (76/101)
2025-03-27 08:30:12,501 - src.modules.scanner - INFO - Fetched price for ORLY: $1380.98
2025-03-27 08:30:12,502 - src.modules.market_context - INFO - Fetching data for ORLY
2025-03-27 08:30:12,724 - src.modules.key_levels - INFO - Fetching options data for ORLY
2025-03-27 08:30:13,028 - src.utils.data_cache - ERROR - Error reading cache options_chain_ORLY_nearest: Expecting value: line 1 column 195 (char 194)
2025-03-27 08:30:13,126 - src.utils.data_cache - ERROR - Error writing cache options_chain_ORLY_nearest: Object of type Timestamp is not JSON serializable
2025-03-27 08:30:13,128 - src.modules.scanner - INFO - Filtered out ORLY setup: confidence=71.4%, trend=bullish
2025-03-27 08:30:13,128 - src.modules.scanner - INFO - Processing ROST... (77/101)
2025-03-27 08:30:13,231 - src.modules.scanner - INFO - Fetched price for ROST: $127.70
2025-03-27 08:30:13,232 - src.modules.market_context - INFO - Fetching data for ROST
2025-03-27 08:30:13,494 - src.modules.key_levels - INFO - Fetching options data for ROST
2025-03-27 08:30:13,772 - src.utils.data_cache - ERROR - Error reading cache options_chain_ROST_nearest: Expecting value: line 1 column 197 (char 196)
2025-03-27 08:30:13,867 - src.utils.data_cache - ERROR - Error writing cache options_chain_ROST_nearest: Object of type Timestamp is not JSON serializable
2025-03-27 08:30:13,868 - src.modules.scanner - INFO - Filtered out ROST setup: confidence=71.4%, trend=bearish
2025-03-27 08:30:13,869 - src.modules.scanner - INFO - Processing MNST... (78/101)
2025-03-27 08:30:13,921 - src.modules.scanner - INFO - Fetched price for MNST: $57.76
2025-03-27 08:30:13,922 - src.modules.market_context - INFO - Fetching data for MNST
2025-03-27 08:30:14,137 - src.modules.key_levels - INFO - Fetching options data for MNST
2025-03-27 08:30:14,427 - src.utils.data_cache - ERROR - Error reading cache options_chain_MNST_nearest: Expecting value: line 1 column 195 (char 194)
2025-03-27 08:30:14,531 - src.utils.data_cache - ERROR - Error writing cache options_chain_MNST_nearest: Object of type Timestamp is not JSON serializable
2025-03-27 08:30:14,532 - src.modules.scanner - INFO - Added MNST to results
2025-03-27 08:30:14,533 - src.modules.scanner - INFO - Processing VRTX... (79/101)
2025-03-27 08:30:14,586 - src.modules.scanner - INFO - Fetched price for VRTX: $500.28
2025-03-27 08:30:14,587 - src.modules.market_context - INFO - Fetching data for VRTX
2025-03-27 08:30:14,839 - src.modules.key_levels - INFO - Fetching options data for VRTX
2025-03-27 08:30:15,089 - src.utils.data_cache - ERROR - Error reading cache options_chain_VRTX_nearest: Expecting value: line 1 column 196 (char 195)
2025-03-27 08:30:15,186 - src.utils.data_cache - ERROR - Error writing cache options_chain_VRTX_nearest: Object of type Timestamp is not JSON serializable
2025-03-27 08:30:15,187 - src.modules.scanner - INFO - Added VRTX to results
2025-03-27 08:30:15,188 - src.modules.scanner - INFO - Processing ISRG... (80/101)
2025-03-27 08:30:15,245 - src.modules.scanner - INFO - Fetched price for ISRG: $509.03
2025-03-27 08:30:15,246 - src.modules.market_context - INFO - Fetching data for ISRG
2025-03-27 08:30:15,498 - src.modules.key_levels - INFO - Fetching options data for ISRG
2025-03-27 08:30:15,769 - src.utils.data_cache - ERROR - Error reading cache options_chain_ISRG_nearest: Expecting value: line 1 column 196 (char 195)
2025-03-27 08:30:15,868 - src.utils.data_cache - ERROR - Error writing cache options_chain_ISRG_nearest: Object of type Timestamp is not JSON serializable
2025-03-27 08:30:15,870 - src.modules.scanner - INFO - Filtered out ISRG setup: confidence=57.1%, trend=weak_bearish
2025-03-27 08:30:15,870 - src.modules.scanner - INFO - Processing CDNS... (81/101)
2025-03-27 08:30:15,926 - src.modules.scanner - INFO - Fetched price for CDNS: $263.41
2025-03-27 08:30:15,926 - src.modules.market_context - INFO - Fetching data for CDNS
2025-03-27 08:30:16,144 - src.modules.key_levels - INFO - Fetching options data for CDNS
2025-03-27 08:30:16,458 - src.utils.data_cache - ERROR - Error reading cache options_chain_CDNS_nearest: Expecting value: line 1 column 196 (char 195)
2025-03-27 08:30:16,556 - src.utils.data_cache - ERROR - Error writing cache options_chain_CDNS_nearest: Object of type Timestamp is not JSON serializable
2025-03-27 08:30:16,557 - src.modules.scanner - INFO - Added CDNS to results
2025-03-27 08:30:16,558 - src.modules.scanner - INFO - Processing GOOGL... (82/101)
2025-03-27 08:30:16,610 - src.modules.scanner - INFO - Fetched price for GOOGL: $165.06
2025-03-27 08:30:16,611 - src.modules.market_context - INFO - Fetching data for GOOGL
2025-03-27 08:30:16,867 - src.modules.key_levels - INFO - Fetching options data for GOOGL
2025-03-27 08:30:17,147 - src.utils.data_cache - ERROR - Error reading cache options_chain_GOOGL_nearest: Expecting value: line 1 column 199 (char 198)
2025-03-27 08:30:17,247 - src.utils.data_cache - ERROR - Error writing cache options_chain_GOOGL_nearest: Object of type Timestamp is not JSON serializable
2025-03-27 08:30:17,248 - src.modules.scanner - INFO - Filtered out GOOGL setup: confidence=57.1%, trend=weak_bearish
2025-03-27 08:30:17,249 - src.modules.scanner - INFO - Processing CTSH... (83/101)
2025-03-27 08:30:17,312 - src.modules.scanner - INFO - Fetched price for CTSH: $77.85
2025-03-27 08:30:17,313 - src.modules.market_context - INFO - Fetching data for CTSH
2025-03-27 08:30:17,528 - src.modules.key_levels - INFO - Fetching options data for CTSH
2025-03-27 08:30:17,785 - src.utils.data_cache - ERROR - Error reading cache options_chain_CTSH_nearest: Expecting value: line 1 column 195 (char 194)
2025-03-27 08:30:17,881 - src.utils.data_cache - ERROR - Error writing cache options_chain_CTSH_nearest: Object of type Timestamp is not JSON serializable
2025-03-27 08:30:17,882 - src.modules.scanner - INFO - Filtered out CTSH setup: confidence=64.3%, trend=bearish
2025-03-27 08:30:17,882 - src.modules.scanner - INFO - Processing ADSK... (84/101)
2025-03-27 08:30:17,951 - src.modules.scanner - INFO - Fetched price for ADSK: $271.21
2025-03-27 08:30:17,952 - src.modules.market_context - INFO - Fetching data for ADSK
2025-03-27 08:30:18,273 - src.modules.key_levels - INFO - Fetching options data for ADSK
2025-03-27 08:30:18,546 - src.utils.data_cache - ERROR - Error reading cache options_chain_ADSK_nearest: Expecting value: line 1 column 196 (char 195)
2025-03-27 08:30:18,661 - src.utils.data_cache - ERROR - Error writing cache options_chain_ADSK_nearest: Object of type Timestamp is not JSON serializable
2025-03-27 08:30:18,663 - src.modules.scanner - INFO - Filtered out ADSK setup: confidence=57.1%, trend=weak_bearish
2025-03-27 08:30:18,663 - src.modules.scanner - INFO - Processing AMGN... (85/101)
2025-03-27 08:30:18,761 - src.modules.scanner - INFO - Fetched price for AMGN: $305.71
2025-03-27 08:30:18,762 - src.modules.market_context - INFO - Fetching data for AMGN
2025-03-27 08:30:18,996 - src.modules.key_levels - INFO - Fetching options data for AMGN
2025-03-27 08:30:19,268 - src.utils.data_cache - ERROR - Error reading cache options_chain_AMGN_nearest: Expecting value: line 1 column 196 (char 195)
2025-03-27 08:30:19,366 - src.utils.data_cache - ERROR - Error writing cache options_chain_AMGN_nearest: Object of type Timestamp is not JSON serializable
2025-03-27 08:30:19,367 - src.modules.scanner - INFO - Added AMGN to results
2025-03-27 08:30:19,368 - src.modules.scanner - INFO - Processing LRCX... (86/101)
2025-03-27 08:30:19,436 - src.modules.scanner - INFO - Fetched price for LRCX: $76.14
2025-03-27 08:30:19,437 - src.modules.market_context - INFO - Fetching data for LRCX
2025-03-27 08:30:19,692 - src.modules.key_levels - INFO - Fetching options data for LRCX
2025-03-27 08:30:20,023 - src.utils.data_cache - ERROR - Error reading cache options_chain_LRCX_nearest: Expecting value: line 1 column 196 (char 195)
2025-03-27 08:30:20,122 - src.utils.data_cache - ERROR - Error writing cache options_chain_LRCX_nearest: Object of type Timestamp is not JSON serializable
2025-03-27 08:30:20,123 - src.modules.scanner - INFO - Added LRCX to results
2025-03-27 08:30:20,124 - src.modules.scanner - INFO - Processing CMCSA... (87/101)
2025-03-27 08:30:20,236 - src.modules.scanner - INFO - Fetched price for CMCSA: $37.37
2025-03-27 08:30:20,237 - src.modules.market_context - INFO - Fetching data for CMCSA
2025-03-27 08:30:20,512 - src.modules.key_levels - INFO - Fetching options data for CMCSA
2025-03-27 08:30:20,812 - src.utils.data_cache - ERROR - Error reading cache options_chain_CMCSA_nearest: Expecting value: line 1 column 199 (char 198)
2025-03-27 08:30:20,911 - src.utils.data_cache - ERROR - Error writing cache options_chain_CMCSA_nearest: Object of type Timestamp is not JSON serializable
2025-03-27 08:30:20,912 - src.modules.scanner - INFO - Added CMCSA to results
2025-03-27 08:30:20,913 - src.modules.scanner - INFO - Processing GILD... (88/101)
2025-03-27 08:30:20,977 - src.modules.scanner - INFO - Fetched price for GILD: $109.27
2025-03-27 08:30:20,978 - src.modules.market_context - INFO - Fetching data for GILD
2025-03-27 08:30:21,238 - src.modules.key_levels - INFO - Fetching options data for GILD
2025-03-27 08:30:21,529 - src.utils.data_cache - ERROR - Error reading cache options_chain_GILD_nearest: Expecting value: line 1 column 196 (char 195)
2025-03-27 08:30:21,627 - src.utils.data_cache - ERROR - Error writing cache options_chain_GILD_nearest: Object of type Timestamp is not JSON serializable
2025-03-27 08:30:21,628 - src.modules.scanner - INFO - Filtered out GILD setup: confidence=57.1%, trend=weak_bearish
2025-03-27 08:30:21,629 - src.modules.scanner - INFO - Processing NVDA... (89/101)
2025-03-27 08:30:21,691 - src.modules.scanner - INFO - Fetched price for NVDA: $113.76
2025-03-27 08:30:21,692 - src.modules.market_context - INFO - Fetching data for NVDA
2025-03-27 08:30:21,980 - src.modules.key_levels - INFO - Fetching options data for NVDA
2025-03-27 08:30:22,289 - src.utils.data_cache - ERROR - Error reading cache options_chain_NVDA_nearest: Expecting value: line 1 column 197 (char 196)
2025-03-27 08:30:22,387 - src.utils.data_cache - ERROR - Error writing cache options_chain_NVDA_nearest: Object of type Timestamp is not JSON serializable
2025-03-27 08:30:22,389 - src.modules.scanner - INFO - Filtered out NVDA setup: confidence=56.2%, trend=weak_neutral
2025-03-27 08:30:22,389 - src.modules.scanner - INFO - Processing AMZN... (90/101)
2025-03-27 08:30:22,437 - src.modules.scanner - INFO - Fetched price for AMZN: $201.13
2025-03-27 08:30:22,438 - src.modules.market_context - INFO - Fetching data for AMZN
2025-03-27 08:30:22,700 - src.modules.key_levels - INFO - Fetching options data for AMZN
2025-03-27 08:30:22,994 - src.utils.data_cache - ERROR - Error reading cache options_chain_AMZN_nearest: Expecting value: line 1 column 196 (char 195)
2025-03-27 08:30:23,092 - src.utils.data_cache - ERROR - Error writing cache options_chain_AMZN_nearest: Object of type Timestamp is not JSON serializable
2025-03-27 08:30:23,093 - src.modules.scanner - INFO - Filtered out AMZN setup: confidence=57.1%, trend=weak_bullish
2025-03-27 08:30:23,093 - src.modules.scanner - INFO - Processing MCHP... (91/101)
2025-03-27 08:30:23,167 - src.modules.scanner - INFO - Fetched price for MCHP: $52.17
2025-03-27 08:30:23,168 - src.modules.market_context - INFO - Fetching data for MCHP
2025-03-27 08:30:23,434 - src.modules.key_levels - INFO - Fetching options data for MCHP
2025-03-27 08:30:23,725 - src.utils.data_cache - ERROR - Error reading cache options_chain_MCHP_nearest: Expecting value: line 1 column 196 (char 195)
2025-03-27 08:30:23,822 - src.utils.data_cache - ERROR - Error writing cache options_chain_MCHP_nearest: Object of type Timestamp is not JSON serializable
2025-03-27 08:30:23,824 - src.modules.scanner - INFO - Filtered out MCHP setup: confidence=85.7%, trend=bearish
2025-03-27 08:30:23,824 - src.modules.scanner - INFO - Processing SBUX... (92/101)
2025-03-27 08:30:23,891 - src.modules.scanner - INFO - Fetched price for SBUX: $97.97
2025-03-27 08:30:23,892 - src.modules.market_context - INFO - Fetching data for SBUX
2025-03-27 08:30:24,150 - src.modules.key_levels - INFO - Fetching options data for SBUX
2025-03-27 08:30:24,487 - src.utils.data_cache - ERROR - Error reading cache options_chain_SBUX_nearest: Expecting value: line 1 column 196 (char 195)
2025-03-27 08:30:24,585 - src.utils.data_cache - ERROR - Error writing cache options_chain_SBUX_nearest: Object of type Timestamp is not JSON serializable
2025-03-27 08:30:24,587 - src.modules.scanner - INFO - Filtered out SBUX setup: confidence=57.1%, trend=weak_bearish
2025-03-27 08:30:24,587 - src.modules.scanner - INFO - Processing MU... (93/101)
2025-03-27 08:30:24,688 - src.modules.scanner - INFO - Fetched price for MU: $92.13
2025-03-27 08:30:24,689 - src.modules.market_context - INFO - Fetching data for MU
2025-03-27 08:30:24,987 - src.modules.key_levels - INFO - Fetching options data for MU
2025-03-27 08:30:25,343 - src.utils.data_cache - ERROR - Error reading cache options_chain_MU_nearest: Expecting value: line 1 column 192 (char 191)
2025-03-27 08:30:25,440 - src.utils.data_cache - ERROR - Error writing cache options_chain_MU_nearest: Object of type Timestamp is not JSON serializable
2025-03-27 08:30:25,442 - src.modules.scanner - INFO - Added MU to results
2025-03-27 08:30:25,442 - src.modules.scanner - INFO - Processing INTU... (94/101)
2025-03-27 08:30:25,503 - src.modules.scanner - INFO - Fetched price for INTU: $614.86
2025-03-27 08:30:25,504 - src.modules.market_context - INFO - Fetching data for INTU
2025-03-27 08:30:25,751 - src.modules.key_levels - INFO - Fetching options data for INTU
2025-03-27 08:30:26,056 - src.utils.data_cache - ERROR - Error reading cache options_chain_INTU_nearest: Expecting value: line 1 column 196 (char 195)
2025-03-27 08:30:26,153 - src.utils.data_cache - ERROR - Error writing cache options_chain_INTU_nearest: Object of type Timestamp is not JSON serializable
2025-03-27 08:30:26,155 - src.modules.scanner - INFO - Added INTU to results
2025-03-27 08:30:26,155 - src.modules.scanner - INFO - Processing BIIB... (95/101)
2025-03-27 08:30:26,205 - src.modules.scanner - INFO - Fetched price for BIIB: $142.43
2025-03-27 08:30:26,206 - src.modules.market_context - INFO - Fetching data for BIIB
2025-03-27 08:30:26,410 - src.modules.key_levels - INFO - Fetching options data for BIIB
2025-03-27 08:30:26,651 - src.utils.data_cache - ERROR - Error reading cache options_chain_BIIB_nearest: Expecting value: line 1 column 197 (char 196)
2025-03-27 08:30:26,749 - src.utils.data_cache - ERROR - Error writing cache options_chain_BIIB_nearest: Object of type Timestamp is not JSON serializable
2025-03-27 08:30:26,751 - src.modules.scanner - INFO - Added BIIB to results
2025-03-27 08:30:26,751 - src.modules.scanner - INFO - Processing AAPL... (96/101)
2025-03-27 08:30:26,850 - src.modules.scanner - INFO - Fetched price for AAPL: $221.53
2025-03-27 08:30:26,851 - src.modules.market_context - INFO - Fetching data for AAPL
2025-03-27 08:30:27,168 - src.modules.key_levels - INFO - Fetching options data for AAPL
2025-03-27 08:30:27,548 - src.utils.data_cache - ERROR - Error reading cache options_chain_AAPL_nearest: Expecting value: line 1 column 197 (char 196)
2025-03-27 08:30:27,647 - src.utils.data_cache - ERROR - Error writing cache options_chain_AAPL_nearest: Object of type Timestamp is not JSON serializable
2025-03-27 08:30:27,648 - src.modules.scanner - INFO - Filtered out AAPL setup: confidence=57.1%, trend=weak_bearish
2025-03-27 08:30:27,649 - src.modules.scanner - INFO - Processing COST... (97/101)
2025-03-27 08:30:27,733 - src.modules.scanner - INFO - Fetched price for COST: $929.75
2025-03-27 08:30:27,734 - src.modules.market_context - INFO - Fetching data for COST
2025-03-27 08:30:28,123 - src.modules.key_levels - INFO - Fetching options data for COST
2025-03-27 08:30:28,459 - src.utils.data_cache - ERROR - Error reading cache options_chain_COST_nearest: Expecting value: line 1 column 185 (char 184)
2025-03-27 08:30:28,573 - src.utils.data_cache - ERROR - Error writing cache options_chain_COST_nearest: Object of type Timestamp is not JSON serializable
2025-03-27 08:30:28,577 - src.modules.scanner - INFO - Filtered out COST setup: confidence=57.1%, trend=weak_bearish
2025-03-27 08:30:28,578 - src.modules.scanner - INFO - Processing CTAS... (98/101)
2025-03-27 08:30:28,674 - src.modules.scanner - INFO - Fetched price for CTAS: $204.71
2025-03-27 08:30:28,675 - src.modules.market_context - INFO - Fetching data for CTAS
2025-03-27 08:30:28,944 - src.modules.key_levels - INFO - Fetching options data for CTAS
2025-03-27 08:30:29,214 - src.utils.data_cache - ERROR - Error reading cache options_chain_CTAS_nearest: Expecting value: line 1 column 196 (char 195)
2025-03-27 08:30:29,312 - src.utils.data_cache - ERROR - Error writing cache options_chain_CTAS_nearest: Object of type Timestamp is not JSON serializable
2025-03-27 08:30:29,313 - src.modules.scanner - INFO - Added CTAS to results
2025-03-27 08:30:29,313 - src.modules.scanner - INFO - Processing INTC... (99/101)
2025-03-27 08:30:29,400 - src.modules.scanner - INFO - Fetched price for INTC: $23.42
2025-03-27 08:30:29,401 - src.modules.market_context - INFO - Fetching data for INTC
2025-03-27 08:30:29,703 - src.modules.key_levels - INFO - Fetching options data for INTC
2025-03-27 08:30:30,007 - src.utils.data_cache - ERROR - Error reading cache options_chain_INTC_nearest: Expecting value: line 1 column 197 (char 196)
2025-03-27 08:30:30,104 - src.utils.data_cache - ERROR - Error writing cache options_chain_INTC_nearest: Object of type Timestamp is not JSON serializable
2025-03-27 08:30:30,106 - src.modules.scanner - INFO - Added INTC to results
2025-03-27 08:30:30,106 - src.modules.scanner - INFO - Processing KLAC... (100/101)
2025-03-27 08:30:30,173 - src.modules.scanner - INFO - Fetched price for KLAC: $705.54
2025-03-27 08:30:30,174 - src.modules.market_context - INFO - Fetching data for KLAC
2025-03-27 08:30:30,428 - src.modules.key_levels - INFO - Fetching options data for KLAC
2025-03-27 08:30:30,756 - src.utils.data_cache - ERROR - Error reading cache options_chain_KLAC_nearest: Expecting value: line 1 column 196 (char 195)
2025-03-27 08:30:30,853 - src.utils.data_cache - ERROR - Error writing cache options_chain_KLAC_nearest: Object of type Timestamp is not JSON serializable
2025-03-27 08:30:30,854 - src.modules.scanner - INFO - Added KLAC to results
2025-03-27 08:30:30,854 - src.modules.scanner - INFO - Processing PCAR... (101/101)
2025-03-27 08:30:30,965 - src.modules.scanner - INFO - Fetched price for PCAR: $99.53
2025-03-27 08:30:30,966 - src.modules.market_context - INFO - Fetching data for PCAR
2025-03-27 08:30:31,257 - src.modules.key_levels - INFO - Fetching options data for PCAR
2025-03-27 08:30:31,581 - src.utils.data_cache - ERROR - Error reading cache options_chain_PCAR_nearest: Expecting value: line 1 column 196 (char 195)
2025-03-27 08:30:31,680 - src.utils.data_cache - ERROR - Error writing cache options_chain_PCAR_nearest: Object of type Timestamp is not JSON serializable
2025-03-27 08:30:31,682 - src.modules.scanner - INFO - Filtered out PCAR setup: confidence=85.7%, trend=bearish
2025-03-27 08:30:31,682 - src.modules.scanner - INFO - Pre-filter results count: 50
2025-03-27 08:30:31,683 - src.modules.scanner - INFO - Post-filter results count: 50
2025-03-27 08:30:31,757 - src.modules.scanner - INFO - Results saved to scanner_results\scan_results_20250327_083031.json
2025-03-27 08:30:31,757 - src.modules.scanner - INFO - Scan complete. Found 50 setups after filtering.
2025-03-27 08:32:13,155 - werkzeug - INFO -  * Detected change in 'C:\\Users\\cciep\\Github\\APPs\\options-scanner-v2\\src\\utils\\data_cache.py', reloading
2025-03-27 08:32:13,392 - werkzeug - INFO -  * Restarting with stat
2025-03-27 08:32:14,654 - __main__ - INFO - Starting Options-Technical Hybrid Scanner
2025-03-27 08:32:14,668 - werkzeug - WARNING -  * Debugger is active!
2025-03-27 08:32:14,672 - werkzeug - INFO -  * Debugger PIN: 216-997-372
2025-03-27 08:33:31,606 - werkzeug - INFO - 127.0.0.1 - - [27/Mar/2025 08:33:31] "GET / HTTP/1.1" 200 -
2025-03-27 08:33:31,680 - werkzeug - INFO - 127.0.0.1 - - [27/Mar/2025 08:33:31] "[36mGET /static/css/styles.css HTTP/1.1[0m" 304 -
2025-03-27 08:33:31,866 - werkzeug - INFO - 127.0.0.1 - - [27/Mar/2025 08:33:31] "[36mGET /static/js/app.js HTTP/1.1[0m" 304 -
2025-03-27 08:33:32,188 - werkzeug - INFO - 127.0.0.1 - - [27/Mar/2025 08:33:32] "GET /api/results HTTP/1.1" 200 -
2025-03-27 08:33:37,353 - src.modules.scanner - INFO - Loading configuration from config.json
2025-03-27 08:33:37,355 - src.modules.scanner - INFO - Using cached NASDAQ constituents
2025-03-27 08:33:37,355 - src.modules.scanner - INFO - Loaded 101 symbols from NASDAQ Composite
2025-03-27 08:33:37,356 - src.modules.scanner - INFO - Starting scan for 101 symbols
2025-03-27 08:33:37,356 - werkzeug - INFO - 127.0.0.1 - - [27/Mar/2025 08:33:37] "GET /api/scan?filters={"trend":["bullish","bearish","neutral"],"pcr_min":0,"pcr_max":2,"rsi_min":0,"rsi_max":100,"stoch_rsi_min":0,"stoch_rsi_max":100,"min_confidence":60} HTTP/1.1" 200 -
2025-03-27 08:33:37,357 - src.modules.scanner - INFO - Processing ADBE... (1/101)
2025-03-27 08:33:37,790 - src.modules.scanner - INFO - Fetched price for ADBE: $397.81
2025-03-27 08:33:37,790 - src.modules.market_context - INFO - Fetching data for ADBE
2025-03-27 08:33:38,144 - src.modules.key_levels - INFO - Fetching options data for ADBE
2025-03-27 08:33:38,470 - src.utils.data_cache - ERROR - Error reading cache options_chain_ADBE_nearest: Expecting value: line 1 column 197 (char 196)
2025-03-27 08:33:38,571 - src.modules.options_metrics - ERROR - Error getting options chain for ADBE: 'DataCache' object has no attribute 'set_cache'
2025-03-27 08:33:38,571 - src.modules.options_metrics - ERROR - Could not get options chain for ADBE
2025-03-27 08:33:38,572 - src.modules.scanner - INFO - Added ADBE to results
2025-03-27 08:33:38,573 - src.modules.scanner - INFO - Processing AMAT... (2/101)
2025-03-27 08:33:38,642 - src.modules.scanner - INFO - Fetched price for AMAT: $150.68
2025-03-27 08:33:38,643 - src.modules.market_context - INFO - Fetching data for AMAT
2025-03-27 08:33:38,892 - src.modules.key_levels - INFO - Fetching options data for AMAT
2025-03-27 08:33:39,199 - src.utils.data_cache - ERROR - Error reading cache options_chain_AMAT_nearest: Expecting value: line 1 column 197 (char 196)
2025-03-27 08:33:39,295 - src.modules.options_metrics - ERROR - Error getting options chain for AMAT: 'DataCache' object has no attribute 'set_cache'
2025-03-27 08:33:39,296 - src.modules.options_metrics - ERROR - Could not get options chain for AMAT
2025-03-27 08:33:39,296 - src.modules.scanner - INFO - Added AMAT to results
2025-03-27 08:33:39,297 - src.modules.scanner - INFO - Processing CSCO... (3/101)
2025-03-27 08:33:39,362 - src.modules.scanner - INFO - Fetched price for CSCO: $61.80
2025-03-27 08:33:39,363 - src.modules.market_context - INFO - Fetching data for CSCO
2025-03-27 08:33:39,599 - src.modules.key_levels - INFO - Fetching options data for CSCO
2025-03-27 08:33:39,876 - src.utils.data_cache - ERROR - Error reading cache options_chain_CSCO_nearest: Expecting value: line 1 column 196 (char 195)
2025-03-27 08:33:39,972 - src.modules.options_metrics - ERROR - Error getting options chain for CSCO: 'DataCache' object has no attribute 'set_cache'
2025-03-27 08:33:39,973 - src.modules.options_metrics - ERROR - Could not get options chain for CSCO
2025-03-27 08:33:39,974 - src.modules.scanner - INFO - Added CSCO to results
2025-03-27 08:33:39,974 - src.modules.scanner - INFO - Processing FAST... (4/101)
2025-03-27 08:33:40,067 - src.modules.scanner - INFO - Fetched price for FAST: $77.09
2025-03-27 08:33:40,068 - src.modules.market_context - INFO - Fetching data for FAST
2025-03-27 08:33:40,299 - src.modules.key_levels - INFO - Fetching options data for FAST
2025-03-27 08:33:40,597 - src.utils.data_cache - ERROR - Error reading cache options_chain_FAST_nearest: Expecting value: line 1 column 196 (char 195)
2025-03-27 08:33:40,692 - src.modules.options_metrics - ERROR - Error getting options chain for FAST: 'DataCache' object has no attribute 'set_cache'
2025-03-27 08:33:40,693 - src.modules.options_metrics - ERROR - Could not get options chain for FAST
2025-03-27 08:33:40,693 - src.modules.scanner - INFO - Added FAST to results
2025-03-27 08:33:40,694 - src.modules.scanner - INFO - Processing MSFT... (5/101)
2025-03-27 08:33:40,762 - src.modules.scanner - INFO - Fetched price for MSFT: $389.97
2025-03-27 08:33:40,763 - src.modules.market_context - INFO - Fetching data for MSFT
2025-03-27 08:33:41,133 - src.modules.key_levels - INFO - Fetching options data for MSFT
2025-03-27 08:33:41,461 - src.utils.data_cache - ERROR - Error reading cache options_chain_MSFT_nearest: Expecting value: line 1 column 196 (char 195)
2025-03-27 08:33:41,558 - src.modules.options_metrics - ERROR - Error getting options chain for MSFT: 'DataCache' object has no attribute 'set_cache'
2025-03-27 08:33:41,559 - src.modules.options_metrics - ERROR - Could not get options chain for MSFT
2025-03-27 08:33:41,560 - src.modules.scanner - INFO - Added MSFT to results
2025-03-27 08:33:41,560 - src.modules.scanner - INFO - Processing PAYX... (6/101)
2025-03-27 08:33:41,660 - src.modules.scanner - INFO - Fetched price for PAYX: $150.19
2025-03-27 08:33:41,661 - src.modules.market_context - INFO - Fetching data for PAYX
2025-03-27 08:33:41,906 - src.modules.key_levels - INFO - Fetching options data for PAYX
2025-03-27 08:33:42,191 - src.utils.data_cache - ERROR - Error reading cache options_chain_PAYX_nearest: Expecting value: line 1 column 197 (char 196)
2025-03-27 08:33:42,287 - src.modules.options_metrics - ERROR - Error getting options chain for PAYX: 'DataCache' object has no attribute 'set_cache'
2025-03-27 08:33:42,288 - src.modules.options_metrics - ERROR - Could not get options chain for PAYX
2025-03-27 08:33:42,288 - src.modules.scanner - INFO - Filtered out PAYX setup: confidence=75.0%, trend=neutral
2025-03-27 08:33:42,288 - src.modules.scanner - INFO - Processing QCOM... (7/101)
2025-03-27 08:33:42,381 - src.modules.scanner - INFO - Fetched price for QCOM: $158.39
2025-03-27 08:33:42,382 - src.modules.market_context - INFO - Fetching data for QCOM
2025-03-27 08:33:42,649 - src.modules.key_levels - INFO - Fetching options data for QCOM
2025-03-27 08:33:42,948 - src.utils.data_cache - ERROR - Error reading cache options_chain_QCOM_nearest: Expecting value: line 1 column 197 (char 196)
2025-03-27 08:33:43,047 - src.modules.options_metrics - ERROR - Error getting options chain for QCOM: 'DataCache' object has no attribute 'set_cache'
2025-03-27 08:33:43,047 - src.modules.options_metrics - ERROR - Could not get options chain for QCOM
2025-03-27 08:33:43,048 - src.modules.scanner - INFO - Filtered out QCOM setup: confidence=57.1%, trend=weak_bullish
2025-03-27 08:33:43,048 - src.modules.scanner - INFO - Processing AXON... (8/101)
2025-03-27 08:33:43,106 - src.modules.scanner - INFO - Fetched price for AXON: $559.06
2025-03-27 08:33:43,107 - src.modules.market_context - INFO - Fetching data for AXON
2025-03-27 08:33:43,356 - src.modules.key_levels - INFO - Fetching options data for AXON
2025-03-27 08:33:43,651 - src.utils.data_cache - ERROR - Error reading cache options_chain_AXON_nearest: Expecting value: line 1 column 196 (char 195)
2025-03-27 08:33:43,753 - src.modules.options_metrics - ERROR - Error getting options chain for AXON: 'DataCache' object has no attribute 'set_cache'
2025-03-27 08:33:43,754 - src.modules.options_metrics - ERROR - Could not get options chain for AXON
2025-03-27 08:33:43,755 - src.modules.scanner - INFO - Added AXON to results
2025-03-27 08:33:43,755 - src.modules.scanner - INFO - Processing MSTR... (9/101)
2025-03-27 08:33:43,812 - src.modules.scanner - INFO - Fetched price for MSTR: $329.31
2025-03-27 08:33:43,812 - src.modules.market_context - INFO - Fetching data for MSTR
2025-03-27 08:33:44,167 - src.modules.key_levels - INFO - Fetching options data for MSTR
2025-03-27 08:33:44,527 - src.utils.data_cache - ERROR - Error reading cache options_chain_MSTR_nearest: Expecting value: line 1 column 197 (char 196)
2025-03-27 08:33:44,627 - src.modules.options_metrics - ERROR - Error getting options chain for MSTR: 'DataCache' object has no attribute 'set_cache'
2025-03-27 08:33:44,628 - src.modules.options_metrics - ERROR - Could not get options chain for MSTR
2025-03-27 08:33:44,629 - src.modules.scanner - INFO - Added MSTR to results
2025-03-27 08:33:44,629 - src.modules.scanner - INFO - Processing PLTR... (10/101)
2025-03-27 08:33:44,680 - src.modules.scanner - INFO - Fetched price for PLTR: $92.28
2025-03-27 08:33:44,681 - src.modules.market_context - INFO - Fetching data for PLTR
2025-03-27 08:33:44,961 - src.modules.key_levels - INFO - Fetching options data for PLTR
2025-03-27 08:33:45,284 - src.utils.data_cache - ERROR - Error reading cache options_chain_PLTR_nearest: Expecting value: line 1 column 196 (char 195)
2025-03-27 08:33:45,381 - src.modules.options_metrics - ERROR - Error getting options chain for PLTR: 'DataCache' object has no attribute 'set_cache'
2025-03-27 08:33:45,381 - src.modules.options_metrics - ERROR - Could not get options chain for PLTR
2025-03-27 08:33:45,382 - src.modules.scanner - INFO - Added PLTR to results
2025-03-27 08:33:45,382 - src.modules.scanner - INFO - Processing APP... (11/101)
2025-03-27 08:33:45,432 - src.modules.scanner - INFO - Fetched price for APP: $327.62
2025-03-27 08:33:45,433 - src.modules.market_context - INFO - Fetching data for APP
2025-03-27 08:33:45,740 - src.modules.key_levels - INFO - Fetching options data for APP
2025-03-27 08:33:46,088 - src.utils.data_cache - ERROR - Error reading cache options_chain_APP_nearest: Expecting value: line 1 column 194 (char 193)
2025-03-27 08:33:46,189 - src.modules.options_metrics - ERROR - Error getting options chain for APP: 'DataCache' object has no attribute 'set_cache'
2025-03-27 08:33:46,189 - src.modules.options_metrics - ERROR - Could not get options chain for APP
2025-03-27 08:33:46,189 - src.modules.scanner - INFO - Added APP to results
2025-03-27 08:33:46,190 - src.modules.scanner - INFO - Processing ARM... (12/101)
2025-03-27 08:33:46,244 - src.modules.scanner - INFO - Fetched price for ARM: $114.93
2025-03-27 08:33:46,245 - src.modules.market_context - INFO - Fetching data for ARM
2025-03-27 08:33:46,506 - src.modules.key_levels - INFO - Fetching options data for ARM
2025-03-27 08:33:46,815 - src.utils.data_cache - ERROR - Error reading cache options_chain_ARM_nearest: Expecting value: line 1 column 195 (char 194)
2025-03-27 08:33:46,913 - src.modules.options_metrics - ERROR - Error getting options chain for ARM: 'DataCache' object has no attribute 'set_cache'
2025-03-27 08:33:46,914 - src.modules.options_metrics - ERROR - Could not get options chain for ARM
2025-03-27 08:33:46,915 - src.modules.scanner - INFO - Filtered out ARM setup: confidence=57.1%, trend=weak_bearish
2025-03-27 08:33:46,915 - src.modules.scanner - INFO - Processing LIN... (13/101)
2025-03-27 08:33:47,005 - src.modules.scanner - INFO - Fetched price for LIN: $461.43
2025-03-27 08:33:47,006 - src.modules.market_context - INFO - Fetching data for LIN
2025-03-27 08:33:47,281 - src.modules.key_levels - INFO - Fetching options data for LIN
2025-03-27 08:33:47,571 - src.utils.data_cache - ERROR - Error reading cache options_chain_LIN_nearest: Expecting value: line 1 column 195 (char 194)
2025-03-27 08:33:47,667 - src.modules.options_metrics - ERROR - Error getting options chain for LIN: 'DataCache' object has no attribute 'set_cache'
2025-03-27 08:33:47,668 - src.modules.options_metrics - ERROR - Could not get options chain for LIN
2025-03-27 08:33:47,668 - src.modules.scanner - INFO - Added LIN to results
2025-03-27 08:33:47,669 - src.modules.scanner - INFO - Processing CCEP... (14/101)
2025-03-27 08:33:47,756 - src.modules.scanner - INFO - Fetched price for CCEP: $85.37
2025-03-27 08:33:47,757 - src.modules.market_context - INFO - Fetching data for CCEP
2025-03-27 08:33:47,975 - src.modules.key_levels - INFO - Fetching options data for CCEP
2025-03-27 08:33:48,277 - src.utils.data_cache - ERROR - Error reading cache options_chain_CCEP_nearest: Expecting value: line 1 column 196 (char 195)
2025-03-27 08:33:48,374 - src.modules.options_metrics - ERROR - Error getting options chain for CCEP: 'DataCache' object has no attribute 'set_cache'
2025-03-27 08:33:48,375 - src.modules.options_metrics - ERROR - Could not get options chain for CCEP
2025-03-27 08:33:48,375 - src.modules.scanner - INFO - Filtered out CCEP setup: confidence=71.4%, trend=bullish
2025-03-27 08:33:48,375 - src.modules.scanner - INFO - Processing DASH... (15/101)
2025-03-27 08:33:48,431 - src.modules.scanner - INFO - Fetched price for DASH: $192.87
2025-03-27 08:33:48,432 - src.modules.market_context - INFO - Fetching data for DASH
2025-03-27 08:33:48,690 - src.modules.key_levels - INFO - Fetching options data for DASH
2025-03-27 08:33:49,072 - src.utils.data_cache - ERROR - Error reading cache options_chain_DASH_nearest: Expecting value: line 1 column 196 (char 195)
2025-03-27 08:33:49,135 - src.modules.scanner - INFO - Loading configuration from config.json
2025-03-27 08:33:49,138 - src.modules.scanner - INFO - Using cached NASDAQ constituents
2025-03-27 08:33:49,139 - src.modules.scanner - INFO - Loaded 101 symbols from NASDAQ Composite
2025-03-27 08:33:49,139 - src.modules.scanner - INFO - Analyzing AAPL
2025-03-27 08:33:49,140 - src.modules.market_context - INFO - Fetching data for AAPL
2025-03-27 08:33:49,168 - src.modules.options_metrics - ERROR - Error getting options chain for DASH: 'DataCache' object has no attribute 'set_cache'
2025-03-27 08:33:49,169 - src.modules.options_metrics - ERROR - Could not get options chain for DASH
2025-03-27 08:33:49,170 - src.modules.scanner - INFO - Added DASH to results
2025-03-27 08:33:49,170 - src.modules.scanner - INFO - Processing MDB... (16/101)
2025-03-27 08:33:49,228 - src.modules.scanner - INFO - Fetched price for MDB: $193.66
2025-03-27 08:33:49,229 - src.modules.market_context - INFO - Fetching data for MDB
2025-03-27 08:33:49,472 - src.modules.key_levels - INFO - Fetching options data for MDB
2025-03-27 08:33:49,494 - src.modules.key_levels - INFO - Fetching options data for AAPL
2025-03-27 08:33:49,736 - src.utils.data_cache - ERROR - Error reading cache options_chain_MDB_nearest: Expecting value: line 1 column 195 (char 194)
2025-03-27 08:33:49,839 - src.modules.options_metrics - ERROR - Error getting options chain for MDB: 'DataCache' object has no attribute 'set_cache'
2025-03-27 08:33:49,840 - src.modules.options_metrics - ERROR - Could not get options chain for MDB
2025-03-27 08:33:49,840 - src.modules.scanner - INFO - Filtered out MDB setup: confidence=50.0%, trend=weak_bullish
2025-03-27 08:33:49,840 - src.modules.scanner - INFO - Processing ROP... (17/101)
2025-03-27 08:33:49,847 - src.utils.data_cache - ERROR - Error reading cache options_chain_AAPL_nearest: Expecting value: line 1 column 197 (char 196)
2025-03-27 08:33:49,950 - src.modules.scanner - INFO - Fetched price for ROP: $582.71
2025-03-27 08:33:49,951 - src.modules.market_context - INFO - Fetching data for ROP
2025-03-27 08:33:49,991 - src.modules.options_metrics - ERROR - Error getting options chain for AAPL: 'DataCache' object has no attribute 'set_cache'
2025-03-27 08:33:49,992 - src.modules.options_metrics - ERROR - Could not get options chain for AAPL
2025-03-27 08:33:49,992 - src.modules.scanner - ERROR - Error analyzing AAPL: TradeSetupEngine.determine_setup() missing 2 required positional arguments: 'context' and 'levels'
2025-03-27 08:33:49,993 - werkzeug - INFO - 127.0.0.1 - - [27/Mar/2025 08:33:49] "GET /api/analyze/AAPL HTTP/1.1" 200 -
2025-03-27 08:33:50,176 - src.modules.key_levels - INFO - Fetching options data for ROP
2025-03-27 08:33:50,440 - src.utils.data_cache - ERROR - Error reading cache options_chain_ROP_nearest: Expecting value: line 1 column 194 (char 193)
2025-03-27 08:33:50,536 - src.modules.options_metrics - ERROR - Error getting options chain for ROP: 'DataCache' object has no attribute 'set_cache'
2025-03-27 08:33:50,537 - src.modules.options_metrics - ERROR - Could not get options chain for ROP
2025-03-27 08:33:50,537 - src.modules.scanner - INFO - Added ROP to results
2025-03-27 08:33:50,538 - src.modules.scanner - INFO - Processing TTD... (18/101)
2025-03-27 08:33:50,589 - src.modules.scanner - INFO - Fetched price for TTD: $58.80
2025-03-27 08:33:50,590 - src.modules.market_context - INFO - Fetching data for TTD
2025-03-27 08:33:50,864 - src.modules.key_levels - INFO - Fetching options data for TTD
2025-03-27 08:33:51,174 - src.utils.data_cache - ERROR - Error reading cache options_chain_TTD_nearest: Expecting value: line 1 column 194 (char 193)
2025-03-27 08:33:51,288 - src.modules.options_metrics - ERROR - Error getting options chain for TTD: 'DataCache' object has no attribute 'set_cache'
2025-03-27 08:33:51,289 - src.modules.options_metrics - ERROR - Could not get options chain for TTD
2025-03-27 08:33:51,289 - src.modules.scanner - INFO - Filtered out TTD setup: confidence=57.1%, trend=weak_bearish
2025-03-27 08:33:51,290 - src.modules.scanner - INFO - Processing ON... (19/101)
2025-03-27 08:33:51,345 - src.modules.scanner - INFO - Fetched price for ON: $45.04
2025-03-27 08:33:51,346 - src.modules.market_context - INFO - Fetching data for ON
2025-03-27 08:33:51,605 - src.modules.key_levels - INFO - Fetching options data for ON
2025-03-27 08:33:51,877 - src.utils.data_cache - ERROR - Error reading cache options_chain_ON_nearest: Expecting value: line 1 column 193 (char 192)
2025-03-27 08:33:51,974 - src.modules.options_metrics - ERROR - Error getting options chain for ON: 'DataCache' object has no attribute 'set_cache'
2025-03-27 08:33:51,975 - src.modules.options_metrics - ERROR - Could not get options chain for ON
2025-03-27 08:33:51,975 - src.modules.scanner - INFO - Filtered out ON setup: confidence=57.1%, trend=weak_bearish
2025-03-27 08:33:51,976 - src.modules.scanner - INFO - Processing GEHC... (20/101)
2025-03-27 08:33:52,027 - src.modules.scanner - INFO - Fetched price for GEHC: $81.00
2025-03-27 08:33:52,027 - src.modules.market_context - INFO - Fetching data for GEHC
2025-03-27 08:33:52,249 - src.modules.key_levels - INFO - Fetching options data for GEHC
2025-03-27 08:33:52,496 - src.utils.data_cache - ERROR - Error reading cache options_chain_GEHC_nearest: Expecting value: line 1 column 183 (char 182)
2025-03-27 08:33:52,592 - src.modules.options_metrics - ERROR - Error getting options chain for GEHC: 'DataCache' object has no attribute 'set_cache'
2025-03-27 08:33:52,593 - src.modules.options_metrics - ERROR - Could not get options chain for GEHC
2025-03-27 08:33:52,593 - src.modules.scanner - INFO - Added GEHC to results
2025-03-27 08:33:52,594 - src.modules.scanner - INFO - Processing BKR... (21/101)
2025-03-27 08:33:52,709 - src.modules.scanner - INFO - Fetched price for BKR: $44.02
2025-03-27 08:33:52,710 - src.modules.market_context - INFO - Fetching data for BKR
2025-03-27 08:33:53,023 - src.modules.key_levels - INFO - Fetching options data for BKR
2025-03-27 08:33:53,303 - src.utils.data_cache - ERROR - Error reading cache options_chain_BKR_nearest: Expecting value: line 1 column 194 (char 193)
2025-03-27 08:33:53,399 - src.modules.options_metrics - ERROR - Error getting options chain for BKR: 'DataCache' object has no attribute 'set_cache'
2025-03-27 08:33:53,399 - src.modules.options_metrics - ERROR - Could not get options chain for BKR
2025-03-27 08:33:53,400 - src.modules.scanner - INFO - Added BKR to results
2025-03-27 08:33:53,400 - src.modules.scanner - INFO - Processing FANG... (22/101)
2025-03-27 08:33:53,457 - src.modules.scanner - INFO - Fetched price for FANG: $163.09
2025-03-27 08:33:53,458 - src.modules.market_context - INFO - Fetching data for FANG
2025-03-27 08:33:53,672 - src.modules.key_levels - INFO - Fetching options data for FANG
2025-03-27 08:33:53,924 - src.utils.data_cache - ERROR - Error reading cache options_chain_FANG_nearest: Expecting value: line 1 column 197 (char 196)
2025-03-27 08:33:54,020 - src.modules.options_metrics - ERROR - Error getting options chain for FANG: 'DataCache' object has no attribute 'set_cache'
2025-03-27 08:33:54,021 - src.modules.options_metrics - ERROR - Could not get options chain for FANG
2025-03-27 08:33:54,022 - src.modules.scanner - INFO - Added FANG to results
2025-03-27 08:33:54,022 - src.modules.scanner - INFO - Processing GFS... (23/101)
2025-03-27 08:33:54,072 - src.modules.scanner - INFO - Fetched price for GFS: $38.75
2025-03-27 08:33:54,073 - src.modules.market_context - INFO - Fetching data for GFS
2025-03-27 08:33:54,272 - src.modules.key_levels - INFO - Fetching options data for GFS
2025-03-27 08:33:54,510 - src.utils.data_cache - ERROR - Error reading cache options_chain_GFS_nearest: Expecting value: line 1 column 182 (char 181)
2025-03-27 08:33:54,607 - src.modules.options_metrics - ERROR - Error getting options chain for GFS: 'DataCache' object has no attribute 'set_cache'
2025-03-27 08:33:54,608 - src.modules.options_metrics - ERROR - Could not get options chain for GFS
2025-03-27 08:33:54,608 - src.modules.scanner - INFO - Filtered out GFS setup: confidence=56.2%, trend=weak_neutral
2025-03-27 08:33:54,609 - src.modules.scanner - INFO - Processing WBD... (24/101)
2025-03-27 08:33:54,661 - src.modules.scanner - INFO - Fetched price for WBD: $11.03
2025-03-27 08:33:54,662 - src.modules.market_context - INFO - Fetching data for WBD
2025-03-27 08:33:54,872 - src.modules.key_levels - INFO - Fetching options data for WBD
2025-03-27 08:33:55,106 - src.utils.data_cache - ERROR - Error reading cache options_chain_WBD_nearest: Expecting value: line 1 column 195 (char 194)
2025-03-27 08:33:55,210 - src.modules.options_metrics - ERROR - Error getting options chain for WBD: 'DataCache' object has no attribute 'set_cache'
2025-03-27 08:33:55,210 - src.modules.options_metrics - ERROR - Could not get options chain for WBD
2025-03-27 08:33:55,211 - src.modules.scanner - INFO - Added WBD to results
2025-03-27 08:33:55,212 - src.modules.scanner - INFO - Processing AZN... (25/101)
2025-03-27 08:33:55,366 - src.modules.scanner - INFO - Fetched price for AZN: $72.72
2025-03-27 08:33:55,367 - src.modules.market_context - INFO - Fetching data for AZN
2025-03-27 08:33:55,619 - src.modules.key_levels - INFO - Fetching options data for AZN
2025-03-27 08:33:55,902 - src.utils.data_cache - ERROR - Error reading cache options_chain_AZN_nearest: Expecting value: line 1 column 194 (char 193)
2025-03-27 08:33:55,999 - src.modules.options_metrics - ERROR - Error getting options chain for AZN: 'DataCache' object has no attribute 'set_cache'
2025-03-27 08:33:55,999 - src.modules.options_metrics - ERROR - Could not get options chain for AZN
2025-03-27 08:33:56,000 - src.modules.scanner - INFO - Filtered out AZN setup: confidence=71.4%, trend=bearish
2025-03-27 08:33:56,001 - src.modules.scanner - INFO - Processing CEG... (26/101)
2025-03-27 08:33:56,059 - src.modules.scanner - INFO - Fetched price for CEG: $216.97
2025-03-27 08:33:56,060 - src.modules.market_context - INFO - Fetching data for CEG
2025-03-27 08:33:56,316 - src.modules.key_levels - INFO - Fetching options data for CEG
2025-03-27 08:33:56,675 - src.utils.data_cache - ERROR - Error reading cache options_chain_CEG_nearest: Expecting value: line 1 column 195 (char 194)
2025-03-27 08:33:56,772 - src.modules.options_metrics - ERROR - Error getting options chain for CEG: 'DataCache' object has no attribute 'set_cache'
2025-03-27 08:33:56,772 - src.modules.options_metrics - ERROR - Could not get options chain for CEG
2025-03-27 08:33:56,773 - src.modules.scanner - INFO - Filtered out CEG setup: confidence=57.1%, trend=weak_bearish
2025-03-27 08:33:56,773 - src.modules.scanner - INFO - Processing ODFL... (27/101)
2025-03-27 08:33:56,850 - src.modules.scanner - INFO - Fetched price for ODFL: $168.67
2025-03-27 08:33:56,851 - src.modules.market_context - INFO - Fetching data for ODFL
2025-03-27 08:33:57,107 - src.modules.key_levels - INFO - Fetching options data for ODFL
2025-03-27 08:33:57,363 - src.utils.data_cache - ERROR - Error reading cache options_chain_ODFL_nearest: Expecting value: line 1 column 196 (char 195)
2025-03-27 08:33:57,458 - src.modules.options_metrics - ERROR - Error getting options chain for ODFL: 'DataCache' object has no attribute 'set_cache'
2025-03-27 08:33:57,459 - src.modules.options_metrics - ERROR - Could not get options chain for ODFL
2025-03-27 08:33:57,459 - src.modules.scanner - INFO - Filtered out ODFL setup: confidence=57.1%, trend=weak_bearish
2025-03-27 08:33:57,459 - src.modules.scanner - INFO - Processing TEAM... (28/101)
2025-03-27 08:33:57,514 - src.modules.scanner - INFO - Fetched price for TEAM: $229.65
2025-03-27 08:33:57,515 - src.modules.market_context - INFO - Fetching data for TEAM
2025-03-27 08:33:57,738 - src.modules.key_levels - INFO - Fetching options data for TEAM
2025-03-27 08:33:58,025 - src.utils.data_cache - ERROR - Error reading cache options_chain_TEAM_nearest: Expecting value: line 1 column 197 (char 196)
2025-03-27 08:33:58,129 - src.modules.options_metrics - ERROR - Error getting options chain for TEAM: 'DataCache' object has no attribute 'set_cache'
2025-03-27 08:33:58,130 - src.modules.options_metrics - ERROR - Could not get options chain for TEAM
2025-03-27 08:33:58,130 - src.modules.scanner - INFO - Filtered out TEAM setup: confidence=42.9%, trend=weak_bearish
2025-03-27 08:33:58,131 - src.modules.scanner - INFO - Processing ABNB... (29/101)
2025-03-27 08:33:58,180 - src.modules.scanner - INFO - Fetched price for ABNB: $128.64
2025-03-27 08:33:58,182 - src.modules.market_context - INFO - Fetching data for ABNB
2025-03-27 08:33:58,446 - src.modules.key_levels - INFO - Fetching options data for ABNB
2025-03-27 08:33:58,724 - src.utils.data_cache - ERROR - Error reading cache options_chain_ABNB_nearest: Expecting value: line 1 column 197 (char 196)
2025-03-27 08:33:58,819 - src.modules.options_metrics - ERROR - Error getting options chain for ABNB: 'DataCache' object has no attribute 'set_cache'
2025-03-27 08:33:58,820 - src.modules.options_metrics - ERROR - Could not get options chain for ABNB
2025-03-27 08:33:58,821 - src.modules.scanner - INFO - Filtered out ABNB setup: confidence=71.4%, trend=bearish
2025-03-27 08:33:58,821 - src.modules.scanner - INFO - Processing FTNT... (30/101)
2025-03-27 08:33:58,873 - src.modules.scanner - INFO - Fetched price for FTNT: $101.01
2025-03-27 08:33:58,874 - src.modules.market_context - INFO - Fetching data for FTNT
2025-03-27 08:33:59,124 - src.modules.key_levels - INFO - Fetching options data for FTNT
2025-03-27 08:33:59,393 - src.utils.data_cache - ERROR - Error reading cache options_chain_FTNT_nearest: Expecting value: line 1 column 197 (char 196)
2025-03-27 08:33:59,491 - src.modules.options_metrics - ERROR - Error getting options chain for FTNT: 'DataCache' object has no attribute 'set_cache'
2025-03-27 08:33:59,491 - src.modules.options_metrics - ERROR - Could not get options chain for FTNT
2025-03-27 08:33:59,491 - src.modules.scanner - INFO - Filtered out FTNT setup: confidence=56.2%, trend=weak_neutral
2025-03-27 08:33:59,492 - src.modules.scanner - INFO - Processing PANW... (31/101)
2025-03-27 08:33:59,543 - src.modules.scanner - INFO - Fetched price for PANW: $184.96
2025-03-27 08:33:59,544 - src.modules.market_context - INFO - Fetching data for PANW
2025-03-27 08:33:59,775 - src.modules.key_levels - INFO - Fetching options data for PANW
2025-03-27 08:34:00,036 - src.utils.data_cache - ERROR - Error reading cache options_chain_PANW_nearest: Expecting value: line 1 column 196 (char 195)
2025-03-27 08:34:00,131 - src.modules.options_metrics - ERROR - Error getting options chain for PANW: 'DataCache' object has no attribute 'set_cache'
2025-03-27 08:34:00,131 - src.modules.options_metrics - ERROR - Could not get options chain for PANW
2025-03-27 08:34:00,132 - src.modules.scanner - INFO - Added PANW to results
2025-03-27 08:34:00,132 - src.modules.scanner - INFO - Processing ZS... (32/101)
2025-03-27 08:34:00,181 - src.modules.scanner - INFO - Fetched price for ZS: $211.55
2025-03-27 08:34:00,182 - src.modules.market_context - INFO - Fetching data for ZS
2025-03-27 08:34:00,458 - src.modules.key_levels - INFO - Fetching options data for ZS
2025-03-27 08:34:00,716 - src.utils.data_cache - ERROR - Error reading cache options_chain_ZS_nearest: Expecting value: line 1 column 192 (char 191)
2025-03-27 08:34:00,850 - src.modules.options_metrics - ERROR - Error getting options chain for ZS: 'DataCache' object has no attribute 'set_cache'
2025-03-27 08:34:00,851 - src.modules.options_metrics - ERROR - Could not get options chain for ZS
2025-03-27 08:34:00,851 - src.modules.scanner - INFO - Filtered out ZS setup: confidence=50.0%, trend=weak_bullish
2025-03-27 08:34:00,851 - src.modules.scanner - INFO - Processing DDOG... (33/101)
2025-03-27 08:34:00,902 - src.modules.scanner - INFO - Fetched price for DDOG: $107.97
2025-03-27 08:34:00,903 - src.modules.market_context - INFO - Fetching data for DDOG
2025-03-27 08:34:01,169 - src.modules.key_levels - INFO - Fetching options data for DDOG
2025-03-27 08:34:01,517 - src.utils.data_cache - ERROR - Error reading cache options_chain_DDOG_nearest: Expecting value: line 1 column 197 (char 196)
2025-03-27 08:34:01,619 - src.modules.options_metrics - ERROR - Error getting options chain for DDOG: 'DataCache' object has no attribute 'set_cache'
2025-03-27 08:34:01,620 - src.modules.options_metrics - ERROR - Could not get options chain for DDOG
2025-03-27 08:34:01,621 - src.modules.scanner - INFO - Added DDOG to results
2025-03-27 08:34:01,621 - src.modules.scanner - INFO - Processing CRWD... (34/101)
2025-03-27 08:34:01,698 - src.modules.scanner - INFO - Fetched price for CRWD: $371.41
2025-03-27 08:34:01,699 - src.modules.market_context - INFO - Fetching data for CRWD
2025-03-27 08:34:01,959 - src.modules.key_levels - INFO - Fetching options data for CRWD
2025-03-27 08:34:02,250 - src.utils.data_cache - ERROR - Error reading cache options_chain_CRWD_nearest: Expecting value: line 1 column 196 (char 195)
2025-03-27 08:34:02,350 - src.modules.options_metrics - ERROR - Error getting options chain for CRWD: 'DataCache' object has no attribute 'set_cache'
2025-03-27 08:34:02,351 - src.modules.options_metrics - ERROR - Could not get options chain for CRWD
2025-03-27 08:34:02,351 - src.modules.scanner - INFO - Filtered out CRWD setup: confidence=57.1%, trend=weak_bullish
2025-03-27 08:34:02,352 - src.modules.scanner - INFO - Processing HON... (35/101)
2025-03-27 08:34:02,477 - src.modules.scanner - INFO - Fetched price for HON: $213.12
2025-03-27 08:34:02,479 - src.modules.market_context - INFO - Fetching data for HON
2025-03-27 08:34:03,136 - src.modules.key_levels - INFO - Fetching options data for HON
2025-03-27 08:34:03,456 - src.utils.data_cache - ERROR - Error reading cache options_chain_HON_nearest: Expecting value: line 1 column 194 (char 193)
2025-03-27 08:34:03,552 - src.modules.options_metrics - ERROR - Error getting options chain for HON: 'DataCache' object has no attribute 'set_cache'
2025-03-27 08:34:03,552 - src.modules.options_metrics - ERROR - Could not get options chain for HON
2025-03-27 08:34:03,553 - src.modules.scanner - INFO - Added HON to results
2025-03-27 08:34:03,553 - src.modules.scanner - INFO - Processing AEP... (36/101)
2025-03-27 08:34:03,706 - src.modules.scanner - INFO - Fetched price for AEP: $103.90
2025-03-27 08:34:03,707 - src.modules.market_context - INFO - Fetching data for AEP
2025-03-27 08:34:03,972 - src.modules.key_levels - INFO - Fetching options data for AEP
2025-03-27 08:34:04,301 - src.utils.data_cache - ERROR - Error reading cache options_chain_AEP_nearest: Expecting value: line 1 column 194 (char 193)
2025-03-27 08:34:04,398 - src.modules.options_metrics - ERROR - Error getting options chain for AEP: 'DataCache' object has no attribute 'set_cache'
2025-03-27 08:34:04,398 - src.modules.options_metrics - ERROR - Could not get options chain for AEP
2025-03-27 08:34:04,399 - src.modules.scanner - INFO - Added AEP to results
2025-03-27 08:34:04,399 - src.modules.scanner - INFO - Processing NFLX... (37/101)
2025-03-27 08:34:04,450 - src.modules.scanner - INFO - Fetched price for NFLX: $970.65
2025-03-27 08:34:04,451 - src.modules.market_context - INFO - Fetching data for NFLX
2025-03-27 08:34:04,751 - src.modules.key_levels - INFO - Fetching options data for NFLX
2025-03-27 08:34:05,128 - src.utils.data_cache - ERROR - Error reading cache options_chain_NFLX_nearest: Expecting value: line 1 column 196 (char 195)
2025-03-27 08:34:05,229 - src.modules.options_metrics - ERROR - Error getting options chain for NFLX: 'DataCache' object has no attribute 'set_cache'
2025-03-27 08:34:05,229 - src.modules.options_metrics - ERROR - Could not get options chain for NFLX
2025-03-27 08:34:05,230 - src.modules.scanner - INFO - Added NFLX to results
2025-03-27 08:34:05,230 - src.modules.scanner - INFO - Processing KDP... (38/101)
2025-03-27 08:34:05,291 - src.modules.scanner - INFO - Fetched price for KDP: $34.06
2025-03-27 08:34:05,292 - src.modules.market_context - INFO - Fetching data for KDP
2025-03-27 08:34:05,523 - src.modules.key_levels - INFO - Fetching options data for KDP
2025-03-27 08:34:05,782 - src.utils.data_cache - ERROR - Error reading cache options_chain_KDP_nearest: Expecting value: line 1 column 195 (char 194)
2025-03-27 08:34:05,878 - src.modules.options_metrics - ERROR - Error getting options chain for KDP: 'DataCache' object has no attribute 'set_cache'
2025-03-27 08:34:05,879 - src.modules.options_metrics - ERROR - Could not get options chain for KDP
2025-03-27 08:34:05,879 - src.modules.scanner - INFO - Added KDP to results
2025-03-27 08:34:05,880 - src.modules.scanner - INFO - Processing PDD... (39/101)
2025-03-27 08:34:05,934 - src.modules.scanner - INFO - Fetched price for PDD: $122.47
2025-03-27 08:34:05,935 - src.modules.market_context - INFO - Fetching data for PDD
2025-03-27 08:34:06,187 - src.modules.key_levels - INFO - Fetching options data for PDD
2025-03-27 08:34:06,553 - src.utils.data_cache - ERROR - Error reading cache options_chain_PDD_nearest: Expecting value: line 1 column 195 (char 194)
2025-03-27 08:34:06,651 - src.modules.options_metrics - ERROR - Error getting options chain for PDD: 'DataCache' object has no attribute 'set_cache'
2025-03-27 08:34:06,652 - src.modules.options_metrics - ERROR - Could not get options chain for PDD
2025-03-27 08:34:06,652 - src.modules.scanner - INFO - Filtered out PDD setup: confidence=56.2%, trend=weak_neutral
2025-03-27 08:34:06,652 - src.modules.scanner - INFO - Processing DXCM... (40/101)
2025-03-27 08:34:06,704 - src.modules.scanner - INFO - Fetched price for DXCM: $72.13
2025-03-27 08:34:06,705 - src.modules.market_context - INFO - Fetching data for DXCM
2025-03-27 08:34:06,937 - src.modules.key_levels - INFO - Fetching options data for DXCM
2025-03-27 08:34:07,210 - src.utils.data_cache - ERROR - Error reading cache options_chain_DXCM_nearest: Expecting value: line 1 column 196 (char 195)
2025-03-27 08:34:07,306 - src.modules.options_metrics - ERROR - Error getting options chain for DXCM: 'DataCache' object has no attribute 'set_cache'
2025-03-27 08:34:07,307 - src.modules.options_metrics - ERROR - Could not get options chain for DXCM
2025-03-27 08:34:07,307 - src.modules.scanner - INFO - Filtered out DXCM setup: confidence=56.2%, trend=weak_neutral
2025-03-27 08:34:07,308 - src.modules.scanner - INFO - Processing ANSS... (41/101)
2025-03-27 08:34:07,368 - src.modules.scanner - INFO - Fetched price for ANSS: $323.34
2025-03-27 08:34:07,369 - src.modules.market_context - INFO - Fetching data for ANSS
2025-03-27 08:34:07,575 - src.modules.key_levels - INFO - Fetching options data for ANSS
2025-03-27 08:34:07,815 - src.utils.data_cache - ERROR - Error reading cache options_chain_ANSS_nearest: Expecting value: line 1 column 196 (char 195)
2025-03-27 08:34:07,910 - src.modules.options_metrics - ERROR - Error getting options chain for ANSS: 'DataCache' object has no attribute 'set_cache'
2025-03-27 08:34:07,911 - src.modules.options_metrics - ERROR - Could not get options chain for ANSS
2025-03-27 08:34:07,912 - src.modules.scanner - INFO - Filtered out ANSS setup: confidence=56.2%, trend=weak_neutral
2025-03-27 08:34:07,912 - src.modules.scanner - INFO - Processing CDW... (42/101)
2025-03-27 08:34:07,975 - src.modules.scanner - INFO - Fetched price for CDW: $167.33
2025-03-27 08:34:07,975 - src.modules.market_context - INFO - Fetching data for CDW
2025-03-27 08:34:08,193 - src.modules.key_levels - INFO - Fetching options data for CDW
2025-03-27 08:34:08,441 - src.utils.data_cache - ERROR - Error reading cache options_chain_CDW_nearest: Expecting value: line 1 column 194 (char 193)
2025-03-27 08:34:08,537 - src.modules.options_metrics - ERROR - Error getting options chain for CDW: 'DataCache' object has no attribute 'set_cache'
2025-03-27 08:34:08,537 - src.modules.options_metrics - ERROR - Could not get options chain for CDW
2025-03-27 08:34:08,538 - src.modules.scanner - INFO - Added CDW to results
2025-03-27 08:34:08,538 - src.modules.scanner - INFO - Processing CPRT... (43/101)
2025-03-27 08:34:08,591 - src.modules.scanner - INFO - Fetched price for CPRT: $55.07
2025-03-27 08:34:08,592 - src.modules.market_context - INFO - Fetching data for CPRT
2025-03-27 08:34:08,790 - src.modules.key_levels - INFO - Fetching options data for CPRT
2025-03-27 08:34:09,079 - src.utils.data_cache - ERROR - Error reading cache options_chain_CPRT_nearest: Expecting value: line 1 column 196 (char 195)
2025-03-27 08:34:09,189 - src.modules.options_metrics - ERROR - Error getting options chain for CPRT: 'DataCache' object has no attribute 'set_cache'
2025-03-27 08:34:09,190 - src.modules.options_metrics - ERROR - Could not get options chain for CPRT
2025-03-27 08:34:09,191 - src.modules.scanner - INFO - Filtered out CPRT setup: confidence=56.2%, trend=weak_neutral
2025-03-27 08:34:09,191 - src.modules.scanner - INFO - Processing CSGP... (44/101)
2025-03-27 08:34:09,245 - src.modules.scanner - INFO - Fetched price for CSGP: $80.37
2025-03-27 08:34:09,246 - src.modules.market_context - INFO - Fetching data for CSGP
2025-03-27 08:34:09,484 - src.modules.key_levels - INFO - Fetching options data for CSGP
2025-03-27 08:34:09,747 - src.utils.data_cache - ERROR - Error reading cache options_chain_CSGP_nearest: Expecting value: line 1 column 196 (char 195)
2025-03-27 08:34:09,859 - src.modules.options_metrics - ERROR - Error getting options chain for CSGP: 'DataCache' object has no attribute 'set_cache'
2025-03-27 08:34:09,860 - src.modules.options_metrics - ERROR - Could not get options chain for CSGP
2025-03-27 08:34:09,861 - src.modules.scanner - INFO - Added CSGP to results
2025-03-27 08:34:09,861 - src.modules.scanner - INFO - Processing EXC... (45/101)
2025-03-27 08:34:10,001 - src.modules.scanner - INFO - Fetched price for EXC: $44.02
2025-03-27 08:34:10,002 - src.modules.market_context - INFO - Fetching data for EXC
2025-03-27 08:34:10,364 - src.modules.key_levels - INFO - Fetching options data for EXC
2025-03-27 08:34:10,674 - src.utils.data_cache - ERROR - Error reading cache options_chain_EXC_nearest: Expecting value: line 1 column 194 (char 193)
2025-03-27 08:34:10,771 - src.modules.options_metrics - ERROR - Error getting options chain for EXC: 'DataCache' object has no attribute 'set_cache'
2025-03-27 08:34:10,772 - src.modules.options_metrics - ERROR - Could not get options chain for EXC
2025-03-27 08:34:10,772 - src.modules.scanner - INFO - Added EXC to results
2025-03-27 08:34:10,773 - src.modules.scanner - INFO - Processing AMD... (46/101)
2025-03-27 08:34:10,835 - src.modules.scanner - INFO - Fetched price for AMD: $110.19
2025-03-27 08:34:10,836 - src.modules.market_context - INFO - Fetching data for AMD
2025-03-27 08:34:11,109 - src.modules.key_levels - INFO - Fetching options data for AMD
2025-03-27 08:34:11,439 - src.utils.data_cache - ERROR - Error reading cache options_chain_AMD_nearest: Expecting value: line 1 column 195 (char 194)
2025-03-27 08:34:11,537 - src.modules.options_metrics - ERROR - Error getting options chain for AMD: 'DataCache' object has no attribute 'set_cache'
2025-03-27 08:34:11,538 - src.modules.options_metrics - ERROR - Could not get options chain for AMD
2025-03-27 08:34:11,539 - src.modules.scanner - INFO - Added AMD to results
2025-03-27 08:34:11,539 - src.modules.scanner - INFO - Processing LULU... (47/101)
2025-03-27 08:34:11,591 - src.modules.scanner - INFO - Fetched price for LULU: $337.79
2025-03-27 08:34:11,592 - src.modules.market_context - INFO - Fetching data for LULU
2025-03-27 08:34:11,841 - src.modules.key_levels - INFO - Fetching options data for LULU
2025-03-27 08:34:12,139 - src.utils.data_cache - ERROR - Error reading cache options_chain_LULU_nearest: Expecting value: line 1 column 196 (char 195)
2025-03-27 08:34:12,237 - src.modules.options_metrics - ERROR - Error getting options chain for LULU: 'DataCache' object has no attribute 'set_cache'
2025-03-27 08:34:12,238 - src.modules.options_metrics - ERROR - Could not get options chain for LULU
2025-03-27 08:34:12,238 - src.modules.scanner - INFO - Added LULU to results
2025-03-27 08:34:12,239 - src.modules.scanner - INFO - Processing XEL... (48/101)
2025-03-27 08:34:12,373 - src.modules.scanner - INFO - Fetched price for XEL: $68.92
2025-03-27 08:34:12,374 - src.modules.market_context - INFO - Fetching data for XEL
2025-03-27 08:34:12,647 - src.modules.key_levels - INFO - Fetching options data for XEL
2025-03-27 08:34:12,951 - src.utils.data_cache - ERROR - Error reading cache options_chain_XEL_nearest: Expecting value: line 1 column 194 (char 193)
2025-03-27 08:34:13,046 - src.modules.options_metrics - ERROR - Error getting options chain for XEL: 'DataCache' object has no attribute 'set_cache'
2025-03-27 08:34:13,047 - src.modules.options_metrics - ERROR - Could not get options chain for XEL
2025-03-27 08:34:13,048 - src.modules.scanner - INFO - Added XEL to results
2025-03-27 08:34:13,048 - src.modules.scanner - INFO - Processing PEP... (49/101)
2025-03-27 08:34:13,169 - src.modules.scanner - INFO - Fetched price for PEP: $148.64
2025-03-27 08:34:13,170 - src.modules.market_context - INFO - Fetching data for PEP
2025-03-27 08:34:13,447 - src.modules.key_levels - INFO - Fetching options data for PEP
2025-03-27 08:34:13,789 - src.utils.data_cache - ERROR - Error reading cache options_chain_PEP_nearest: Expecting value: line 1 column 195 (char 194)
2025-03-27 08:34:13,885 - src.modules.options_metrics - ERROR - Error getting options chain for PEP: 'DataCache' object has no attribute 'set_cache'
2025-03-27 08:34:13,886 - src.modules.options_metrics - ERROR - Could not get options chain for PEP
2025-03-27 08:34:13,887 - src.modules.scanner - INFO - Added PEP to results
2025-03-27 08:34:13,887 - src.modules.scanner - INFO - Processing ASML... (50/101)
2025-03-27 08:34:13,953 - src.modules.scanner - INFO - Fetched price for ASML: $705.76
2025-03-27 08:34:13,953 - src.modules.market_context - INFO - Fetching data for ASML
2025-03-27 08:34:14,238 - src.modules.key_levels - INFO - Fetching options data for ASML
2025-03-27 08:34:14,581 - src.utils.data_cache - ERROR - Error reading cache options_chain_ASML_nearest: Expecting value: line 1 column 195 (char 194)
2025-03-27 08:34:14,681 - src.modules.options_metrics - ERROR - Error getting options chain for ASML: 'DataCache' object has no attribute 'set_cache'
2025-03-27 08:34:14,681 - src.modules.options_metrics - ERROR - Could not get options chain for ASML
2025-03-27 08:34:14,682 - src.modules.scanner - INFO - Filtered out ASML setup: confidence=68.8%, trend=neutral
2025-03-27 08:34:14,682 - src.modules.scanner - INFO - Processing SNPS... (51/101)
2025-03-27 08:34:14,738 - src.modules.scanner - INFO - Fetched price for SNPS: $449.90
2025-03-27 08:34:14,739 - src.modules.market_context - INFO - Fetching data for SNPS
2025-03-27 08:34:14,962 - src.modules.key_levels - INFO - Fetching options data for SNPS
2025-03-27 08:34:15,239 - src.utils.data_cache - ERROR - Error reading cache options_chain_SNPS_nearest: Expecting value: line 1 column 196 (char 195)
2025-03-27 08:34:15,337 - src.modules.options_metrics - ERROR - Error getting options chain for SNPS: 'DataCache' object has no attribute 'set_cache'
2025-03-27 08:34:15,338 - src.modules.options_metrics - ERROR - Could not get options chain for SNPS
2025-03-27 08:34:15,338 - src.modules.scanner - INFO - Filtered out SNPS setup: confidence=57.1%, trend=weak_bearish
2025-03-27 08:34:15,339 - src.modules.scanner - INFO - Processing TTWO... (52/101)
2025-03-27 08:34:15,394 - src.modules.scanner - INFO - Fetched price for TTWO: $215.89
2025-03-27 08:34:15,395 - src.modules.market_context - INFO - Fetching data for TTWO
2025-03-27 08:34:15,642 - src.modules.key_levels - INFO - Fetching options data for TTWO
2025-03-27 08:34:15,899 - src.utils.data_cache - ERROR - Error reading cache options_chain_TTWO_nearest: Expecting value: line 1 column 197 (char 196)
2025-03-27 08:34:15,997 - src.modules.options_metrics - ERROR - Error getting options chain for TTWO: 'DataCache' object has no attribute 'set_cache'
2025-03-27 08:34:15,998 - src.modules.options_metrics - ERROR - Could not get options chain for TTWO
2025-03-27 08:34:15,998 - src.modules.scanner - INFO - Added TTWO to results
2025-03-27 08:34:15,999 - src.modules.scanner - INFO - Processing WDAY... (53/101)
2025-03-27 08:34:16,049 - src.modules.scanner - INFO - Fetched price for WDAY: $250.79
2025-03-27 08:34:16,050 - src.modules.market_context - INFO - Fetching data for WDAY
2025-03-27 08:34:16,284 - src.modules.key_levels - INFO - Fetching options data for WDAY
2025-03-27 08:34:16,537 - src.utils.data_cache - ERROR - Error reading cache options_chain_WDAY_nearest: Expecting value: line 1 column 196 (char 195)
2025-03-27 08:34:16,638 - src.modules.options_metrics - ERROR - Error getting options chain for WDAY: 'DataCache' object has no attribute 'set_cache'
2025-03-27 08:34:16,638 - src.modules.options_metrics - ERROR - Could not get options chain for WDAY
2025-03-27 08:34:16,639 - src.modules.scanner - INFO - Added WDAY to results
2025-03-27 08:34:16,639 - src.modules.scanner - INFO - Processing MELI... (54/101)
2025-03-27 08:34:16,699 - src.modules.scanner - INFO - Fetched price for MELI: $2074.97
2025-03-27 08:34:16,700 - src.modules.market_context - INFO - Fetching data for MELI
2025-03-27 08:34:17,011 - src.modules.key_levels - INFO - Fetching options data for MELI
2025-03-27 08:34:17,343 - src.utils.data_cache - ERROR - Error reading cache options_chain_MELI_nearest: Expecting value: line 1 column 196 (char 195)
2025-03-27 08:34:17,441 - src.modules.options_metrics - ERROR - Error getting options chain for MELI: 'DataCache' object has no attribute 'set_cache'
2025-03-27 08:34:17,442 - src.modules.options_metrics - ERROR - Could not get options chain for MELI
2025-03-27 08:34:17,442 - src.modules.scanner - INFO - Added MELI to results
2025-03-27 08:34:17,443 - src.modules.scanner - INFO - Processing IDXX... (55/101)
2025-03-27 08:34:17,497 - src.modules.scanner - INFO - Fetched price for IDXX: $417.71
2025-03-27 08:34:17,498 - src.modules.market_context - INFO - Fetching data for IDXX
2025-03-27 08:34:17,752 - src.modules.key_levels - INFO - Fetching options data for IDXX
2025-03-27 08:34:17,986 - src.utils.data_cache - ERROR - Error reading cache options_chain_IDXX_nearest: Expecting value: line 1 column 196 (char 195)
2025-03-27 08:34:18,085 - src.modules.options_metrics - ERROR - Error getting options chain for IDXX: 'DataCache' object has no attribute 'set_cache'
2025-03-27 08:34:18,086 - src.modules.options_metrics - ERROR - Could not get options chain for IDXX
2025-03-27 08:34:18,086 - src.modules.scanner - INFO - Filtered out IDXX setup: confidence=57.1%, trend=weak_bearish
2025-03-27 08:34:18,087 - src.modules.scanner - INFO - Processing CSX... (56/101)
2025-03-27 08:34:18,181 - src.modules.scanner - INFO - Fetched price for CSX: $29.90
2025-03-27 08:34:18,182 - src.modules.market_context - INFO - Fetching data for CSX
2025-03-27 08:34:18,457 - src.modules.key_levels - INFO - Fetching options data for CSX
2025-03-27 08:34:18,734 - src.utils.data_cache - ERROR - Error reading cache options_chain_CSX_nearest: Expecting value: line 1 column 195 (char 194)
2025-03-27 08:34:18,835 - src.modules.options_metrics - ERROR - Error getting options chain for CSX: 'DataCache' object has no attribute 'set_cache'
2025-03-27 08:34:18,836 - src.modules.options_metrics - ERROR - Could not get options chain for CSX
2025-03-27 08:34:18,836 - src.modules.scanner - INFO - Filtered out CSX setup: confidence=57.1%, trend=weak_bearish
2025-03-27 08:34:18,837 - src.modules.scanner - INFO - Processing TMUS... (57/101)
2025-03-27 08:34:18,903 - src.modules.scanner - INFO - Fetched price for TMUS: $262.51
2025-03-27 08:34:18,904 - src.modules.market_context - INFO - Fetching data for TMUS
2025-03-27 08:34:19,154 - src.modules.key_levels - INFO - Fetching options data for TMUS
2025-03-27 08:34:19,508 - src.utils.data_cache - ERROR - Error reading cache options_chain_TMUS_nearest: Expecting value: line 1 column 195 (char 194)
2025-03-27 08:34:19,619 - src.modules.options_metrics - ERROR - Error getting options chain for TMUS: 'DataCache' object has no attribute 'set_cache'
2025-03-27 08:34:19,619 - src.modules.options_metrics - ERROR - Could not get options chain for TMUS
2025-03-27 08:34:19,620 - src.modules.scanner - INFO - Added TMUS to results
2025-03-27 08:34:19,620 - src.modules.scanner - INFO - Processing PYPL... (58/101)
2025-03-27 08:34:19,670 - src.modules.scanner - INFO - Fetched price for PYPL: $69.97
2025-03-27 08:34:19,671 - src.modules.market_context - INFO - Fetching data for PYPL
2025-03-27 08:34:19,912 - src.modules.key_levels - INFO - Fetching options data for PYPL
2025-03-27 08:34:20,186 - src.utils.data_cache - ERROR - Error reading cache options_chain_PYPL_nearest: Expecting value: line 1 column 196 (char 195)
2025-03-27 08:34:20,283 - src.modules.options_metrics - ERROR - Error getting options chain for PYPL: 'DataCache' object has no attribute 'set_cache'
2025-03-27 08:34:20,284 - src.modules.options_metrics - ERROR - Could not get options chain for PYPL
2025-03-27 08:34:20,284 - src.modules.scanner - INFO - Filtered out PYPL setup: confidence=57.1%, trend=weak_bearish
2025-03-27 08:34:20,285 - src.modules.scanner - INFO - Processing KHC... (59/101)
2025-03-27 08:34:20,348 - src.modules.scanner - INFO - Fetched price for KHC: $29.69
2025-03-27 08:34:20,349 - src.modules.market_context - INFO - Fetching data for KHC
2025-03-27 08:34:20,584 - src.modules.key_levels - INFO - Fetching options data for KHC
2025-03-27 08:34:20,844 - src.utils.data_cache - ERROR - Error reading cache options_chain_KHC_nearest: Expecting value: line 1 column 195 (char 194)
2025-03-27 08:34:20,942 - src.modules.options_metrics - ERROR - Error getting options chain for KHC: 'DataCache' object has no attribute 'set_cache'
2025-03-27 08:34:20,943 - src.modules.options_metrics - ERROR - Could not get options chain for KHC
2025-03-27 08:34:20,943 - src.modules.scanner - INFO - Added KHC to results
2025-03-27 08:34:20,943 - src.modules.scanner - INFO - Processing GOOG... (60/101)
2025-03-27 08:34:20,995 - src.modules.scanner - INFO - Fetched price for GOOG: $167.14
2025-03-27 08:34:20,996 - src.modules.market_context - INFO - Fetching data for GOOG
2025-03-27 08:34:21,251 - src.modules.key_levels - INFO - Fetching options data for GOOG
2025-03-27 08:34:21,521 - src.utils.data_cache - ERROR - Error reading cache options_chain_GOOG_nearest: Expecting value: line 1 column 197 (char 196)
2025-03-27 08:34:21,620 - src.modules.options_metrics - ERROR - Error getting options chain for GOOG: 'DataCache' object has no attribute 'set_cache'
2025-03-27 08:34:21,621 - src.modules.options_metrics - ERROR - Could not get options chain for GOOG
2025-03-27 08:34:21,621 - src.modules.scanner - INFO - Filtered out GOOG setup: confidence=57.1%, trend=weak_bearish
2025-03-27 08:34:21,621 - src.modules.scanner - INFO - Processing NXPI... (61/101)
2025-03-27 08:34:21,688 - src.modules.scanner - INFO - Fetched price for NXPI: $205.75
2025-03-27 08:34:21,689 - src.modules.market_context - INFO - Fetching data for NXPI
2025-03-27 08:34:21,921 - src.modules.key_levels - INFO - Fetching options data for NXPI
2025-03-27 08:34:22,192 - src.utils.data_cache - ERROR - Error reading cache options_chain_NXPI_nearest: Expecting value: line 1 column 185 (char 184)
2025-03-27 08:34:22,405 - src.modules.options_metrics - ERROR - Error getting options chain for NXPI: 'DataCache' object has no attribute 'set_cache'
2025-03-27 08:34:22,406 - src.modules.options_metrics - ERROR - Could not get options chain for NXPI
2025-03-27 08:34:22,407 - src.modules.scanner - INFO - Filtered out NXPI setup: confidence=56.2%, trend=weak_neutral
2025-03-27 08:34:22,407 - src.modules.scanner - INFO - Processing MAR... (62/101)
2025-03-27 08:34:22,490 - src.modules.scanner - INFO - Fetched price for MAR: $246.72
2025-03-27 08:34:22,491 - src.modules.market_context - INFO - Fetching data for MAR
2025-03-27 08:34:22,814 - src.modules.key_levels - INFO - Fetching options data for MAR
2025-03-27 08:34:23,096 - src.utils.data_cache - ERROR - Error reading cache options_chain_MAR_nearest: Expecting value: line 1 column 195 (char 194)
2025-03-27 08:34:23,198 - src.modules.options_metrics - ERROR - Error getting options chain for MAR: 'DataCache' object has no attribute 'set_cache'
2025-03-27 08:34:23,198 - src.modules.options_metrics - ERROR - Could not get options chain for MAR
2025-03-27 08:34:23,199 - src.modules.scanner - INFO - Filtered out MAR setup: confidence=57.1%, trend=weak_bearish
2025-03-27 08:34:23,199 - src.modules.scanner - INFO - Processing CHTR... (63/101)
2025-03-27 08:34:23,259 - src.modules.scanner - INFO - Fetched price for CHTR: $384.77
2025-03-27 08:34:23,260 - src.modules.market_context - INFO - Fetching data for CHTR
2025-03-27 08:34:23,509 - src.modules.key_levels - INFO - Fetching options data for CHTR
2025-03-27 08:34:23,768 - src.utils.data_cache - ERROR - Error reading cache options_chain_CHTR_nearest: Expecting value: line 1 column 196 (char 195)
2025-03-27 08:34:23,865 - src.modules.options_metrics - ERROR - Error getting options chain for CHTR: 'DataCache' object has no attribute 'set_cache'
2025-03-27 08:34:23,866 - src.modules.options_metrics - ERROR - Could not get options chain for CHTR
2025-03-27 08:34:23,866 - src.modules.scanner - INFO - Filtered out CHTR setup: confidence=57.1%, trend=weak_bullish
2025-03-27 08:34:23,867 - src.modules.scanner - INFO - Processing TSLA... (64/101)
2025-03-27 08:34:23,919 - src.modules.scanner - INFO - Fetched price for TSLA: $272.06
2025-03-27 08:34:23,920 - src.modules.market_context - INFO - Fetching data for TSLA
2025-03-27 08:34:24,226 - src.modules.key_levels - INFO - Fetching options data for TSLA
2025-03-27 08:34:24,650 - src.utils.data_cache - ERROR - Error reading cache options_chain_TSLA_nearest: Expecting value: line 1 column 197 (char 196)
2025-03-27 08:34:24,750 - src.modules.options_metrics - ERROR - Error getting options chain for TSLA: 'DataCache' object has no attribute 'set_cache'
2025-03-27 08:34:24,751 - src.modules.options_metrics - ERROR - Could not get options chain for TSLA
2025-03-27 08:34:24,751 - src.modules.scanner - INFO - Filtered out TSLA setup: confidence=56.2%, trend=weak_neutral
2025-03-27 08:34:24,752 - src.modules.scanner - INFO - Processing EA... (65/101)
2025-03-27 08:34:24,807 - src.modules.scanner - INFO - Fetched price for EA: $145.19
2025-03-27 08:34:24,808 - src.modules.market_context - INFO - Fetching data for EA
2025-03-27 08:34:25,016 - src.modules.key_levels - INFO - Fetching options data for EA
2025-03-27 08:34:25,275 - src.utils.data_cache - ERROR - Error reading cache options_chain_EA_nearest: Expecting value: line 1 column 193 (char 192)
2025-03-27 08:34:25,373 - src.modules.options_metrics - ERROR - Error getting options chain for EA: 'DataCache' object has no attribute 'set_cache'
2025-03-27 08:34:25,374 - src.modules.options_metrics - ERROR - Could not get options chain for EA
2025-03-27 08:34:25,375 - src.modules.scanner - INFO - Filtered out EA setup: confidence=57.1%, trend=weak_bullish
2025-03-27 08:34:25,375 - src.modules.scanner - INFO - Processing MRVL... (66/101)
2025-03-27 08:34:25,515 - src.modules.scanner - INFO - Fetched price for MRVL: $66.76
2025-03-27 08:34:25,515 - src.modules.market_context - INFO - Fetching data for MRVL
2025-03-27 08:34:25,808 - src.modules.key_levels - INFO - Fetching options data for MRVL
2025-03-27 08:34:26,120 - src.utils.data_cache - ERROR - Error reading cache options_chain_MRVL_nearest: Expecting value: line 1 column 196 (char 195)
2025-03-27 08:34:26,217 - src.modules.options_metrics - ERROR - Error getting options chain for MRVL: 'DataCache' object has no attribute 'set_cache'
2025-03-27 08:34:26,218 - src.modules.options_metrics - ERROR - Could not get options chain for MRVL
2025-03-27 08:34:26,219 - src.modules.scanner - INFO - Filtered out MRVL setup: confidence=56.2%, trend=weak_neutral
2025-03-27 08:34:26,219 - src.modules.scanner - INFO - Processing REGN... (67/101)
2025-03-27 08:34:26,270 - src.modules.scanner - INFO - Fetched price for REGN: $640.14
2025-03-27 08:34:26,271 - src.modules.market_context - INFO - Fetching data for REGN
2025-03-27 08:34:26,509 - src.modules.key_levels - INFO - Fetching options data for REGN
2025-03-27 08:34:26,753 - src.utils.data_cache - ERROR - Error reading cache options_chain_REGN_nearest: Expecting value: line 1 column 196 (char 195)
2025-03-27 08:34:26,852 - src.modules.options_metrics - ERROR - Error getting options chain for REGN: 'DataCache' object has no attribute 'set_cache'
2025-03-27 08:34:26,853 - src.modules.options_metrics - ERROR - Could not get options chain for REGN
2025-03-27 08:34:26,854 - src.modules.scanner - INFO - Filtered out REGN setup: confidence=57.1%, trend=weak_bearish
2025-03-27 08:34:26,854 - src.modules.scanner - INFO - Processing VRSK... (68/101)
2025-03-27 08:34:26,925 - src.modules.scanner - INFO - Fetched price for VRSK: $292.03
2025-03-27 08:34:26,925 - src.modules.market_context - INFO - Fetching data for VRSK
2025-03-27 08:34:27,131 - src.modules.key_levels - INFO - Fetching options data for VRSK
2025-03-27 08:34:27,377 - src.utils.data_cache - ERROR - Error reading cache options_chain_VRSK_nearest: Expecting value: line 1 column 196 (char 195)
2025-03-27 08:34:27,474 - src.modules.options_metrics - ERROR - Error getting options chain for VRSK: 'DataCache' object has no attribute 'set_cache'
2025-03-27 08:34:27,475 - src.modules.options_metrics - ERROR - Could not get options chain for VRSK
2025-03-27 08:34:27,475 - src.modules.scanner - INFO - Added VRSK to results
2025-03-27 08:34:27,475 - src.modules.scanner - INFO - Processing META... (69/101)
2025-03-27 08:34:27,527 - src.modules.scanner - INFO - Fetched price for META: $610.98
2025-03-27 08:34:27,528 - src.modules.market_context - INFO - Fetching data for META
2025-03-27 08:34:27,846 - src.modules.key_levels - INFO - Fetching options data for META
2025-03-27 08:34:28,223 - src.utils.data_cache - ERROR - Error reading cache options_chain_META_nearest: Expecting value: line 1 column 194 (char 193)
2025-03-27 08:34:28,339 - src.modules.options_metrics - ERROR - Error getting options chain for META: 'DataCache' object has no attribute 'set_cache'
2025-03-27 08:34:28,340 - src.modules.options_metrics - ERROR - Could not get options chain for META
2025-03-27 08:34:28,341 - src.modules.scanner - INFO - Filtered out META setup: confidence=57.1%, trend=weak_bullish
2025-03-27 08:34:28,341 - src.modules.scanner - INFO - Processing ADI... (70/101)
2025-03-27 08:34:28,411 - src.modules.scanner - INFO - Fetched price for ADI: $210.53
2025-03-27 08:34:28,412 - src.modules.market_context - INFO - Fetching data for ADI
2025-03-27 08:34:28,673 - src.modules.key_levels - INFO - Fetching options data for ADI
2025-03-27 08:34:28,950 - src.utils.data_cache - ERROR - Error reading cache options_chain_ADI_nearest: Expecting value: line 1 column 195 (char 194)
2025-03-27 08:34:29,050 - src.modules.options_metrics - ERROR - Error getting options chain for ADI: 'DataCache' object has no attribute 'set_cache'
2025-03-27 08:34:29,051 - src.modules.options_metrics - ERROR - Could not get options chain for ADI
2025-03-27 08:34:29,051 - src.modules.scanner - INFO - Filtered out ADI setup: confidence=68.8%, trend=neutral
2025-03-27 08:34:29,052 - src.modules.scanner - INFO - Processing MDLZ... (71/101)
2025-03-27 08:34:29,124 - src.modules.scanner - INFO - Fetched price for MDLZ: $66.33
2025-03-27 08:34:29,125 - src.modules.market_context - INFO - Fetching data for MDLZ
2025-03-27 08:34:29,366 - src.modules.key_levels - INFO - Fetching options data for MDLZ
2025-03-27 08:34:29,634 - src.utils.data_cache - ERROR - Error reading cache options_chain_MDLZ_nearest: Expecting value: line 1 column 196 (char 195)
2025-03-27 08:34:29,734 - src.modules.options_metrics - ERROR - Error getting options chain for MDLZ: 'DataCache' object has no attribute 'set_cache'
2025-03-27 08:34:29,735 - src.modules.options_metrics - ERROR - Could not get options chain for MDLZ
2025-03-27 08:34:29,735 - src.modules.scanner - INFO - Added MDLZ to results
2025-03-27 08:34:29,736 - src.modules.scanner - INFO - Processing TXN... (72/101)
2025-03-27 08:34:29,870 - src.modules.scanner - INFO - Fetched price for TXN: $184.49
2025-03-27 08:34:29,871 - src.modules.market_context - INFO - Fetching data for TXN
2025-03-27 08:34:30,169 - src.modules.key_levels - INFO - Fetching options data for TXN
2025-03-27 08:34:30,479 - src.utils.data_cache - ERROR - Error reading cache options_chain_TXN_nearest: Expecting value: line 1 column 195 (char 194)
2025-03-27 08:34:30,576 - src.modules.options_metrics - ERROR - Error getting options chain for TXN: 'DataCache' object has no attribute 'set_cache'
2025-03-27 08:34:30,577 - src.modules.options_metrics - ERROR - Could not get options chain for TXN
2025-03-27 08:34:30,577 - src.modules.scanner - INFO - Added TXN to results
2025-03-27 08:34:30,578 - src.modules.scanner - INFO - Processing AVGO... (73/101)
2025-03-27 08:34:30,650 - src.modules.scanner - INFO - Fetched price for AVGO: $179.27
2025-03-27 08:34:30,650 - src.modules.market_context - INFO - Fetching data for AVGO
2025-03-27 08:34:30,931 - src.modules.key_levels - INFO - Fetching options data for AVGO
2025-03-27 08:34:31,234 - src.utils.data_cache - ERROR - Error reading cache options_chain_AVGO_nearest: Expecting value: line 1 column 197 (char 196)
2025-03-27 08:34:31,330 - src.modules.options_metrics - ERROR - Error getting options chain for AVGO: 'DataCache' object has no attribute 'set_cache'
2025-03-27 08:34:31,331 - src.modules.options_metrics - ERROR - Could not get options chain for AVGO
2025-03-27 08:34:31,331 - src.modules.scanner - INFO - Added AVGO to results
2025-03-27 08:34:31,332 - src.modules.scanner - INFO - Processing BKNG... (74/101)
2025-03-27 08:34:31,383 - src.modules.scanner - INFO - Fetched price for BKNG: $4764.16
2025-03-27 08:34:31,384 - src.modules.market_context - INFO - Fetching data for BKNG
2025-03-27 08:34:31,716 - src.modules.key_levels - INFO - Fetching options data for BKNG
2025-03-27 08:34:32,094 - src.utils.data_cache - ERROR - Error reading cache options_chain_BKNG_nearest: Expecting value: line 1 column 192 (char 191)
2025-03-27 08:34:32,196 - src.modules.options_metrics - ERROR - Error getting options chain for BKNG: 'DataCache' object has no attribute 'set_cache'
2025-03-27 08:34:32,197 - src.modules.options_metrics - ERROR - Could not get options chain for BKNG
2025-03-27 08:34:32,197 - src.modules.scanner - INFO - Filtered out BKNG setup: confidence=50.0%, trend=weak_bearish
2025-03-27 08:34:32,197 - src.modules.scanner - INFO - Processing ADP... (75/101)
2025-03-27 08:34:32,295 - src.modules.scanner - INFO - Fetched price for ADP: $302.41
2025-03-27 08:34:32,296 - src.modules.market_context - INFO - Fetching data for ADP
2025-03-27 08:34:32,590 - src.modules.key_levels - INFO - Fetching options data for ADP
2025-03-27 08:34:32,912 - src.utils.data_cache - ERROR - Error reading cache options_chain_ADP_nearest: Expecting value: line 1 column 194 (char 193)
2025-03-27 08:34:33,014 - src.modules.options_metrics - ERROR - Error getting options chain for ADP: 'DataCache' object has no attribute 'set_cache'
2025-03-27 08:34:33,015 - src.modules.options_metrics - ERROR - Could not get options chain for ADP
2025-03-27 08:34:33,015 - src.modules.scanner - INFO - Filtered out ADP setup: confidence=57.1%, trend=weak_bullish
2025-03-27 08:34:33,016 - src.modules.scanner - INFO - Processing ORLY... (76/101)
2025-03-27 08:34:33,072 - src.modules.scanner - INFO - Fetched price for ORLY: $1380.98
2025-03-27 08:34:33,073 - src.modules.market_context - INFO - Fetching data for ORLY
2025-03-27 08:34:33,295 - src.modules.key_levels - INFO - Fetching options data for ORLY
2025-03-27 08:34:33,603 - src.utils.data_cache - ERROR - Error reading cache options_chain_ORLY_nearest: Expecting value: line 1 column 195 (char 194)
2025-03-27 08:34:33,699 - src.modules.options_metrics - ERROR - Error getting options chain for ORLY: 'DataCache' object has no attribute 'set_cache'
2025-03-27 08:34:33,700 - src.modules.options_metrics - ERROR - Could not get options chain for ORLY
2025-03-27 08:34:33,700 - src.modules.scanner - INFO - Filtered out ORLY setup: confidence=71.4%, trend=bullish
2025-03-27 08:34:33,701 - src.modules.scanner - INFO - Processing ROST... (77/101)
2025-03-27 08:34:33,790 - src.modules.scanner - INFO - Fetched price for ROST: $127.70
2025-03-27 08:34:33,791 - src.modules.market_context - INFO - Fetching data for ROST
2025-03-27 08:34:34,089 - src.modules.key_levels - INFO - Fetching options data for ROST
2025-03-27 08:34:34,355 - src.utils.data_cache - ERROR - Error reading cache options_chain_ROST_nearest: Expecting value: line 1 column 197 (char 196)
2025-03-27 08:34:34,452 - src.modules.options_metrics - ERROR - Error getting options chain for ROST: 'DataCache' object has no attribute 'set_cache'
2025-03-27 08:34:34,453 - src.modules.options_metrics - ERROR - Could not get options chain for ROST
2025-03-27 08:34:34,454 - src.modules.scanner - INFO - Filtered out ROST setup: confidence=71.4%, trend=bearish
2025-03-27 08:34:34,454 - src.modules.scanner - INFO - Processing MNST... (78/101)
2025-03-27 08:34:34,503 - src.modules.scanner - INFO - Fetched price for MNST: $57.76
2025-03-27 08:34:34,504 - src.modules.market_context - INFO - Fetching data for MNST
2025-03-27 08:34:34,737 - src.modules.key_levels - INFO - Fetching options data for MNST
2025-03-27 08:34:34,976 - src.utils.data_cache - ERROR - Error reading cache options_chain_MNST_nearest: Expecting value: line 1 column 195 (char 194)
2025-03-27 08:34:35,075 - src.modules.options_metrics - ERROR - Error getting options chain for MNST: 'DataCache' object has no attribute 'set_cache'
2025-03-27 08:34:35,076 - src.modules.options_metrics - ERROR - Could not get options chain for MNST
2025-03-27 08:34:35,076 - src.modules.scanner - INFO - Added MNST to results
2025-03-27 08:34:35,077 - src.modules.scanner - INFO - Processing VRTX... (79/101)
2025-03-27 08:34:35,131 - src.modules.scanner - INFO - Fetched price for VRTX: $500.28
2025-03-27 08:34:35,131 - src.modules.market_context - INFO - Fetching data for VRTX
2025-03-27 08:34:35,372 - src.modules.key_levels - INFO - Fetching options data for VRTX
2025-03-27 08:34:35,758 - src.utils.data_cache - ERROR - Error reading cache options_chain_VRTX_nearest: Expecting value: line 1 column 196 (char 195)
2025-03-27 08:34:35,856 - src.modules.options_metrics - ERROR - Error getting options chain for VRTX: 'DataCache' object has no attribute 'set_cache'
2025-03-27 08:34:35,856 - src.modules.options_metrics - ERROR - Could not get options chain for VRTX
2025-03-27 08:34:35,857 - src.modules.scanner - INFO - Added VRTX to results
2025-03-27 08:34:35,857 - src.modules.scanner - INFO - Processing ISRG... (80/101)
2025-03-27 08:34:35,908 - src.modules.scanner - INFO - Fetched price for ISRG: $509.03
2025-03-27 08:34:35,909 - src.modules.market_context - INFO - Fetching data for ISRG
2025-03-27 08:34:36,150 - src.modules.key_levels - INFO - Fetching options data for ISRG
2025-03-27 08:34:36,466 - src.utils.data_cache - ERROR - Error reading cache options_chain_ISRG_nearest: Expecting value: line 1 column 196 (char 195)
2025-03-27 08:34:36,564 - src.modules.options_metrics - ERROR - Error getting options chain for ISRG: 'DataCache' object has no attribute 'set_cache'
2025-03-27 08:34:36,565 - src.modules.options_metrics - ERROR - Could not get options chain for ISRG
2025-03-27 08:34:36,565 - src.modules.scanner - INFO - Filtered out ISRG setup: confidence=57.1%, trend=weak_bearish
2025-03-27 08:34:36,566 - src.modules.scanner - INFO - Processing CDNS... (81/101)
2025-03-27 08:34:36,618 - src.modules.scanner - INFO - Fetched price for CDNS: $263.41
2025-03-27 08:34:36,619 - src.modules.market_context - INFO - Fetching data for CDNS
2025-03-27 08:34:36,914 - src.modules.key_levels - INFO - Fetching options data for CDNS
2025-03-27 08:34:37,256 - src.utils.data_cache - ERROR - Error reading cache options_chain_CDNS_nearest: Expecting value: line 1 column 196 (char 195)
2025-03-27 08:34:37,354 - src.modules.options_metrics - ERROR - Error getting options chain for CDNS: 'DataCache' object has no attribute 'set_cache'
2025-03-27 08:34:37,355 - src.modules.options_metrics - ERROR - Could not get options chain for CDNS
2025-03-27 08:34:37,356 - src.modules.scanner - INFO - Added CDNS to results
2025-03-27 08:34:37,356 - src.modules.scanner - INFO - Processing GOOGL... (82/101)
2025-03-27 08:34:37,413 - src.modules.scanner - INFO - Fetched price for GOOGL: $165.06
2025-03-27 08:34:37,414 - src.modules.market_context - INFO - Fetching data for GOOGL
2025-03-27 08:34:37,665 - src.modules.key_levels - INFO - Fetching options data for GOOGL
2025-03-27 08:34:37,933 - src.utils.data_cache - ERROR - Error reading cache options_chain_GOOGL_nearest: Expecting value: line 1 column 199 (char 198)
2025-03-27 08:34:38,030 - src.modules.options_metrics - ERROR - Error getting options chain for GOOGL: 'DataCache' object has no attribute 'set_cache'
2025-03-27 08:34:38,031 - src.modules.options_metrics - ERROR - Could not get options chain for GOOGL
2025-03-27 08:34:38,031 - src.modules.scanner - INFO - Filtered out GOOGL setup: confidence=57.1%, trend=weak_bearish
2025-03-27 08:34:38,032 - src.modules.scanner - INFO - Processing CTSH... (83/101)
2025-03-27 08:34:38,095 - src.modules.scanner - INFO - Fetched price for CTSH: $77.85
2025-03-27 08:34:38,096 - src.modules.market_context - INFO - Fetching data for CTSH
2025-03-27 08:34:38,309 - src.modules.key_levels - INFO - Fetching options data for CTSH
2025-03-27 08:34:38,570 - src.utils.data_cache - ERROR - Error reading cache options_chain_CTSH_nearest: Expecting value: line 1 column 195 (char 194)
2025-03-27 08:34:38,665 - src.modules.options_metrics - ERROR - Error getting options chain for CTSH: 'DataCache' object has no attribute 'set_cache'
2025-03-27 08:34:38,666 - src.modules.options_metrics - ERROR - Could not get options chain for CTSH
2025-03-27 08:34:38,667 - src.modules.scanner - INFO - Filtered out CTSH setup: confidence=64.3%, trend=bearish
2025-03-27 08:34:38,667 - src.modules.scanner - INFO - Processing ADSK... (84/101)
2025-03-27 08:34:38,742 - src.modules.scanner - INFO - Fetched price for ADSK: $271.21
2025-03-27 08:34:38,742 - src.modules.market_context - INFO - Fetching data for ADSK
2025-03-27 08:34:38,976 - src.modules.key_levels - INFO - Fetching options data for ADSK
2025-03-27 08:34:39,246 - src.utils.data_cache - ERROR - Error reading cache options_chain_ADSK_nearest: Expecting value: line 1 column 196 (char 195)
2025-03-27 08:34:39,342 - src.modules.options_metrics - ERROR - Error getting options chain for ADSK: 'DataCache' object has no attribute 'set_cache'
2025-03-27 08:34:39,343 - src.modules.options_metrics - ERROR - Could not get options chain for ADSK
2025-03-27 08:34:39,343 - src.modules.scanner - INFO - Filtered out ADSK setup: confidence=57.1%, trend=weak_bearish
2025-03-27 08:34:39,344 - src.modules.scanner - INFO - Processing AMGN... (85/101)
2025-03-27 08:34:39,416 - src.modules.scanner - INFO - Fetched price for AMGN: $305.71
2025-03-27 08:34:39,417 - src.modules.market_context - INFO - Fetching data for AMGN
2025-03-27 08:34:39,667 - src.modules.key_levels - INFO - Fetching options data for AMGN
2025-03-27 08:34:39,937 - src.utils.data_cache - ERROR - Error reading cache options_chain_AMGN_nearest: Expecting value: line 1 column 196 (char 195)
2025-03-27 08:34:40,033 - src.modules.options_metrics - ERROR - Error getting options chain for AMGN: 'DataCache' object has no attribute 'set_cache'
2025-03-27 08:34:40,034 - src.modules.options_metrics - ERROR - Could not get options chain for AMGN
2025-03-27 08:34:40,035 - src.modules.scanner - INFO - Added AMGN to results
2025-03-27 08:34:40,035 - src.modules.scanner - INFO - Processing LRCX... (86/101)
2025-03-27 08:34:40,097 - src.modules.scanner - INFO - Fetched price for LRCX: $76.14
2025-03-27 08:34:40,097 - src.modules.market_context - INFO - Fetching data for LRCX
2025-03-27 08:34:40,364 - src.modules.key_levels - INFO - Fetching options data for LRCX
2025-03-27 08:34:40,651 - src.utils.data_cache - ERROR - Error reading cache options_chain_LRCX_nearest: Expecting value: line 1 column 196 (char 195)
2025-03-27 08:34:40,752 - src.modules.options_metrics - ERROR - Error getting options chain for LRCX: 'DataCache' object has no attribute 'set_cache'
2025-03-27 08:34:40,753 - src.modules.options_metrics - ERROR - Could not get options chain for LRCX
2025-03-27 08:34:40,753 - src.modules.scanner - INFO - Added LRCX to results
2025-03-27 08:34:40,753 - src.modules.scanner - INFO - Processing CMCSA... (87/101)
2025-03-27 08:34:40,860 - src.modules.scanner - INFO - Fetched price for CMCSA: $37.37
2025-03-27 08:34:40,861 - src.modules.market_context - INFO - Fetching data for CMCSA
2025-03-27 08:34:41,125 - src.modules.key_levels - INFO - Fetching options data for CMCSA
2025-03-27 08:34:41,456 - src.utils.data_cache - ERROR - Error reading cache options_chain_CMCSA_nearest: Expecting value: line 1 column 199 (char 198)
2025-03-27 08:34:41,553 - src.modules.options_metrics - ERROR - Error getting options chain for CMCSA: 'DataCache' object has no attribute 'set_cache'
2025-03-27 08:34:41,554 - src.modules.options_metrics - ERROR - Could not get options chain for CMCSA
2025-03-27 08:34:41,554 - src.modules.scanner - INFO - Added CMCSA to results
2025-03-27 08:34:41,554 - src.modules.scanner - INFO - Processing GILD... (88/101)
2025-03-27 08:34:41,628 - src.modules.scanner - INFO - Fetched price for GILD: $109.27
2025-03-27 08:34:41,629 - src.modules.market_context - INFO - Fetching data for GILD
2025-03-27 08:34:41,871 - src.modules.key_levels - INFO - Fetching options data for GILD
2025-03-27 08:34:42,150 - src.utils.data_cache - ERROR - Error reading cache options_chain_GILD_nearest: Expecting value: line 1 column 196 (char 195)
2025-03-27 08:34:42,246 - src.modules.options_metrics - ERROR - Error getting options chain for GILD: 'DataCache' object has no attribute 'set_cache'
2025-03-27 08:34:42,247 - src.modules.options_metrics - ERROR - Could not get options chain for GILD
2025-03-27 08:34:42,247 - src.modules.scanner - INFO - Filtered out GILD setup: confidence=57.1%, trend=weak_bearish
2025-03-27 08:34:42,248 - src.modules.scanner - INFO - Processing NVDA... (89/101)
2025-03-27 08:34:42,312 - src.modules.scanner - INFO - Fetched price for NVDA: $113.76
2025-03-27 08:34:42,312 - src.modules.market_context - INFO - Fetching data for NVDA
2025-03-27 08:34:42,605 - src.modules.key_levels - INFO - Fetching options data for NVDA
2025-03-27 08:34:42,948 - src.utils.data_cache - ERROR - Error reading cache options_chain_NVDA_nearest: Expecting value: line 1 column 197 (char 196)
2025-03-27 08:34:43,058 - src.modules.options_metrics - ERROR - Error getting options chain for NVDA: 'DataCache' object has no attribute 'set_cache'
2025-03-27 08:34:43,059 - src.modules.options_metrics - ERROR - Could not get options chain for NVDA
2025-03-27 08:34:43,060 - src.modules.scanner - INFO - Filtered out NVDA setup: confidence=56.2%, trend=weak_neutral
2025-03-27 08:34:43,060 - src.modules.scanner - INFO - Processing AMZN... (90/101)
2025-03-27 08:34:43,109 - src.modules.scanner - INFO - Fetched price for AMZN: $201.13
2025-03-27 08:34:43,110 - src.modules.market_context - INFO - Fetching data for AMZN
2025-03-27 08:34:43,360 - src.modules.key_levels - INFO - Fetching options data for AMZN
2025-03-27 08:34:43,634 - src.utils.data_cache - ERROR - Error reading cache options_chain_AMZN_nearest: Expecting value: line 1 column 196 (char 195)
2025-03-27 08:34:43,733 - src.modules.options_metrics - ERROR - Error getting options chain for AMZN: 'DataCache' object has no attribute 'set_cache'
2025-03-27 08:34:43,733 - src.modules.options_metrics - ERROR - Could not get options chain for AMZN
2025-03-27 08:34:43,734 - src.modules.scanner - INFO - Filtered out AMZN setup: confidence=57.1%, trend=weak_bullish
2025-03-27 08:34:43,734 - src.modules.scanner - INFO - Processing MCHP... (91/101)
2025-03-27 08:34:43,910 - src.modules.scanner - INFO - Fetched price for MCHP: $52.17
2025-03-27 08:34:43,910 - src.modules.market_context - INFO - Fetching data for MCHP
2025-03-27 08:34:44,215 - src.modules.key_levels - INFO - Fetching options data for MCHP
2025-03-27 08:34:44,511 - src.utils.data_cache - ERROR - Error reading cache options_chain_MCHP_nearest: Expecting value: line 1 column 196 (char 195)
2025-03-27 08:34:44,609 - src.modules.options_metrics - ERROR - Error getting options chain for MCHP: 'DataCache' object has no attribute 'set_cache'
2025-03-27 08:34:44,610 - src.modules.options_metrics - ERROR - Could not get options chain for MCHP
2025-03-27 08:34:44,610 - src.modules.scanner - INFO - Filtered out MCHP setup: confidence=85.7%, trend=bearish
2025-03-27 08:34:44,611 - src.modules.scanner - INFO - Processing SBUX... (92/101)
2025-03-27 08:34:44,689 - src.modules.scanner - INFO - Fetched price for SBUX: $97.97
2025-03-27 08:34:44,691 - src.modules.market_context - INFO - Fetching data for SBUX
2025-03-27 08:34:44,950 - src.modules.key_levels - INFO - Fetching options data for SBUX
2025-03-27 08:34:45,263 - src.utils.data_cache - ERROR - Error reading cache options_chain_SBUX_nearest: Expecting value: line 1 column 196 (char 195)
2025-03-27 08:34:45,359 - src.modules.options_metrics - ERROR - Error getting options chain for SBUX: 'DataCache' object has no attribute 'set_cache'
2025-03-27 08:34:45,360 - src.modules.options_metrics - ERROR - Could not get options chain for SBUX
2025-03-27 08:34:45,360 - src.modules.scanner - INFO - Filtered out SBUX setup: confidence=57.1%, trend=weak_bearish
2025-03-27 08:34:45,361 - src.modules.scanner - INFO - Processing MU... (93/101)
2025-03-27 08:34:45,461 - src.modules.scanner - INFO - Fetched price for MU: $92.13
2025-03-27 08:34:45,462 - src.modules.market_context - INFO - Fetching data for MU
2025-03-27 08:34:45,755 - src.modules.key_levels - INFO - Fetching options data for MU
2025-03-27 08:34:46,116 - src.utils.data_cache - ERROR - Error reading cache options_chain_MU_nearest: Expecting value: line 1 column 192 (char 191)
2025-03-27 08:34:46,214 - src.modules.options_metrics - ERROR - Error getting options chain for MU: 'DataCache' object has no attribute 'set_cache'
2025-03-27 08:34:46,215 - src.modules.options_metrics - ERROR - Could not get options chain for MU
2025-03-27 08:34:46,216 - src.modules.scanner - INFO - Added MU to results
2025-03-27 08:34:46,216 - src.modules.scanner - INFO - Processing INTU... (94/101)
2025-03-27 08:34:46,283 - src.modules.scanner - INFO - Fetched price for INTU: $614.86
2025-03-27 08:34:46,284 - src.modules.market_context - INFO - Fetching data for INTU
2025-03-27 08:34:46,536 - src.modules.key_levels - INFO - Fetching options data for INTU
2025-03-27 08:34:46,825 - src.utils.data_cache - ERROR - Error reading cache options_chain_INTU_nearest: Expecting value: line 1 column 196 (char 195)
2025-03-27 08:34:46,921 - src.modules.options_metrics - ERROR - Error getting options chain for INTU: 'DataCache' object has no attribute 'set_cache'
2025-03-27 08:34:46,922 - src.modules.options_metrics - ERROR - Could not get options chain for INTU
2025-03-27 08:34:46,922 - src.modules.scanner - INFO - Added INTU to results
2025-03-27 08:34:46,922 - src.modules.scanner - INFO - Processing BIIB... (95/101)
2025-03-27 08:34:46,983 - src.modules.scanner - INFO - Fetched price for BIIB: $142.43
2025-03-27 08:34:46,984 - src.modules.market_context - INFO - Fetching data for BIIB
2025-03-27 08:34:47,206 - src.modules.key_levels - INFO - Fetching options data for BIIB
2025-03-27 08:34:47,449 - src.utils.data_cache - ERROR - Error reading cache options_chain_BIIB_nearest: Expecting value: line 1 column 197 (char 196)
2025-03-27 08:34:47,544 - src.modules.options_metrics - ERROR - Error getting options chain for BIIB: 'DataCache' object has no attribute 'set_cache'
2025-03-27 08:34:47,545 - src.modules.options_metrics - ERROR - Could not get options chain for BIIB
2025-03-27 08:34:47,545 - src.modules.scanner - INFO - Added BIIB to results
2025-03-27 08:34:47,545 - src.modules.scanner - INFO - Processing AAPL... (96/101)
2025-03-27 08:34:47,665 - src.modules.scanner - INFO - Fetched price for AAPL: $221.53
2025-03-27 08:34:47,666 - src.modules.market_context - INFO - Fetching data for AAPL
2025-03-27 08:34:47,990 - src.modules.key_levels - INFO - Fetching options data for AAPL
2025-03-27 08:34:48,320 - src.utils.data_cache - ERROR - Error reading cache options_chain_AAPL_nearest: Expecting value: line 1 column 197 (char 196)
2025-03-27 08:34:48,419 - src.modules.options_metrics - ERROR - Error getting options chain for AAPL: 'DataCache' object has no attribute 'set_cache'
2025-03-27 08:34:48,420 - src.modules.options_metrics - ERROR - Could not get options chain for AAPL
2025-03-27 08:34:48,421 - src.modules.scanner - INFO - Filtered out AAPL setup: confidence=57.1%, trend=weak_bearish
2025-03-27 08:34:48,421 - src.modules.scanner - INFO - Processing COST... (97/101)
2025-03-27 08:34:48,502 - src.modules.scanner - INFO - Fetched price for COST: $929.75
2025-03-27 08:34:48,503 - src.modules.market_context - INFO - Fetching data for COST
2025-03-27 08:34:48,793 - src.modules.key_levels - INFO - Fetching options data for COST
2025-03-27 08:34:49,157 - src.utils.data_cache - ERROR - Error reading cache options_chain_COST_nearest: Expecting value: line 1 column 185 (char 184)
2025-03-27 08:34:49,254 - src.modules.options_metrics - ERROR - Error getting options chain for COST: 'DataCache' object has no attribute 'set_cache'
2025-03-27 08:34:49,256 - src.modules.options_metrics - ERROR - Could not get options chain for COST
2025-03-27 08:34:49,257 - src.modules.scanner - INFO - Filtered out COST setup: confidence=57.1%, trend=weak_bearish
2025-03-27 08:34:49,257 - src.modules.scanner - INFO - Processing CTAS... (98/101)
2025-03-27 08:34:49,339 - src.modules.scanner - INFO - Fetched price for CTAS: $204.71
2025-03-27 08:34:49,340 - src.modules.market_context - INFO - Fetching data for CTAS
2025-03-27 08:34:49,587 - src.modules.key_levels - INFO - Fetching options data for CTAS
2025-03-27 08:34:49,875 - src.utils.data_cache - ERROR - Error reading cache options_chain_CTAS_nearest: Expecting value: line 1 column 196 (char 195)
2025-03-27 08:34:49,973 - src.modules.options_metrics - ERROR - Error getting options chain for CTAS: 'DataCache' object has no attribute 'set_cache'
2025-03-27 08:34:49,973 - src.modules.options_metrics - ERROR - Could not get options chain for CTAS
2025-03-27 08:34:49,974 - src.modules.scanner - INFO - Added CTAS to results
2025-03-27 08:34:49,974 - src.modules.scanner - INFO - Processing INTC... (99/101)
2025-03-27 08:34:50,071 - src.modules.scanner - INFO - Fetched price for INTC: $23.42
2025-03-27 08:34:50,072 - src.modules.market_context - INFO - Fetching data for INTC
2025-03-27 08:34:50,330 - src.modules.key_levels - INFO - Fetching options data for INTC
2025-03-27 08:34:50,656 - src.utils.data_cache - ERROR - Error reading cache options_chain_INTC_nearest: Expecting value: line 1 column 197 (char 196)
2025-03-27 08:34:50,752 - src.modules.options_metrics - ERROR - Error getting options chain for INTC: 'DataCache' object has no attribute 'set_cache'
2025-03-27 08:34:50,753 - src.modules.options_metrics - ERROR - Could not get options chain for INTC
2025-03-27 08:34:50,753 - src.modules.scanner - INFO - Added INTC to results
2025-03-27 08:34:50,754 - src.modules.scanner - INFO - Processing KLAC... (100/101)
2025-03-27 08:34:50,832 - src.modules.scanner - INFO - Fetched price for KLAC: $705.54
2025-03-27 08:34:50,833 - src.modules.market_context - INFO - Fetching data for KLAC
2025-03-27 08:34:51,122 - src.modules.key_levels - INFO - Fetching options data for KLAC
2025-03-27 08:34:51,422 - src.utils.data_cache - ERROR - Error reading cache options_chain_KLAC_nearest: Expecting value: line 1 column 196 (char 195)
2025-03-27 08:34:51,520 - src.modules.options_metrics - ERROR - Error getting options chain for KLAC: 'DataCache' object has no attribute 'set_cache'
2025-03-27 08:34:51,521 - src.modules.options_metrics - ERROR - Could not get options chain for KLAC
2025-03-27 08:34:51,521 - src.modules.scanner - INFO - Added KLAC to results
2025-03-27 08:34:51,521 - src.modules.scanner - INFO - Processing PCAR... (101/101)
2025-03-27 08:34:51,606 - src.modules.scanner - INFO - Fetched price for PCAR: $99.53
2025-03-27 08:34:51,607 - src.modules.market_context - INFO - Fetching data for PCAR
2025-03-27 08:34:51,846 - src.modules.key_levels - INFO - Fetching options data for PCAR
2025-03-27 08:34:52,147 - src.utils.data_cache - ERROR - Error reading cache options_chain_PCAR_nearest: Expecting value: line 1 column 196 (char 195)
2025-03-27 08:34:52,247 - src.modules.options_metrics - ERROR - Error getting options chain for PCAR: 'DataCache' object has no attribute 'set_cache'
2025-03-27 08:34:52,248 - src.modules.options_metrics - ERROR - Could not get options chain for PCAR
2025-03-27 08:34:52,249 - src.modules.scanner - INFO - Filtered out PCAR setup: confidence=85.7%, trend=bearish
2025-03-27 08:34:52,249 - src.modules.scanner - INFO - Pre-filter results count: 50
2025-03-27 08:34:52,250 - src.modules.scanner - INFO - Post-filter results count: 50
2025-03-27 08:34:52,256 - src.modules.scanner - INFO - Results saved to scanner_results\scan_results_20250327_083452.json
2025-03-27 08:34:52,257 - src.modules.scanner - INFO - Scan complete. Found 50 setups after filtering.
2025-03-27 08:35:22,801 - src.utils.data_cache - ERROR - Error reading cache options_chain_AAPL_nearest: Expecting value: line 1 column 197 (char 196)
2025-03-27 08:35:23,091 - src.modules.options_metrics - ERROR - Error getting options chain for AAPL: 'DataCache' object has no attribute 'set_cache'
2025-03-27 08:35:23,091 - src.modules.options_metrics - ERROR - Could not get options chain for AAPL
2025-03-27 08:35:23,092 - werkzeug - INFO - 127.0.0.1 - - [27/Mar/2025 08:35:23] "GET /api/options_metrics/AAPL HTTP/1.1" 200 -
2025-03-27 08:36:26,545 - werkzeug - INFO -  * Detected change in 'C:\\Users\\cciep\\Github\\APPs\\options-scanner-v2\\src\\modules\\options_metrics.py', reloading
2025-03-27 08:36:26,819 - werkzeug - INFO -  * Restarting with stat
2025-03-27 08:36:28,040 - __main__ - INFO - Starting Options-Technical Hybrid Scanner
2025-03-27 08:36:28,053 - werkzeug - WARNING -  * Debugger is active!
2025-03-27 08:36:28,056 - werkzeug - INFO -  * Debugger PIN: 216-997-372
2025-03-27 08:36:50,713 - __main__ - INFO - Starting Options-Technical Hybrid Scanner
2025-03-27 08:36:52,000 - werkzeug - INFO - [31m[1mWARNING: This is a development server. Do not use it in a production deployment. Use a production WSGI server instead.[0m
 * Running on all addresses (0.0.0.0)
 * Running on http://127.0.0.1:8080
 * Running on http://192.168.11.2:8080
2025-03-27 08:36:52,001 - werkzeug - INFO - [33mPress CTRL+C to quit[0m
2025-03-27 08:36:52,003 - werkzeug - INFO -  * Restarting with stat
2025-03-27 08:36:53,212 - __main__ - INFO - Starting Options-Technical Hybrid Scanner
2025-03-27 08:36:53,226 - werkzeug - WARNING -  * Debugger is active!
2025-03-27 08:36:53,230 - werkzeug - INFO -  * Debugger PIN: 216-997-372
2025-03-27 08:37:08,385 - werkzeug - INFO - 127.0.0.1 - - [27/Mar/2025 08:37:08] "GET / HTTP/1.1" 200 -
2025-03-27 08:37:08,490 - werkzeug - INFO - 127.0.0.1 - - [27/Mar/2025 08:37:08] "[36mGET /static/css/styles.css HTTP/1.1[0m" 304 -
2025-03-27 08:37:08,618 - werkzeug - INFO - 127.0.0.1 - - [27/Mar/2025 08:37:08] "[36mGET /static/js/app.js HTTP/1.1[0m" 304 -
2025-03-27 08:37:08,931 - werkzeug - INFO - 127.0.0.1 - - [27/Mar/2025 08:37:08] "GET /api/results HTTP/1.1" 200 -
2025-03-27 08:37:14,688 - src.modules.scanner - INFO - Loading configuration from config.json
2025-03-27 08:37:14,689 - src.modules.scanner - INFO - Using cached NASDAQ constituents
2025-03-27 08:37:14,689 - src.modules.scanner - INFO - Loaded 101 symbols from NASDAQ Composite
2025-03-27 08:37:14,690 - src.modules.scanner - INFO - Analyzing AAPL
2025-03-27 08:37:14,690 - src.modules.market_context - INFO - Fetching data for AAPL
2025-03-27 08:37:15,171 - src.modules.key_levels - INFO - Fetching options data for AAPL
2025-03-27 08:37:15,536 - src.utils.data_cache - ERROR - Error reading cache options_chain_AAPL_nearest: Expecting value: line 1 column 197 (char 196)
2025-03-27 08:37:15,708 - src.modules.options_metrics - ERROR - Error getting options chain for AAPL: 'DataCache' object has no attribute '_make_json_serializable'
2025-03-27 08:37:15,708 - src.modules.options_metrics - ERROR - Could not get options chain for AAPL
2025-03-27 08:37:15,709 - src.modules.scanner - ERROR - Error analyzing AAPL: TradeSetupEngine.determine_setup() missing 2 required positional arguments: 'context' and 'levels'
2025-03-27 08:37:15,709 - werkzeug - INFO - 127.0.0.1 - - [27/Mar/2025 08:37:15] "GET /api/analyze/AAPL HTTP/1.1" 200 -
2025-03-27 08:38:00,128 - werkzeug - INFO - 127.0.0.1 - - [27/Mar/2025 08:38:00] "GET / HTTP/1.1" 200 -
2025-03-27 08:38:00,167 - werkzeug - INFO - 127.0.0.1 - - [27/Mar/2025 08:38:00] "[36mGET /static/css/styles.css HTTP/1.1[0m" 304 -
2025-03-27 08:38:00,169 - werkzeug - INFO - 127.0.0.1 - - [27/Mar/2025 08:38:00] "[36mGET /static/js/app.js HTTP/1.1[0m" 304 -
2025-03-27 08:38:00,465 - werkzeug - INFO - 127.0.0.1 - - [27/Mar/2025 08:38:00] "GET /api/results HTTP/1.1" 200 -
2025-03-27 08:38:16,090 - src.modules.scanner - INFO - Loading configuration from config.json
2025-03-27 08:38:16,091 - src.modules.scanner - INFO - Using cached NASDAQ constituents
2025-03-27 08:38:16,091 - src.modules.scanner - INFO - Loaded 101 symbols from NASDAQ Composite
2025-03-27 08:38:16,092 - src.modules.scanner - INFO - Analyzing AAPL
2025-03-27 08:38:16,092 - src.modules.market_context - INFO - Fetching data for AAPL
2025-03-27 08:38:16,449 - src.modules.key_levels - INFO - Fetching options data for AAPL
2025-03-27 08:38:16,781 - src.utils.data_cache - ERROR - Error reading cache options_chain_AAPL_nearest: Expecting value: line 1 column 197 (char 196)
2025-03-27 08:38:17,009 - src.modules.options_metrics - ERROR - Error getting options chain for AAPL: 'DataCache' object has no attribute '_make_json_serializable'
2025-03-27 08:38:17,009 - src.modules.options_metrics - ERROR - Could not get options chain for AAPL
2025-03-27 08:38:17,010 - src.modules.scanner - ERROR - Error analyzing AAPL: TradeSetupEngine.determine_setup() missing 2 required positional arguments: 'context' and 'levels'
2025-03-27 08:38:17,010 - werkzeug - INFO - 127.0.0.1 - - [27/Mar/2025 08:38:17] "GET /api/analyze/AAPL HTTP/1.1" 200 -
2025-03-27 08:38:58,836 - werkzeug - INFO -  * Detected change in 'C:\\Users\\cciep\\Github\\APPs\\options-scanner-v2\\src\\modules\\options_metrics.py', reloading
2025-03-27 08:38:59,095 - werkzeug - INFO -  * Restarting with stat
2025-03-27 08:39:00,702 - __main__ - INFO - Starting Options-Technical Hybrid Scanner
2025-03-27 08:39:00,720 - werkzeug - WARNING -  * Debugger is active!
2025-03-27 08:39:00,723 - werkzeug - INFO -  * Debugger PIN: 216-997-372
2025-03-27 08:39:34,533 - src.utils.data_cache - ERROR - Error reading cache options_chain_AAPL_nearest: Expecting value: line 1 column 197 (char 196)
2025-03-27 08:39:34,996 - src.modules.options_metrics - ERROR - Error getting options chain for AAPL: 'DataCache' object has no attribute 'set_cache'
2025-03-27 08:39:34,996 - src.modules.options_metrics - ERROR - Could not get options chain for AAPL
2025-03-27 08:39:34,997 - werkzeug - INFO - 127.0.0.1 - - [27/Mar/2025 08:39:34] "GET /api/options_metrics/AAPL HTTP/1.1" 200 -
2025-03-27 08:39:51,991 - werkzeug - INFO -  * Detected change in 'C:\\Users\\cciep\\Github\\APPs\\options-scanner-v2\\src\\utils\\data_cache.py', reloading
2025-03-27 08:39:52,227 - werkzeug - INFO -  * Restarting with stat
2025-03-27 08:39:53,511 - __main__ - INFO - Starting Options-Technical Hybrid Scanner
2025-03-27 08:39:53,525 - werkzeug - WARNING -  * Debugger is active!
2025-03-27 08:39:53,528 - werkzeug - INFO -  * Debugger PIN: 216-997-372
2025-03-27 08:40:15,865 - src.utils.data_cache - ERROR - Error reading cache options_chain_AAPL_nearest: Expecting value: line 1 column 197 (char 196)
2025-03-27 08:40:16,352 - werkzeug - INFO - 127.0.0.1 - - [27/Mar/2025 08:40:16] "GET /api/options_metrics/AAPL HTTP/1.1" 200 -
2025-03-27 08:40:23,065 - src.modules.scanner - INFO - Loading configuration from config.json
2025-03-27 08:40:23,067 - src.modules.scanner - INFO - Using cached NASDAQ constituents
2025-03-27 08:40:23,068 - src.modules.scanner - INFO - Loaded 101 symbols from NASDAQ Composite
2025-03-27 08:40:23,069 - src.modules.scanner - INFO - Analyzing AAPL
2025-03-27 08:40:23,069 - src.modules.market_context - INFO - Fetching data for AAPL
2025-03-27 08:40:23,357 - src.modules.key_levels - INFO - Fetching options data for AAPL
2025-03-27 08:40:23,678 - src.modules.options_metrics - INFO - Using cached options chain for AAPL
2025-03-27 08:40:23,680 - src.modules.scanner - ERROR - Error analyzing AAPL: TradeSetupEngine.determine_setup() missing 2 required positional arguments: 'context' and 'levels'
2025-03-27 08:40:23,681 - werkzeug - INFO - 127.0.0.1 - - [27/Mar/2025 08:40:23] "GET /api/analyze/AAPL HTTP/1.1" 200 -
2025-03-27 08:40:47,412 - src.modules.scanner - INFO - Loading configuration from config.json
2025-03-27 08:40:47,413 - src.modules.scanner - INFO - Using cached NASDAQ constituents
2025-03-27 08:40:47,414 - src.modules.scanner - INFO - Loaded 101 symbols from NASDAQ Composite
2025-03-27 08:40:47,415 - src.modules.scanner - INFO - Starting scan for 101 symbols
2025-03-27 08:40:47,415 - werkzeug - INFO - 127.0.0.1 - - [27/Mar/2025 08:40:47] "GET /api/scan HTTP/1.1" 200 -
2025-03-27 08:40:47,416 - src.modules.scanner - INFO - Processing ADBE... (1/101)
2025-03-27 08:40:47,480 - src.modules.scanner - INFO - Fetched price for ADBE: $397.81
2025-03-27 08:40:47,481 - src.modules.market_context - INFO - Fetching data for ADBE
2025-03-27 08:40:47,765 - src.modules.key_levels - INFO - Fetching options data for ADBE
2025-03-27 08:40:48,083 - src.utils.data_cache - ERROR - Error reading cache options_chain_ADBE_nearest: Expecting value: line 1 column 197 (char 196)
2025-03-27 08:40:48,179 - src.modules.scanner - INFO - Added ADBE to results
2025-03-27 08:40:48,180 - src.modules.scanner - INFO - Processing AMAT... (2/101)
2025-03-27 08:40:48,250 - src.modules.scanner - INFO - Fetched price for AMAT: $150.68
2025-03-27 08:40:48,251 - src.modules.market_context - INFO - Fetching data for AMAT
2025-03-27 08:40:48,532 - src.modules.key_levels - INFO - Fetching options data for AMAT
2025-03-27 08:40:48,823 - src.utils.data_cache - ERROR - Error reading cache options_chain_AMAT_nearest: Expecting value: line 1 column 197 (char 196)
2025-03-27 08:40:48,919 - src.modules.scanner - INFO - Added AMAT to results
2025-03-27 08:40:48,919 - src.modules.scanner - INFO - Processing CSCO... (3/101)
2025-03-27 08:40:48,986 - src.modules.scanner - INFO - Fetched price for CSCO: $61.80
2025-03-27 08:40:48,987 - src.modules.market_context - INFO - Fetching data for CSCO
2025-03-27 08:40:49,216 - src.modules.key_levels - INFO - Fetching options data for CSCO
2025-03-27 08:40:49,470 - src.utils.data_cache - ERROR - Error reading cache options_chain_CSCO_nearest: Expecting value: line 1 column 196 (char 195)
2025-03-27 08:40:49,561 - src.modules.scanner - INFO - Added CSCO to results
2025-03-27 08:40:49,562 - src.modules.scanner - INFO - Processing FAST... (4/101)
2025-03-27 08:40:49,668 - src.modules.scanner - INFO - Fetched price for FAST: $77.09
2025-03-27 08:40:49,669 - src.modules.market_context - INFO - Fetching data for FAST
2025-03-27 08:40:49,891 - src.modules.key_levels - INFO - Fetching options data for FAST
2025-03-27 08:40:50,174 - src.utils.data_cache - ERROR - Error reading cache options_chain_FAST_nearest: Expecting value: line 1 column 196 (char 195)
2025-03-27 08:40:50,267 - src.modules.scanner - INFO - Added FAST to results
2025-03-27 08:40:50,268 - src.modules.scanner - INFO - Processing MSFT... (5/101)
2025-03-27 08:40:50,362 - src.modules.scanner - INFO - Fetched price for MSFT: $389.97
2025-03-27 08:40:50,362 - src.modules.market_context - INFO - Fetching data for MSFT
2025-03-27 08:40:50,674 - src.modules.key_levels - INFO - Fetching options data for MSFT
2025-03-27 08:40:50,990 - src.utils.data_cache - ERROR - Error reading cache options_chain_MSFT_nearest: Expecting value: line 1 column 196 (char 195)
2025-03-27 08:40:51,087 - src.modules.scanner - INFO - Added MSFT to results
2025-03-27 08:40:51,088 - src.modules.scanner - INFO - Processing PAYX... (6/101)
2025-03-27 08:40:51,217 - src.modules.scanner - INFO - Fetched price for PAYX: $150.19
2025-03-27 08:40:51,218 - src.modules.market_context - INFO - Fetching data for PAYX
2025-03-27 08:40:51,449 - src.modules.key_levels - INFO - Fetching options data for PAYX
2025-03-27 08:40:51,719 - src.utils.data_cache - ERROR - Error reading cache options_chain_PAYX_nearest: Expecting value: line 1 column 197 (char 196)
2025-03-27 08:40:51,818 - src.modules.scanner - INFO - Filtered out PAYX setup: confidence=75.0%, trend=neutral
2025-03-27 08:40:51,819 - src.modules.scanner - INFO - Processing QCOM... (7/101)
2025-03-27 08:40:51,899 - src.modules.scanner - INFO - Fetched price for QCOM: $158.39
2025-03-27 08:40:51,900 - src.modules.market_context - INFO - Fetching data for QCOM
2025-03-27 08:40:52,156 - src.modules.key_levels - INFO - Fetching options data for QCOM
2025-03-27 08:40:52,483 - src.utils.data_cache - ERROR - Error reading cache options_chain_QCOM_nearest: Expecting value: line 1 column 197 (char 196)
2025-03-27 08:40:52,576 - src.modules.scanner - INFO - Added QCOM to results
2025-03-27 08:40:52,577 - src.modules.scanner - INFO - Processing AXON... (8/101)
2025-03-27 08:40:52,623 - src.modules.scanner - INFO - Fetched price for AXON: $559.06
2025-03-27 08:40:52,624 - src.modules.market_context - INFO - Fetching data for AXON
2025-03-27 08:40:52,866 - src.modules.key_levels - INFO - Fetching options data for AXON
2025-03-27 08:40:53,143 - src.utils.data_cache - ERROR - Error reading cache options_chain_AXON_nearest: Expecting value: line 1 column 196 (char 195)
2025-03-27 08:40:53,237 - src.modules.scanner - INFO - Added AXON to results
2025-03-27 08:40:53,238 - src.modules.scanner - INFO - Processing MSTR... (9/101)
2025-03-27 08:40:53,286 - src.modules.scanner - INFO - Fetched price for MSTR: $329.31
2025-03-27 08:40:53,287 - src.modules.market_context - INFO - Fetching data for MSTR
2025-03-27 08:40:53,618 - src.modules.key_levels - INFO - Fetching options data for MSTR
2025-03-27 08:40:53,958 - src.utils.data_cache - ERROR - Error reading cache options_chain_MSTR_nearest: Expecting value: line 1 column 197 (char 196)
2025-03-27 08:40:54,119 - src.modules.scanner - INFO - Added MSTR to results
2025-03-27 08:40:54,120 - src.modules.scanner - INFO - Processing PLTR... (10/101)
2025-03-27 08:40:54,174 - src.modules.scanner - INFO - Fetched price for PLTR: $92.28
2025-03-27 08:40:54,175 - src.modules.market_context - INFO - Fetching data for PLTR
2025-03-27 08:40:54,441 - src.modules.key_levels - INFO - Fetching options data for PLTR
2025-03-27 08:40:54,732 - src.utils.data_cache - ERROR - Error reading cache options_chain_PLTR_nearest: Expecting value: line 1 column 196 (char 195)
2025-03-27 08:40:54,834 - src.modules.scanner - INFO - Added PLTR to results
2025-03-27 08:40:54,834 - src.modules.scanner - INFO - Processing APP... (11/101)
2025-03-27 08:40:54,900 - src.modules.scanner - INFO - Fetched price for APP: $327.62
2025-03-27 08:40:54,901 - src.modules.market_context - INFO - Fetching data for APP
2025-03-27 08:40:55,175 - src.modules.key_levels - INFO - Fetching options data for APP
2025-03-27 08:40:55,566 - src.utils.data_cache - ERROR - Error reading cache options_chain_APP_nearest: Expecting value: line 1 column 194 (char 193)
2025-03-27 08:40:55,667 - src.modules.scanner - INFO - Added APP to results
2025-03-27 08:40:55,668 - src.modules.scanner - INFO - Processing ARM... (12/101)
2025-03-27 08:40:55,718 - src.modules.scanner - INFO - Fetched price for ARM: $114.93
2025-03-27 08:40:55,719 - src.modules.market_context - INFO - Fetching data for ARM
2025-03-27 08:40:55,987 - src.modules.key_levels - INFO - Fetching options data for ARM
2025-03-27 08:40:56,303 - src.utils.data_cache - ERROR - Error reading cache options_chain_ARM_nearest: Expecting value: line 1 column 195 (char 194)
2025-03-27 08:40:56,397 - src.modules.scanner - INFO - Added ARM to results
2025-03-27 08:40:56,397 - src.modules.scanner - INFO - Processing LIN... (13/101)
2025-03-27 08:40:56,476 - src.modules.scanner - INFO - Fetched price for LIN: $461.43
2025-03-27 08:40:56,477 - src.modules.market_context - INFO - Fetching data for LIN
2025-03-27 08:40:56,735 - src.modules.key_levels - INFO - Fetching options data for LIN
2025-03-27 08:40:57,030 - src.utils.data_cache - ERROR - Error reading cache options_chain_LIN_nearest: Expecting value: line 1 column 195 (char 194)
2025-03-27 08:40:57,125 - src.modules.scanner - INFO - Added LIN to results
2025-03-27 08:40:57,125 - src.modules.scanner - INFO - Processing CCEP... (14/101)
2025-03-27 08:40:57,230 - src.modules.scanner - INFO - Fetched price for CCEP: $85.37
2025-03-27 08:40:57,231 - src.modules.market_context - INFO - Fetching data for CCEP
2025-03-27 08:40:57,465 - src.modules.key_levels - INFO - Fetching options data for CCEP
2025-03-27 08:40:57,742 - src.utils.data_cache - ERROR - Error reading cache options_chain_CCEP_nearest: Expecting value: line 1 column 196 (char 195)
2025-03-27 08:40:57,834 - src.modules.scanner - INFO - Filtered out CCEP setup: confidence=71.4%, trend=bullish
2025-03-27 08:40:57,834 - src.modules.scanner - INFO - Processing DASH... (15/101)
2025-03-27 08:40:57,884 - src.modules.scanner - INFO - Fetched price for DASH: $192.87
2025-03-27 08:40:57,884 - src.modules.market_context - INFO - Fetching data for DASH
2025-03-27 08:40:58,109 - src.modules.key_levels - INFO - Fetching options data for DASH
2025-03-27 08:40:58,351 - src.utils.data_cache - ERROR - Error reading cache options_chain_DASH_nearest: Expecting value: line 1 column 196 (char 195)
2025-03-27 08:40:58,445 - src.modules.scanner - INFO - Added DASH to results
2025-03-27 08:40:58,446 - src.modules.scanner - INFO - Processing MDB... (16/101)
2025-03-27 08:40:58,498 - src.modules.scanner - INFO - Fetched price for MDB: $193.66
2025-03-27 08:40:58,499 - src.modules.market_context - INFO - Fetching data for MDB
2025-03-27 08:40:58,726 - src.modules.key_levels - INFO - Fetching options data for MDB
2025-03-27 08:40:58,980 - src.utils.data_cache - ERROR - Error reading cache options_chain_MDB_nearest: Expecting value: line 1 column 195 (char 194)
2025-03-27 08:40:59,075 - src.modules.scanner - INFO - Added MDB to results
2025-03-27 08:40:59,076 - src.modules.scanner - INFO - Processing ROP... (17/101)
2025-03-27 08:40:59,183 - src.modules.scanner - INFO - Fetched price for ROP: $582.71
2025-03-27 08:40:59,183 - src.modules.market_context - INFO - Fetching data for ROP
2025-03-27 08:40:59,437 - src.modules.key_levels - INFO - Fetching options data for ROP
2025-03-27 08:40:59,703 - src.utils.data_cache - ERROR - Error reading cache options_chain_ROP_nearest: Expecting value: line 1 column 194 (char 193)
2025-03-27 08:40:59,791 - src.modules.scanner - INFO - Added ROP to results
2025-03-27 08:40:59,792 - src.modules.scanner - INFO - Processing TTD... (18/101)
2025-03-27 08:40:59,839 - src.modules.scanner - INFO - Fetched price for TTD: $58.80
2025-03-27 08:40:59,841 - src.modules.market_context - INFO - Fetching data for TTD
2025-03-27 08:41:00,157 - src.modules.key_levels - INFO - Fetching options data for TTD
2025-03-27 08:41:00,443 - src.utils.data_cache - ERROR - Error reading cache options_chain_TTD_nearest: Expecting value: line 1 column 194 (char 193)
2025-03-27 08:41:00,539 - src.modules.scanner - INFO - Added TTD to results
2025-03-27 08:41:00,540 - src.modules.scanner - INFO - Processing ON... (19/101)
2025-03-27 08:41:00,595 - src.modules.scanner - INFO - Fetched price for ON: $45.04
2025-03-27 08:41:00,596 - src.modules.market_context - INFO - Fetching data for ON
2025-03-27 08:41:00,838 - src.modules.key_levels - INFO - Fetching options data for ON
2025-03-27 08:41:01,096 - src.utils.data_cache - ERROR - Error reading cache options_chain_ON_nearest: Expecting value: line 1 column 193 (char 192)
2025-03-27 08:41:01,192 - src.modules.scanner - INFO - Filtered out ON setup: confidence=57.1%, trend=weak_bearish
2025-03-27 08:41:01,192 - src.modules.scanner - INFO - Processing GEHC... (20/101)
2025-03-27 08:41:01,354 - src.modules.scanner - INFO - Fetched price for GEHC: $81.00
2025-03-27 08:41:01,355 - src.modules.market_context - INFO - Fetching data for GEHC
2025-03-27 08:41:01,570 - src.modules.key_levels - INFO - Fetching options data for GEHC
2025-03-27 08:41:01,791 - src.utils.data_cache - ERROR - Error reading cache options_chain_GEHC_nearest: Expecting value: line 1 column 183 (char 182)
2025-03-27 08:41:01,881 - src.modules.scanner - INFO - Added GEHC to results
2025-03-27 08:41:01,882 - src.modules.scanner - INFO - Processing BKR... (21/101)
2025-03-27 08:41:01,975 - src.modules.scanner - INFO - Fetched price for BKR: $44.02
2025-03-27 08:41:01,976 - src.modules.market_context - INFO - Fetching data for BKR
2025-03-27 08:41:02,271 - src.modules.key_levels - INFO - Fetching options data for BKR
2025-03-27 08:41:02,563 - src.utils.data_cache - ERROR - Error reading cache options_chain_BKR_nearest: Expecting value: line 1 column 194 (char 193)
2025-03-27 08:41:02,655 - src.modules.scanner - INFO - Added BKR to results
2025-03-27 08:41:02,655 - src.modules.scanner - INFO - Processing FANG... (22/101)
2025-03-27 08:41:02,718 - src.modules.scanner - INFO - Fetched price for FANG: $163.09
2025-03-27 08:41:02,719 - src.modules.market_context - INFO - Fetching data for FANG
2025-03-27 08:41:02,921 - src.modules.key_levels - INFO - Fetching options data for FANG
2025-03-27 08:41:03,151 - src.utils.data_cache - ERROR - Error reading cache options_chain_FANG_nearest: Expecting value: line 1 column 197 (char 196)
2025-03-27 08:41:03,243 - src.modules.scanner - INFO - Added FANG to results
2025-03-27 08:41:03,244 - src.modules.scanner - INFO - Processing GFS... (23/101)
2025-03-27 08:41:03,295 - src.modules.scanner - INFO - Fetched price for GFS: $38.75
2025-03-27 08:41:03,296 - src.modules.market_context - INFO - Fetching data for GFS
2025-03-27 08:41:03,493 - src.modules.key_levels - INFO - Fetching options data for GFS
2025-03-27 08:41:03,705 - src.utils.data_cache - ERROR - Error reading cache options_chain_GFS_nearest: Expecting value: line 1 column 182 (char 181)
2025-03-27 08:41:03,796 - src.modules.scanner - INFO - Filtered out GFS setup: confidence=56.2%, trend=weak_neutral
2025-03-27 08:41:03,797 - src.modules.scanner - INFO - Processing WBD... (24/101)
2025-03-27 08:41:03,856 - src.modules.scanner - INFO - Fetched price for WBD: $11.03
2025-03-27 08:41:03,857 - src.modules.market_context - INFO - Fetching data for WBD
2025-03-27 08:41:04,105 - src.modules.key_levels - INFO - Fetching options data for WBD
2025-03-27 08:41:04,332 - src.utils.data_cache - ERROR - Error reading cache options_chain_WBD_nearest: Expecting value: line 1 column 195 (char 194)
2025-03-27 08:41:04,423 - src.modules.scanner - INFO - Added WBD to results
2025-03-27 08:41:04,424 - src.modules.scanner - INFO - Processing AZN... (25/101)
2025-03-27 08:41:04,528 - src.modules.scanner - INFO - Fetched price for AZN: $72.72
2025-03-27 08:41:04,529 - src.modules.market_context - INFO - Fetching data for AZN
2025-03-27 08:41:04,772 - src.modules.key_levels - INFO - Fetching options data for AZN
2025-03-27 08:41:05,052 - src.utils.data_cache - ERROR - Error reading cache options_chain_AZN_nearest: Expecting value: line 1 column 194 (char 193)
2025-03-27 08:41:05,146 - src.modules.scanner - INFO - Filtered out AZN setup: confidence=71.4%, trend=bearish
2025-03-27 08:41:05,147 - src.modules.scanner - INFO - Processing CEG... (26/101)
2025-03-27 08:41:05,207 - src.modules.scanner - INFO - Fetched price for CEG: $216.97
2025-03-27 08:41:05,208 - src.modules.market_context - INFO - Fetching data for CEG
2025-03-27 08:41:05,465 - src.modules.key_levels - INFO - Fetching options data for CEG
2025-03-27 08:41:05,883 - src.utils.data_cache - ERROR - Error reading cache options_chain_CEG_nearest: Expecting value: line 1 column 195 (char 194)
2025-03-27 08:41:05,998 - src.modules.scanner - INFO - Added CEG to results
2025-03-27 08:41:05,999 - src.modules.scanner - INFO - Processing ODFL... (27/101)
2025-03-27 08:41:06,060 - src.modules.scanner - INFO - Fetched price for ODFL: $168.67
2025-03-27 08:41:06,061 - src.modules.market_context - INFO - Fetching data for ODFL
2025-03-27 08:41:06,300 - src.modules.key_levels - INFO - Fetching options data for ODFL
2025-03-27 08:41:06,543 - src.utils.data_cache - ERROR - Error reading cache options_chain_ODFL_nearest: Expecting value: line 1 column 196 (char 195)
2025-03-27 08:41:06,634 - src.modules.scanner - INFO - Added ODFL to results
2025-03-27 08:41:06,635 - src.modules.scanner - INFO - Processing TEAM... (28/101)
2025-03-27 08:41:06,692 - src.modules.scanner - INFO - Fetched price for TEAM: $229.65
2025-03-27 08:41:06,693 - src.modules.market_context - INFO - Fetching data for TEAM
2025-03-27 08:41:06,926 - src.modules.key_levels - INFO - Fetching options data for TEAM
2025-03-27 08:41:07,188 - src.utils.data_cache - ERROR - Error reading cache options_chain_TEAM_nearest: Expecting value: line 1 column 197 (char 196)
2025-03-27 08:41:07,281 - src.modules.scanner - INFO - Added TEAM to results
2025-03-27 08:41:07,282 - src.modules.scanner - INFO - Processing ABNB... (29/101)
2025-03-27 08:41:07,331 - src.modules.scanner - INFO - Fetched price for ABNB: $128.64
2025-03-27 08:41:07,332 - src.modules.market_context - INFO - Fetching data for ABNB
2025-03-27 08:41:07,589 - src.modules.key_levels - INFO - Fetching options data for ABNB
2025-03-27 08:41:07,857 - src.utils.data_cache - ERROR - Error reading cache options_chain_ABNB_nearest: Expecting value: line 1 column 197 (char 196)
2025-03-27 08:41:07,958 - src.modules.scanner - INFO - Filtered out ABNB setup: confidence=71.4%, trend=bearish
2025-03-27 08:41:07,958 - src.modules.scanner - INFO - Processing FTNT... (30/101)
2025-03-27 08:41:08,013 - src.modules.scanner - INFO - Fetched price for FTNT: $101.01
2025-03-27 08:41:08,014 - src.modules.market_context - INFO - Fetching data for FTNT
2025-03-27 08:41:08,244 - src.modules.key_levels - INFO - Fetching options data for FTNT
2025-03-27 08:41:08,569 - src.utils.data_cache - ERROR - Error reading cache options_chain_FTNT_nearest: Expecting value: line 1 column 197 (char 196)
2025-03-27 08:41:08,664 - src.modules.scanner - INFO - Added FTNT to results
2025-03-27 08:41:08,665 - src.modules.scanner - INFO - Processing PANW... (31/101)
2025-03-27 08:41:08,714 - src.modules.scanner - INFO - Fetched price for PANW: $184.96
2025-03-27 08:41:08,715 - src.modules.market_context - INFO - Fetching data for PANW
2025-03-27 08:41:08,946 - src.modules.key_levels - INFO - Fetching options data for PANW
2025-03-27 08:41:09,217 - src.utils.data_cache - ERROR - Error reading cache options_chain_PANW_nearest: Expecting value: line 1 column 196 (char 195)
2025-03-27 08:41:09,312 - src.modules.scanner - INFO - Added PANW to results
2025-03-27 08:41:09,313 - src.modules.scanner - INFO - Processing ZS... (32/101)
2025-03-27 08:41:09,365 - src.modules.scanner - INFO - Fetched price for ZS: $211.55
2025-03-27 08:41:09,366 - src.modules.market_context - INFO - Fetching data for ZS
2025-03-27 08:41:09,592 - src.modules.key_levels - INFO - Fetching options data for ZS
2025-03-27 08:41:09,843 - src.utils.data_cache - ERROR - Error reading cache options_chain_ZS_nearest: Expecting value: line 1 column 192 (char 191)
2025-03-27 08:41:09,935 - src.modules.scanner - INFO - Added ZS to results
2025-03-27 08:41:09,936 - src.modules.scanner - INFO - Processing DDOG... (33/101)
2025-03-27 08:41:09,984 - src.modules.scanner - INFO - Fetched price for DDOG: $107.97
2025-03-27 08:41:09,985 - src.modules.market_context - INFO - Fetching data for DDOG
2025-03-27 08:41:10,260 - src.modules.key_levels - INFO - Fetching options data for DDOG
2025-03-27 08:41:10,556 - src.utils.data_cache - ERROR - Error reading cache options_chain_DDOG_nearest: Expecting value: line 1 column 197 (char 196)
2025-03-27 08:41:10,660 - src.modules.scanner - INFO - Added DDOG to results
2025-03-27 08:41:10,661 - src.modules.scanner - INFO - Processing CRWD... (34/101)
2025-03-27 08:41:10,749 - src.modules.scanner - INFO - Fetched price for CRWD: $371.41
2025-03-27 08:41:10,750 - src.modules.market_context - INFO - Fetching data for CRWD
2025-03-27 08:41:11,030 - src.modules.key_levels - INFO - Fetching options data for CRWD
2025-03-27 08:41:11,320 - src.utils.data_cache - ERROR - Error reading cache options_chain_CRWD_nearest: Expecting value: line 1 column 196 (char 195)
2025-03-27 08:41:11,424 - src.modules.scanner - INFO - Added CRWD to results
2025-03-27 08:41:11,425 - src.modules.scanner - INFO - Processing HON... (35/101)
2025-03-27 08:41:11,571 - src.modules.scanner - INFO - Fetched price for HON: $213.12
2025-03-27 08:41:11,572 - src.modules.market_context - INFO - Fetching data for HON
2025-03-27 08:41:11,843 - src.modules.key_levels - INFO - Fetching options data for HON
2025-03-27 08:41:12,149 - src.utils.data_cache - ERROR - Error reading cache options_chain_HON_nearest: Expecting value: line 1 column 194 (char 193)
2025-03-27 08:41:12,241 - src.modules.scanner - INFO - Added HON to results
2025-03-27 08:41:12,241 - src.modules.scanner - INFO - Processing AEP... (36/101)
2025-03-27 08:41:12,382 - src.modules.scanner - INFO - Fetched price for AEP: $103.90
2025-03-27 08:41:12,383 - src.modules.market_context - INFO - Fetching data for AEP
2025-03-27 08:41:12,663 - src.modules.key_levels - INFO - Fetching options data for AEP
2025-03-27 08:41:12,994 - src.utils.data_cache - ERROR - Error reading cache options_chain_AEP_nearest: Expecting value: line 1 column 194 (char 193)
2025-03-27 08:41:13,088 - src.modules.scanner - INFO - Added AEP to results
2025-03-27 08:41:13,089 - src.modules.scanner - INFO - Processing NFLX... (37/101)
2025-03-27 08:41:13,140 - src.modules.scanner - INFO - Fetched price for NFLX: $970.65
2025-03-27 08:41:13,141 - src.modules.market_context - INFO - Fetching data for NFLX
2025-03-27 08:41:13,455 - src.modules.key_levels - INFO - Fetching options data for NFLX
2025-03-27 08:41:13,801 - src.utils.data_cache - ERROR - Error reading cache options_chain_NFLX_nearest: Expecting value: line 1 column 196 (char 195)
2025-03-27 08:41:13,923 - src.modules.scanner - INFO - Added NFLX to results
2025-03-27 08:41:13,924 - src.modules.scanner - INFO - Processing KDP... (38/101)
2025-03-27 08:41:13,989 - src.modules.scanner - INFO - Fetched price for KDP: $34.06
2025-03-27 08:41:13,990 - src.modules.market_context - INFO - Fetching data for KDP
2025-03-27 08:41:14,213 - src.modules.key_levels - INFO - Fetching options data for KDP
2025-03-27 08:41:14,438 - src.utils.data_cache - ERROR - Error reading cache options_chain_KDP_nearest: Expecting value: line 1 column 195 (char 194)
2025-03-27 08:41:14,530 - src.modules.scanner - INFO - Added KDP to results
2025-03-27 08:41:14,531 - src.modules.scanner - INFO - Processing PDD... (39/101)
2025-03-27 08:41:14,579 - src.modules.scanner - INFO - Fetched price for PDD: $122.47
2025-03-27 08:41:14,580 - src.modules.market_context - INFO - Fetching data for PDD
2025-03-27 08:41:14,818 - src.modules.key_levels - INFO - Fetching options data for PDD
2025-03-27 08:41:15,098 - src.utils.data_cache - ERROR - Error reading cache options_chain_PDD_nearest: Expecting value: line 1 column 195 (char 194)
2025-03-27 08:41:15,194 - src.modules.scanner - INFO - Added PDD to results
2025-03-27 08:41:15,195 - src.modules.scanner - INFO - Processing DXCM... (40/101)
2025-03-27 08:41:15,245 - src.modules.scanner - INFO - Fetched price for DXCM: $72.13
2025-03-27 08:41:15,246 - src.modules.market_context - INFO - Fetching data for DXCM
2025-03-27 08:41:15,500 - src.modules.key_levels - INFO - Fetching options data for DXCM
2025-03-27 08:41:15,739 - src.utils.data_cache - ERROR - Error reading cache options_chain_DXCM_nearest: Expecting value: line 1 column 196 (char 195)
2025-03-27 08:41:15,833 - src.modules.scanner - INFO - Added DXCM to results
2025-03-27 08:41:15,833 - src.modules.scanner - INFO - Processing ANSS... (41/101)
2025-03-27 08:41:15,881 - src.modules.scanner - INFO - Fetched price for ANSS: $323.34
2025-03-27 08:41:15,882 - src.modules.market_context - INFO - Fetching data for ANSS
2025-03-27 08:41:16,101 - src.modules.key_levels - INFO - Fetching options data for ANSS
2025-03-27 08:41:16,314 - src.utils.data_cache - ERROR - Error reading cache options_chain_ANSS_nearest: Expecting value: line 1 column 196 (char 195)
2025-03-27 08:41:16,406 - src.modules.scanner - INFO - Added ANSS to results
2025-03-27 08:41:16,407 - src.modules.scanner - INFO - Processing CDW... (42/101)
2025-03-27 08:41:16,484 - src.modules.scanner - INFO - Fetched price for CDW: $167.33
2025-03-27 08:41:16,485 - src.modules.market_context - INFO - Fetching data for CDW
2025-03-27 08:41:16,693 - src.modules.key_levels - INFO - Fetching options data for CDW
2025-03-27 08:41:16,918 - src.utils.data_cache - ERROR - Error reading cache options_chain_CDW_nearest: Expecting value: line 1 column 194 (char 193)
2025-03-27 08:41:17,011 - src.modules.scanner - INFO - Added CDW to results
2025-03-27 08:41:17,011 - src.modules.scanner - INFO - Processing CPRT... (43/101)
2025-03-27 08:41:17,061 - src.modules.scanner - INFO - Fetched price for CPRT: $55.07
2025-03-27 08:41:17,062 - src.modules.market_context - INFO - Fetching data for CPRT
2025-03-27 08:41:17,262 - src.modules.key_levels - INFO - Fetching options data for CPRT
2025-03-27 08:41:17,486 - src.utils.data_cache - ERROR - Error reading cache options_chain_CPRT_nearest: Expecting value: line 1 column 196 (char 195)
2025-03-27 08:41:17,579 - src.modules.scanner - INFO - Added CPRT to results
2025-03-27 08:41:17,580 - src.modules.scanner - INFO - Processing CSGP... (44/101)
2025-03-27 08:41:17,630 - src.modules.scanner - INFO - Fetched price for CSGP: $80.37
2025-03-27 08:41:17,631 - src.modules.market_context - INFO - Fetching data for CSGP
2025-03-27 08:41:17,835 - src.modules.key_levels - INFO - Fetching options data for CSGP
2025-03-27 08:41:18,060 - src.utils.data_cache - ERROR - Error reading cache options_chain_CSGP_nearest: Expecting value: line 1 column 196 (char 195)
2025-03-27 08:41:18,151 - src.modules.scanner - INFO - Added CSGP to results
2025-03-27 08:41:18,152 - src.modules.scanner - INFO - Processing EXC... (45/101)
2025-03-27 08:41:18,282 - src.modules.scanner - INFO - Fetched price for EXC: $44.02
2025-03-27 08:41:18,283 - src.modules.market_context - INFO - Fetching data for EXC
2025-03-27 08:41:18,529 - src.modules.key_levels - INFO - Fetching options data for EXC
2025-03-27 08:41:18,793 - src.utils.data_cache - ERROR - Error reading cache options_chain_EXC_nearest: Expecting value: line 1 column 194 (char 193)
2025-03-27 08:41:18,887 - src.modules.scanner - INFO - Added EXC to results
2025-03-27 08:41:18,888 - src.modules.scanner - INFO - Processing AMD... (46/101)
2025-03-27 08:41:18,938 - src.modules.scanner - INFO - Fetched price for AMD: $110.19
2025-03-27 08:41:18,938 - src.modules.market_context - INFO - Fetching data for AMD
2025-03-27 08:41:19,242 - src.modules.key_levels - INFO - Fetching options data for AMD
2025-03-27 08:41:19,531 - src.utils.data_cache - ERROR - Error reading cache options_chain_AMD_nearest: Expecting value: line 1 column 195 (char 194)
2025-03-27 08:41:19,632 - src.modules.scanner - INFO - Added AMD to results
2025-03-27 08:41:19,633 - src.modules.scanner - INFO - Processing LULU... (47/101)
2025-03-27 08:41:19,684 - src.modules.scanner - INFO - Fetched price for LULU: $337.79
2025-03-27 08:41:19,686 - src.modules.market_context - INFO - Fetching data for LULU
2025-03-27 08:41:19,947 - src.modules.key_levels - INFO - Fetching options data for LULU
2025-03-27 08:41:20,223 - src.utils.data_cache - ERROR - Error reading cache options_chain_LULU_nearest: Expecting value: line 1 column 196 (char 195)
2025-03-27 08:41:20,319 - src.modules.scanner - INFO - Added LULU to results
2025-03-27 08:41:20,320 - src.modules.scanner - INFO - Processing XEL... (48/101)
2025-03-27 08:41:20,442 - src.modules.scanner - INFO - Fetched price for XEL: $68.92
2025-03-27 08:41:20,443 - src.modules.market_context - INFO - Fetching data for XEL
2025-03-27 08:41:20,671 - src.modules.key_levels - INFO - Fetching options data for XEL
2025-03-27 08:41:20,964 - src.utils.data_cache - ERROR - Error reading cache options_chain_XEL_nearest: Expecting value: line 1 column 194 (char 193)
2025-03-27 08:41:21,054 - src.modules.scanner - INFO - Added XEL to results
2025-03-27 08:41:21,054 - src.modules.scanner - INFO - Processing PEP... (49/101)
2025-03-27 08:41:21,170 - src.modules.scanner - INFO - Fetched price for PEP: $148.64
2025-03-27 08:41:21,171 - src.modules.market_context - INFO - Fetching data for PEP
2025-03-27 08:41:21,476 - src.modules.key_levels - INFO - Fetching options data for PEP
2025-03-27 08:41:21,771 - src.utils.data_cache - ERROR - Error reading cache options_chain_PEP_nearest: Expecting value: line 1 column 195 (char 194)
2025-03-27 08:41:21,865 - src.modules.scanner - INFO - Added PEP to results
2025-03-27 08:41:21,866 - src.modules.scanner - INFO - Processing ASML... (50/101)
2025-03-27 08:41:21,938 - src.modules.scanner - INFO - Fetched price for ASML: $705.76
2025-03-27 08:41:21,939 - src.modules.market_context - INFO - Fetching data for ASML
2025-03-27 08:41:22,239 - src.modules.key_levels - INFO - Fetching options data for ASML
2025-03-27 08:41:22,551 - src.utils.data_cache - ERROR - Error reading cache options_chain_ASML_nearest: Expecting value: line 1 column 195 (char 194)
2025-03-27 08:41:22,652 - src.modules.scanner - INFO - Filtered out ASML setup: confidence=68.8%, trend=neutral
2025-03-27 08:41:22,652 - src.modules.scanner - INFO - Processing SNPS... (51/101)
2025-03-27 08:41:22,706 - src.modules.scanner - INFO - Fetched price for SNPS: $449.90
2025-03-27 08:41:22,707 - src.modules.market_context - INFO - Fetching data for SNPS
2025-03-27 08:41:22,928 - src.modules.key_levels - INFO - Fetching options data for SNPS
2025-03-27 08:41:23,175 - src.utils.data_cache - ERROR - Error reading cache options_chain_SNPS_nearest: Expecting value: line 1 column 196 (char 195)
2025-03-27 08:41:23,268 - src.modules.scanner - INFO - Added SNPS to results
2025-03-27 08:41:23,269 - src.modules.scanner - INFO - Processing TTWO... (52/101)
2025-03-27 08:41:23,320 - src.modules.scanner - INFO - Fetched price for TTWO: $215.89
2025-03-27 08:41:23,321 - src.modules.market_context - INFO - Fetching data for TTWO
2025-03-27 08:41:23,531 - src.modules.key_levels - INFO - Fetching options data for TTWO
2025-03-27 08:41:23,757 - src.utils.data_cache - ERROR - Error reading cache options_chain_TTWO_nearest: Expecting value: line 1 column 197 (char 196)
2025-03-27 08:41:23,850 - src.modules.scanner - INFO - Added TTWO to results
2025-03-27 08:41:23,850 - src.modules.scanner - INFO - Processing WDAY... (53/101)
2025-03-27 08:41:23,906 - src.modules.scanner - INFO - Fetched price for WDAY: $250.79
2025-03-27 08:41:23,907 - src.modules.market_context - INFO - Fetching data for WDAY
2025-03-27 08:41:24,132 - src.modules.key_levels - INFO - Fetching options data for WDAY
2025-03-27 08:41:24,406 - src.utils.data_cache - ERROR - Error reading cache options_chain_WDAY_nearest: Expecting value: line 1 column 196 (char 195)
2025-03-27 08:41:24,501 - src.modules.scanner - INFO - Added WDAY to results
2025-03-27 08:41:24,502 - src.modules.scanner - INFO - Processing MELI... (54/101)
2025-03-27 08:41:24,562 - src.modules.scanner - INFO - Fetched price for MELI: $2074.97
2025-03-27 08:41:24,563 - src.modules.market_context - INFO - Fetching data for MELI
2025-03-27 08:41:24,837 - src.modules.key_levels - INFO - Fetching options data for MELI
2025-03-27 08:41:25,149 - src.utils.data_cache - ERROR - Error reading cache options_chain_MELI_nearest: Expecting value: line 1 column 196 (char 195)
2025-03-27 08:41:25,249 - src.modules.scanner - INFO - Added MELI to results
2025-03-27 08:41:25,250 - src.modules.scanner - INFO - Processing IDXX... (55/101)
2025-03-27 08:41:25,300 - src.modules.scanner - INFO - Fetched price for IDXX: $417.71
2025-03-27 08:41:25,301 - src.modules.market_context - INFO - Fetching data for IDXX
2025-03-27 08:41:25,515 - src.modules.key_levels - INFO - Fetching options data for IDXX
2025-03-27 08:41:25,740 - src.utils.data_cache - ERROR - Error reading cache options_chain_IDXX_nearest: Expecting value: line 1 column 196 (char 195)
2025-03-27 08:41:25,832 - src.modules.scanner - INFO - Added IDXX to results
2025-03-27 08:41:25,832 - src.modules.scanner - INFO - Processing CSX... (56/101)
2025-03-27 08:41:25,935 - src.modules.scanner - INFO - Fetched price for CSX: $29.90
2025-03-27 08:41:25,936 - src.modules.market_context - INFO - Fetching data for CSX
2025-03-27 08:41:26,181 - src.modules.key_levels - INFO - Fetching options data for CSX
2025-03-27 08:41:26,441 - src.utils.data_cache - ERROR - Error reading cache options_chain_CSX_nearest: Expecting value: line 1 column 195 (char 194)
2025-03-27 08:41:26,533 - src.modules.scanner - INFO - Added CSX to results
2025-03-27 08:41:26,533 - src.modules.scanner - INFO - Processing TMUS... (57/101)
2025-03-27 08:41:26,591 - src.modules.scanner - INFO - Fetched price for TMUS: $262.51
2025-03-27 08:41:26,592 - src.modules.market_context - INFO - Fetching data for TMUS
2025-03-27 08:41:26,811 - src.modules.key_levels - INFO - Fetching options data for TMUS
2025-03-27 08:41:27,044 - src.utils.data_cache - ERROR - Error reading cache options_chain_TMUS_nearest: Expecting value: line 1 column 195 (char 194)
2025-03-27 08:41:27,136 - src.modules.scanner - INFO - Added TMUS to results
2025-03-27 08:41:27,137 - src.modules.scanner - INFO - Processing PYPL... (58/101)
2025-03-27 08:41:27,185 - src.modules.scanner - INFO - Fetched price for PYPL: $69.97
2025-03-27 08:41:27,186 - src.modules.market_context - INFO - Fetching data for PYPL
2025-03-27 08:41:27,407 - src.modules.key_levels - INFO - Fetching options data for PYPL
2025-03-27 08:41:27,662 - src.utils.data_cache - ERROR - Error reading cache options_chain_PYPL_nearest: Expecting value: line 1 column 196 (char 195)
2025-03-27 08:41:27,755 - src.modules.scanner - INFO - Added PYPL to results
2025-03-27 08:41:27,756 - src.modules.scanner - INFO - Processing KHC... (59/101)
2025-03-27 08:41:27,812 - src.modules.scanner - INFO - Fetched price for KHC: $29.69
2025-03-27 08:41:27,813 - src.modules.market_context - INFO - Fetching data for KHC
2025-03-27 08:41:28,025 - src.modules.key_levels - INFO - Fetching options data for KHC
2025-03-27 08:41:28,263 - src.utils.data_cache - ERROR - Error reading cache options_chain_KHC_nearest: Expecting value: line 1 column 195 (char 194)
2025-03-27 08:41:28,353 - src.modules.scanner - INFO - Added KHC to results
2025-03-27 08:41:28,354 - src.modules.scanner - INFO - Processing GOOG... (60/101)
2025-03-27 08:41:28,409 - src.modules.scanner - INFO - Fetched price for GOOG: $167.14
2025-03-27 08:41:28,410 - src.modules.market_context - INFO - Fetching data for GOOG
2025-03-27 08:41:28,642 - src.modules.key_levels - INFO - Fetching options data for GOOG
2025-03-27 08:41:28,881 - src.utils.data_cache - ERROR - Error reading cache options_chain_GOOG_nearest: Expecting value: line 1 column 197 (char 196)
2025-03-27 08:41:28,975 - src.modules.scanner - INFO - Added GOOG to results
2025-03-27 08:41:28,975 - src.modules.scanner - INFO - Processing NXPI... (61/101)
2025-03-27 08:41:29,035 - src.modules.scanner - INFO - Fetched price for NXPI: $205.75
2025-03-27 08:41:29,036 - src.modules.market_context - INFO - Fetching data for NXPI
2025-03-27 08:41:29,264 - src.modules.key_levels - INFO - Fetching options data for NXPI
2025-03-27 08:41:29,501 - src.utils.data_cache - ERROR - Error reading cache options_chain_NXPI_nearest: Expecting value: line 1 column 185 (char 184)
2025-03-27 08:41:29,591 - src.modules.scanner - INFO - Added NXPI to results
2025-03-27 08:41:29,592 - src.modules.scanner - INFO - Processing MAR... (62/101)
2025-03-27 08:41:29,704 - src.modules.scanner - INFO - Fetched price for MAR: $246.72
2025-03-27 08:41:29,705 - src.modules.market_context - INFO - Fetching data for MAR
2025-03-27 08:41:29,979 - src.modules.key_levels - INFO - Fetching options data for MAR
2025-03-27 08:41:30,257 - src.utils.data_cache - ERROR - Error reading cache options_chain_MAR_nearest: Expecting value: line 1 column 195 (char 194)
2025-03-27 08:41:30,353 - src.modules.scanner - INFO - Added MAR to results
2025-03-27 08:41:30,354 - src.modules.scanner - INFO - Processing CHTR... (63/101)
2025-03-27 08:41:30,417 - src.modules.scanner - INFO - Fetched price for CHTR: $384.77
2025-03-27 08:41:30,418 - src.modules.market_context - INFO - Fetching data for CHTR
2025-03-27 08:41:30,622 - src.modules.key_levels - INFO - Fetching options data for CHTR
2025-03-27 08:41:30,855 - src.utils.data_cache - ERROR - Error reading cache options_chain_CHTR_nearest: Expecting value: line 1 column 196 (char 195)
2025-03-27 08:41:30,946 - src.modules.scanner - INFO - Added CHTR to results
2025-03-27 08:41:30,946 - src.modules.scanner - INFO - Processing TSLA... (64/101)
2025-03-27 08:41:30,995 - src.modules.scanner - INFO - Fetched price for TSLA: $272.06
2025-03-27 08:41:30,996 - src.modules.market_context - INFO - Fetching data for TSLA
2025-03-27 08:41:31,324 - src.modules.key_levels - INFO - Fetching options data for TSLA
2025-03-27 08:41:31,645 - src.utils.data_cache - ERROR - Error reading cache options_chain_TSLA_nearest: Expecting value: line 1 column 197 (char 196)
2025-03-27 08:41:31,792 - src.modules.scanner - INFO - Added TSLA to results
2025-03-27 08:41:31,793 - src.modules.scanner - INFO - Processing EA... (65/101)
2025-03-27 08:41:31,852 - src.modules.scanner - INFO - Fetched price for EA: $145.19
2025-03-27 08:41:31,853 - src.modules.market_context - INFO - Fetching data for EA
2025-03-27 08:41:32,083 - src.modules.key_levels - INFO - Fetching options data for EA
2025-03-27 08:41:32,340 - src.utils.data_cache - ERROR - Error reading cache options_chain_EA_nearest: Expecting value: line 1 column 193 (char 192)
2025-03-27 08:41:32,429 - src.modules.scanner - INFO - Added EA to results
2025-03-27 08:41:32,430 - src.modules.scanner - INFO - Processing MRVL... (66/101)
2025-03-27 08:41:32,504 - src.modules.scanner - INFO - Fetched price for MRVL: $66.76
2025-03-27 08:41:32,505 - src.modules.market_context - INFO - Fetching data for MRVL
2025-03-27 08:41:32,770 - src.modules.key_levels - INFO - Fetching options data for MRVL
2025-03-27 08:41:33,073 - src.utils.data_cache - ERROR - Error reading cache options_chain_MRVL_nearest: Expecting value: line 1 column 196 (char 195)
2025-03-27 08:41:33,172 - src.modules.scanner - INFO - Added MRVL to results
2025-03-27 08:41:33,172 - src.modules.scanner - INFO - Processing REGN... (67/101)
2025-03-27 08:41:33,221 - src.modules.scanner - INFO - Fetched price for REGN: $640.14
2025-03-27 08:41:33,222 - src.modules.market_context - INFO - Fetching data for REGN
2025-03-27 08:41:33,449 - src.modules.key_levels - INFO - Fetching options data for REGN
2025-03-27 08:41:33,795 - src.utils.data_cache - ERROR - Error reading cache options_chain_REGN_nearest: Expecting value: line 1 column 196 (char 195)
2025-03-27 08:41:33,888 - src.modules.scanner - INFO - Added REGN to results
2025-03-27 08:41:33,889 - src.modules.scanner - INFO - Processing VRSK... (68/101)
2025-03-27 08:41:33,942 - src.modules.scanner - INFO - Fetched price for VRSK: $292.03
2025-03-27 08:41:33,943 - src.modules.market_context - INFO - Fetching data for VRSK
2025-03-27 08:41:34,139 - src.modules.key_levels - INFO - Fetching options data for VRSK
2025-03-27 08:41:34,359 - src.utils.data_cache - ERROR - Error reading cache options_chain_VRSK_nearest: Expecting value: line 1 column 196 (char 195)
2025-03-27 08:41:34,448 - src.modules.scanner - INFO - Added VRSK to results
2025-03-27 08:41:34,449 - src.modules.scanner - INFO - Processing META... (69/101)
2025-03-27 08:41:34,500 - src.modules.scanner - INFO - Fetched price for META: $610.98
2025-03-27 08:41:34,501 - src.modules.market_context - INFO - Fetching data for META
2025-03-27 08:41:34,828 - src.modules.key_levels - INFO - Fetching options data for META
2025-03-27 08:41:35,187 - src.utils.data_cache - ERROR - Error reading cache options_chain_META_nearest: Expecting value: line 1 column 194 (char 193)
2025-03-27 08:41:35,297 - src.modules.scanner - INFO - Added META to results
2025-03-27 08:41:35,297 - src.modules.scanner - INFO - Processing ADI... (70/101)
2025-03-27 08:41:35,374 - src.modules.scanner - INFO - Fetched price for ADI: $210.53
2025-03-27 08:41:35,375 - src.modules.market_context - INFO - Fetching data for ADI
2025-03-27 08:41:35,613 - src.modules.key_levels - INFO - Fetching options data for ADI
2025-03-27 08:41:35,871 - src.utils.data_cache - ERROR - Error reading cache options_chain_ADI_nearest: Expecting value: line 1 column 195 (char 194)
2025-03-27 08:41:35,963 - src.modules.scanner - INFO - Filtered out ADI setup: confidence=68.8%, trend=neutral
2025-03-27 08:41:35,964 - src.modules.scanner - INFO - Processing MDLZ... (71/101)
2025-03-27 08:41:36,042 - src.modules.scanner - INFO - Fetched price for MDLZ: $66.33
2025-03-27 08:41:36,043 - src.modules.market_context - INFO - Fetching data for MDLZ
2025-03-27 08:41:36,274 - src.modules.key_levels - INFO - Fetching options data for MDLZ
2025-03-27 08:41:36,515 - src.utils.data_cache - ERROR - Error reading cache options_chain_MDLZ_nearest: Expecting value: line 1 column 196 (char 195)
2025-03-27 08:41:36,609 - src.modules.scanner - INFO - Added MDLZ to results
2025-03-27 08:41:36,609 - src.modules.scanner - INFO - Processing TXN... (72/101)
2025-03-27 08:41:36,723 - src.modules.scanner - INFO - Fetched price for TXN: $184.49
2025-03-27 08:41:36,724 - src.modules.market_context - INFO - Fetching data for TXN
2025-03-27 08:41:37,006 - src.modules.key_levels - INFO - Fetching options data for TXN
2025-03-27 08:41:37,281 - src.utils.data_cache - ERROR - Error reading cache options_chain_TXN_nearest: Expecting value: line 1 column 195 (char 194)
2025-03-27 08:41:37,372 - src.modules.scanner - INFO - Added TXN to results
2025-03-27 08:41:37,373 - src.modules.scanner - INFO - Processing AVGO... (73/101)
2025-03-27 08:41:37,432 - src.modules.scanner - INFO - Fetched price for AVGO: $179.27
2025-03-27 08:41:37,433 - src.modules.market_context - INFO - Fetching data for AVGO
2025-03-27 08:41:37,690 - src.modules.key_levels - INFO - Fetching options data for AVGO
2025-03-27 08:41:37,960 - src.utils.data_cache - ERROR - Error reading cache options_chain_AVGO_nearest: Expecting value: line 1 column 197 (char 196)
2025-03-27 08:41:38,072 - src.modules.scanner - INFO - Added AVGO to results
2025-03-27 08:41:38,073 - src.modules.scanner - INFO - Processing BKNG... (74/101)
2025-03-27 08:41:38,157 - src.modules.scanner - INFO - Fetched price for BKNG: $4764.16
2025-03-27 08:41:38,158 - src.modules.market_context - INFO - Fetching data for BKNG
2025-03-27 08:41:38,578 - src.modules.key_levels - INFO - Fetching options data for BKNG
2025-03-27 08:41:38,960 - src.utils.data_cache - ERROR - Error reading cache options_chain_BKNG_nearest: Expecting value: line 1 column 192 (char 191)
2025-03-27 08:41:39,070 - src.modules.scanner - INFO - Added BKNG to results
2025-03-27 08:41:39,071 - src.modules.scanner - INFO - Processing ADP... (75/101)
2025-03-27 08:41:39,272 - src.modules.scanner - INFO - Fetched price for ADP: $302.41
2025-03-27 08:41:39,273 - src.modules.market_context - INFO - Fetching data for ADP
2025-03-27 08:41:39,508 - src.modules.key_levels - INFO - Fetching options data for ADP
2025-03-27 08:41:39,788 - src.utils.data_cache - ERROR - Error reading cache options_chain_ADP_nearest: Expecting value: line 1 column 194 (char 193)
2025-03-27 08:41:39,879 - src.modules.scanner - INFO - Added ADP to results
2025-03-27 08:41:39,880 - src.modules.scanner - INFO - Processing ORLY... (76/101)
2025-03-27 08:41:39,931 - src.modules.scanner - INFO - Fetched price for ORLY: $1380.98
2025-03-27 08:41:39,932 - src.modules.market_context - INFO - Fetching data for ORLY
2025-03-27 08:41:40,174 - src.modules.key_levels - INFO - Fetching options data for ORLY
2025-03-27 08:41:40,450 - src.utils.data_cache - ERROR - Error reading cache options_chain_ORLY_nearest: Expecting value: line 1 column 195 (char 194)
2025-03-27 08:41:40,542 - src.modules.scanner - INFO - Filtered out ORLY setup: confidence=71.4%, trend=bullish
2025-03-27 08:41:40,543 - src.modules.scanner - INFO - Processing ROST... (77/101)
2025-03-27 08:41:40,621 - src.modules.scanner - INFO - Fetched price for ROST: $127.70
2025-03-27 08:41:40,622 - src.modules.market_context - INFO - Fetching data for ROST
2025-03-27 08:41:40,888 - src.modules.key_levels - INFO - Fetching options data for ROST
2025-03-27 08:41:41,168 - src.utils.data_cache - ERROR - Error reading cache options_chain_ROST_nearest: Expecting value: line 1 column 197 (char 196)
2025-03-27 08:41:41,260 - src.modules.scanner - INFO - Filtered out ROST setup: confidence=71.4%, trend=bearish
2025-03-27 08:41:41,261 - src.modules.scanner - INFO - Processing MNST... (78/101)
2025-03-27 08:41:41,316 - src.modules.scanner - INFO - Fetched price for MNST: $57.76
2025-03-27 08:41:41,317 - src.modules.market_context - INFO - Fetching data for MNST
2025-03-27 08:41:41,521 - src.modules.key_levels - INFO - Fetching options data for MNST
2025-03-27 08:41:41,751 - src.utils.data_cache - ERROR - Error reading cache options_chain_MNST_nearest: Expecting value: line 1 column 195 (char 194)
2025-03-27 08:41:41,845 - src.modules.scanner - INFO - Added MNST to results
2025-03-27 08:41:41,846 - src.modules.scanner - INFO - Processing VRTX... (79/101)
2025-03-27 08:41:41,901 - src.modules.scanner - INFO - Fetched price for VRTX: $500.28
2025-03-27 08:41:41,902 - src.modules.market_context - INFO - Fetching data for VRTX
2025-03-27 08:41:42,135 - src.modules.key_levels - INFO - Fetching options data for VRTX
2025-03-27 08:41:42,422 - src.utils.data_cache - ERROR - Error reading cache options_chain_VRTX_nearest: Expecting value: line 1 column 196 (char 195)
2025-03-27 08:41:42,514 - src.modules.scanner - INFO - Added VRTX to results
2025-03-27 08:41:42,514 - src.modules.scanner - INFO - Processing ISRG... (80/101)
2025-03-27 08:41:42,564 - src.modules.scanner - INFO - Fetched price for ISRG: $509.03
2025-03-27 08:41:42,565 - src.modules.market_context - INFO - Fetching data for ISRG
2025-03-27 08:41:42,878 - src.modules.key_levels - INFO - Fetching options data for ISRG
2025-03-27 08:41:43,126 - src.utils.data_cache - ERROR - Error reading cache options_chain_ISRG_nearest: Expecting value: line 1 column 196 (char 195)
2025-03-27 08:41:43,229 - src.modules.scanner - INFO - Added ISRG to results
2025-03-27 08:41:43,230 - src.modules.scanner - INFO - Processing CDNS... (81/101)
2025-03-27 08:41:43,282 - src.modules.scanner - INFO - Fetched price for CDNS: $263.41
2025-03-27 08:41:43,283 - src.modules.market_context - INFO - Fetching data for CDNS
2025-03-27 08:41:43,517 - src.modules.key_levels - INFO - Fetching options data for CDNS
2025-03-27 08:41:43,776 - src.utils.data_cache - ERROR - Error reading cache options_chain_CDNS_nearest: Expecting value: line 1 column 196 (char 195)
2025-03-27 08:41:43,866 - src.modules.scanner - INFO - Added CDNS to results
2025-03-27 08:41:43,867 - src.modules.scanner - INFO - Processing GOOGL... (82/101)
2025-03-27 08:41:43,918 - src.modules.scanner - INFO - Fetched price for GOOGL: $165.06
2025-03-27 08:41:43,919 - src.modules.market_context - INFO - Fetching data for GOOGL
2025-03-27 08:41:44,138 - src.modules.key_levels - INFO - Fetching options data for GOOGL
2025-03-27 08:41:44,434 - src.utils.data_cache - ERROR - Error reading cache options_chain_GOOGL_nearest: Expecting value: line 1 column 199 (char 198)
2025-03-27 08:41:44,530 - src.modules.scanner - INFO - Added GOOGL to results
2025-03-27 08:41:44,531 - src.modules.scanner - INFO - Processing CTSH... (83/101)
2025-03-27 08:41:44,592 - src.modules.scanner - INFO - Fetched price for CTSH: $77.85
2025-03-27 08:41:44,593 - src.modules.market_context - INFO - Fetching data for CTSH
2025-03-27 08:41:44,811 - src.modules.key_levels - INFO - Fetching options data for CTSH
2025-03-27 08:41:45,062 - src.utils.data_cache - ERROR - Error reading cache options_chain_CTSH_nearest: Expecting value: line 1 column 195 (char 194)
2025-03-27 08:41:45,154 - src.modules.scanner - INFO - Filtered out CTSH setup: confidence=64.3%, trend=bearish
2025-03-27 08:41:45,155 - src.modules.scanner - INFO - Processing ADSK... (84/101)
2025-03-27 08:41:45,223 - src.modules.scanner - INFO - Fetched price for ADSK: $271.21
2025-03-27 08:41:45,224 - src.modules.market_context - INFO - Fetching data for ADSK
2025-03-27 08:41:45,452 - src.modules.key_levels - INFO - Fetching options data for ADSK
2025-03-27 08:41:45,696 - src.utils.data_cache - ERROR - Error reading cache options_chain_ADSK_nearest: Expecting value: line 1 column 196 (char 195)
2025-03-27 08:41:45,789 - src.modules.scanner - INFO - Added ADSK to results
2025-03-27 08:41:45,789 - src.modules.scanner - INFO - Processing AMGN... (85/101)
2025-03-27 08:41:45,859 - src.modules.scanner - INFO - Fetched price for AMGN: $305.71
2025-03-27 08:41:45,860 - src.modules.market_context - INFO - Fetching data for AMGN
2025-03-27 08:41:46,103 - src.modules.key_levels - INFO - Fetching options data for AMGN
2025-03-27 08:41:46,357 - src.utils.data_cache - ERROR - Error reading cache options_chain_AMGN_nearest: Expecting value: line 1 column 196 (char 195)
2025-03-27 08:41:46,449 - src.modules.scanner - INFO - Added AMGN to results
2025-03-27 08:41:46,449 - src.modules.scanner - INFO - Processing LRCX... (86/101)
2025-03-27 08:41:46,518 - src.modules.scanner - INFO - Fetched price for LRCX: $76.14
2025-03-27 08:41:46,519 - src.modules.market_context - INFO - Fetching data for LRCX
2025-03-27 08:41:46,777 - src.modules.key_levels - INFO - Fetching options data for LRCX
2025-03-27 08:41:47,042 - src.utils.data_cache - ERROR - Error reading cache options_chain_LRCX_nearest: Expecting value: line 1 column 196 (char 195)
2025-03-27 08:41:47,135 - src.modules.scanner - INFO - Added LRCX to results
2025-03-27 08:41:47,135 - src.modules.scanner - INFO - Processing CMCSA... (87/101)
2025-03-27 08:41:47,254 - src.modules.scanner - INFO - Fetched price for CMCSA: $37.37
2025-03-27 08:41:47,255 - src.modules.market_context - INFO - Fetching data for CMCSA
2025-03-27 08:41:47,495 - src.modules.key_levels - INFO - Fetching options data for CMCSA
2025-03-27 08:41:47,784 - src.utils.data_cache - ERROR - Error reading cache options_chain_CMCSA_nearest: Expecting value: line 1 column 199 (char 198)
2025-03-27 08:41:47,881 - src.modules.scanner - INFO - Added CMCSA to results
2025-03-27 08:41:47,882 - src.modules.scanner - INFO - Processing GILD... (88/101)
2025-03-27 08:41:47,951 - src.modules.scanner - INFO - Fetched price for GILD: $109.27
2025-03-27 08:41:47,952 - src.modules.market_context - INFO - Fetching data for GILD
2025-03-27 08:41:48,194 - src.modules.key_levels - INFO - Fetching options data for GILD
2025-03-27 08:41:48,469 - src.utils.data_cache - ERROR - Error reading cache options_chain_GILD_nearest: Expecting value: line 1 column 196 (char 195)
2025-03-27 08:41:48,563 - src.modules.scanner - INFO - Filtered out GILD setup: confidence=57.1%, trend=weak_bearish
2025-03-27 08:41:48,564 - src.modules.scanner - INFO - Processing NVDA... (89/101)
2025-03-27 08:41:48,644 - src.modules.scanner - INFO - Fetched price for NVDA: $113.76
2025-03-27 08:41:48,645 - src.modules.market_context - INFO - Fetching data for NVDA
2025-03-27 08:41:48,940 - src.modules.key_levels - INFO - Fetching options data for NVDA
2025-03-27 08:41:49,266 - src.utils.data_cache - ERROR - Error reading cache options_chain_NVDA_nearest: Expecting value: line 1 column 197 (char 196)
2025-03-27 08:41:49,368 - src.modules.scanner - INFO - Added NVDA to results
2025-03-27 08:41:49,369 - src.modules.scanner - INFO - Processing AMZN... (90/101)
2025-03-27 08:41:49,421 - src.modules.scanner - INFO - Fetched price for AMZN: $201.13
2025-03-27 08:41:49,422 - src.modules.market_context - INFO - Fetching data for AMZN
2025-03-27 08:41:49,681 - src.modules.key_levels - INFO - Fetching options data for AMZN
2025-03-27 08:41:49,960 - src.utils.data_cache - ERROR - Error reading cache options_chain_AMZN_nearest: Expecting value: line 1 column 196 (char 195)
2025-03-27 08:41:50,053 - src.modules.scanner - INFO - Added AMZN to results
2025-03-27 08:41:50,054 - src.modules.scanner - INFO - Processing MCHP... (91/101)
2025-03-27 08:41:50,148 - src.modules.scanner - INFO - Fetched price for MCHP: $52.17
2025-03-27 08:41:50,148 - src.modules.market_context - INFO - Fetching data for MCHP
2025-03-27 08:41:53,164 - src.modules.key_levels - INFO - Fetching options data for MCHP
2025-03-27 08:41:53,509 - src.utils.data_cache - ERROR - Error reading cache options_chain_MCHP_nearest: Expecting value: line 1 column 196 (char 195)
2025-03-27 08:41:53,602 - src.modules.scanner - INFO - Filtered out MCHP setup: confidence=85.7%, trend=bearish
2025-03-27 08:41:53,602 - src.modules.scanner - INFO - Processing SBUX... (92/101)
2025-03-27 08:41:53,669 - src.modules.scanner - INFO - Fetched price for SBUX: $97.97
2025-03-27 08:41:53,670 - src.modules.market_context - INFO - Fetching data for SBUX
2025-03-27 08:41:53,913 - src.modules.key_levels - INFO - Fetching options data for SBUX
2025-03-27 08:41:54,189 - src.utils.data_cache - ERROR - Error reading cache options_chain_SBUX_nearest: Expecting value: line 1 column 196 (char 195)
2025-03-27 08:41:54,285 - src.modules.scanner - INFO - Added SBUX to results
2025-03-27 08:41:54,286 - src.modules.scanner - INFO - Processing MU... (93/101)
2025-03-27 08:41:54,388 - src.modules.scanner - INFO - Fetched price for MU: $92.13
2025-03-27 08:41:54,389 - src.modules.market_context - INFO - Fetching data for MU
2025-03-27 08:41:54,723 - src.modules.key_levels - INFO - Fetching options data for MU
2025-03-27 08:41:55,036 - src.utils.data_cache - ERROR - Error reading cache options_chain_MU_nearest: Expecting value: line 1 column 192 (char 191)
2025-03-27 08:41:55,134 - src.modules.scanner - INFO - Added MU to results
2025-03-27 08:41:55,134 - src.modules.scanner - INFO - Processing INTU... (94/101)
2025-03-27 08:41:55,196 - src.modules.scanner - INFO - Fetched price for INTU: $614.86
2025-03-27 08:41:55,197 - src.modules.market_context - INFO - Fetching data for INTU
2025-03-27 08:41:55,445 - src.modules.key_levels - INFO - Fetching options data for INTU
2025-03-27 08:41:55,772 - src.utils.data_cache - ERROR - Error reading cache options_chain_INTU_nearest: Expecting value: line 1 column 196 (char 195)
2025-03-27 08:41:55,867 - src.modules.scanner - INFO - Added INTU to results
2025-03-27 08:41:55,868 - src.modules.scanner - INFO - Processing BIIB... (95/101)
2025-03-27 08:41:55,916 - src.modules.scanner - INFO - Fetched price for BIIB: $142.43
2025-03-27 08:41:55,917 - src.modules.market_context - INFO - Fetching data for BIIB
2025-03-27 08:41:56,115 - src.modules.key_levels - INFO - Fetching options data for BIIB
2025-03-27 08:41:56,369 - src.utils.data_cache - ERROR - Error reading cache options_chain_BIIB_nearest: Expecting value: line 1 column 197 (char 196)
2025-03-27 08:41:56,461 - src.modules.scanner - INFO - Added BIIB to results
2025-03-27 08:41:56,462 - src.modules.scanner - INFO - Processing AAPL... (96/101)
2025-03-27 08:41:56,549 - src.modules.scanner - INFO - Fetched price for AAPL: $221.53
2025-03-27 08:41:56,550 - src.modules.market_context - INFO - Fetching data for AAPL
2025-03-27 08:41:56,824 - src.modules.key_levels - INFO - Fetching options data for AAPL
2025-03-27 08:41:57,114 - src.modules.options_metrics - INFO - Using cached options chain for AAPL
2025-03-27 08:41:57,116 - src.modules.scanner - INFO - Added AAPL to results
2025-03-27 08:41:57,116 - src.modules.scanner - INFO - Processing COST... (97/101)
2025-03-27 08:41:57,184 - src.modules.scanner - INFO - Fetched price for COST: $929.75
2025-03-27 08:41:57,185 - src.modules.market_context - INFO - Fetching data for COST
2025-03-27 08:41:57,482 - src.modules.key_levels - INFO - Fetching options data for COST
2025-03-27 08:41:57,831 - src.utils.data_cache - ERROR - Error reading cache options_chain_COST_nearest: Expecting value: line 1 column 185 (char 184)
2025-03-27 08:41:57,945 - src.modules.scanner - INFO - Added COST to results
2025-03-27 08:41:57,946 - src.modules.scanner - INFO - Processing CTAS... (98/101)
2025-03-27 08:41:58,029 - src.modules.scanner - INFO - Fetched price for CTAS: $204.71
2025-03-27 08:41:58,030 - src.modules.market_context - INFO - Fetching data for CTAS
2025-03-27 08:41:58,265 - src.modules.key_levels - INFO - Fetching options data for CTAS
2025-03-27 08:41:58,528 - src.utils.data_cache - ERROR - Error reading cache options_chain_CTAS_nearest: Expecting value: line 1 column 196 (char 195)
2025-03-27 08:41:58,626 - src.modules.scanner - INFO - Added CTAS to results
2025-03-27 08:41:58,627 - src.modules.scanner - INFO - Processing INTC... (99/101)
2025-03-27 08:41:58,716 - src.modules.scanner - INFO - Fetched price for INTC: $23.42
2025-03-27 08:41:58,717 - src.modules.market_context - INFO - Fetching data for INTC
2025-03-27 08:41:58,980 - src.modules.key_levels - INFO - Fetching options data for INTC
2025-03-27 08:41:59,281 - src.utils.data_cache - ERROR - Error reading cache options_chain_INTC_nearest: Expecting value: line 1 column 197 (char 196)
2025-03-27 08:41:59,380 - src.modules.scanner - INFO - Added INTC to results
2025-03-27 08:41:59,380 - src.modules.scanner - INFO - Processing KLAC... (100/101)
2025-03-27 08:41:59,470 - src.modules.scanner - INFO - Fetched price for KLAC: $705.54
2025-03-27 08:41:59,471 - src.modules.market_context - INFO - Fetching data for KLAC
2025-03-27 08:41:59,708 - src.modules.key_levels - INFO - Fetching options data for KLAC
2025-03-27 08:41:59,988 - src.utils.data_cache - ERROR - Error reading cache options_chain_KLAC_nearest: Expecting value: line 1 column 196 (char 195)
2025-03-27 08:42:00,084 - src.modules.scanner - INFO - Added KLAC to results
2025-03-27 08:42:00,085 - src.modules.scanner - INFO - Processing PCAR... (101/101)
2025-03-27 08:42:00,186 - src.modules.scanner - INFO - Fetched price for PCAR: $99.53
2025-03-27 08:42:00,187 - src.modules.market_context - INFO - Fetching data for PCAR
2025-03-27 08:42:00,428 - src.modules.key_levels - INFO - Fetching options data for PCAR
2025-03-27 08:42:00,713 - src.utils.data_cache - ERROR - Error reading cache options_chain_PCAR_nearest: Expecting value: line 1 column 196 (char 195)
2025-03-27 08:42:00,809 - src.modules.scanner - INFO - Filtered out PCAR setup: confidence=85.7%, trend=bearish
2025-03-27 08:42:00,810 - src.modules.scanner - INFO - Pre-filter results count: 87
2025-03-27 08:42:00,810 - src.modules.scanner - INFO - Post-filter results count: 87
2025-03-27 08:42:00,958 - src.modules.scanner - INFO - Results saved to scanner_results\scan_results_20250327_084200.json
2025-03-27 08:42:00,959 - src.modules.scanner - INFO - Scan complete. Found 87 setups after filtering.
2025-03-27 08:42:09,573 - werkzeug - INFO - 127.0.0.1 - - [27/Mar/2025 08:42:09] "GET / HTTP/1.1" 200 -
2025-03-27 08:42:09,737 - werkzeug - INFO - 127.0.0.1 - - [27/Mar/2025 08:42:09] "[36mGET /static/css/styles.css HTTP/1.1[0m" 304 -
2025-03-27 08:42:09,820 - werkzeug - INFO - 127.0.0.1 - - [27/Mar/2025 08:42:09] "[36mGET /static/js/app.js HTTP/1.1[0m" 304 -
2025-03-27 08:42:10,502 - werkzeug - INFO - 127.0.0.1 - - [27/Mar/2025 08:42:10] "GET /api/results HTTP/1.1" 200 -
2025-03-27 08:43:16,165 - src.modules.scanner - INFO - Loading configuration from config.json
2025-03-27 08:43:16,167 - src.modules.scanner - INFO - Using cached NASDAQ constituents
2025-03-27 08:43:16,167 - src.modules.scanner - INFO - Loaded 101 symbols from NASDAQ Composite
2025-03-27 08:43:16,167 - src.modules.scanner - INFO - Analyzing AAPL
2025-03-27 08:43:16,167 - src.modules.market_context - INFO - Fetching data for AAPL
2025-03-27 08:43:16,459 - src.modules.key_levels - INFO - Fetching options data for AAPL
2025-03-27 08:43:16,761 - src.modules.options_metrics - INFO - Using cached options chain for AAPL
2025-03-27 08:43:16,763 - src.modules.scanner - ERROR - Error analyzing AAPL: TradeSetupEngine.determine_setup() missing 2 required positional arguments: 'context' and 'levels'
2025-03-27 08:43:16,763 - werkzeug - INFO - 127.0.0.1 - - [27/Mar/2025 08:43:16] "GET /api/analyze/AAPL HTTP/1.1" 200 -
2025-03-27 08:45:36,728 - werkzeug - INFO -  * Detected change in 'C:\\Users\\cciep\\Github\\APPs\\options-scanner-v2\\src\\modules\\scanner.py', reloading
2025-03-27 08:45:36,995 - werkzeug - INFO -  * Restarting with stat
2025-03-27 08:45:38,306 - __main__ - INFO - Starting Options-Technical Hybrid Scanner
2025-03-27 08:45:38,320 - werkzeug - WARNING -  * Debugger is active!
2025-03-27 08:45:38,323 - werkzeug - INFO -  * Debugger PIN: 216-997-372
2025-03-27 08:45:46,885 - src.modules.scanner - INFO - Loading configuration from config.json
2025-03-27 08:45:46,887 - src.modules.scanner - INFO - Using cached NASDAQ constituents
2025-03-27 08:45:46,888 - src.modules.scanner - INFO - Loaded 101 symbols from NASDAQ Composite
2025-03-27 08:45:46,888 - src.modules.scanner - INFO - Analyzing AAPL
2025-03-27 08:45:46,889 - src.modules.market_context - INFO - Fetching data for AAPL
2025-03-27 08:45:47,507 - src.modules.key_levels - INFO - Fetching options data for AAPL
2025-03-27 08:45:47,823 - src.modules.options_metrics - INFO - Using cached options chain for AAPL
2025-03-27 08:45:47,825 - src.modules.key_levels - INFO - Fetching options data for AAPL
2025-03-27 08:45:48,006 - src.modules.options_metrics - INFO - Using cached options chain for AAPL
2025-03-27 08:45:48,009 - src.modules.scanner - ERROR - Error analyzing AAPL: 'RiskManager' object has no attribute 'calculate_parameters'
2025-03-27 08:45:48,010 - werkzeug - INFO - 127.0.0.1 - - [27/Mar/2025 08:45:48] "GET /api/analyze/AAPL HTTP/1.1" 200 -
2025-03-27 08:46:09,716 - werkzeug - INFO -  * Detected change in 'C:\\Users\\cciep\\Github\\APPs\\options-scanner-v2\\src\\modules\\scanner.py', reloading
2025-03-27 08:46:09,988 - werkzeug - INFO -  * Restarting with stat
2025-03-27 08:46:11,273 - __main__ - INFO - Starting Options-Technical Hybrid Scanner
2025-03-27 08:46:11,286 - werkzeug - WARNING -  * Debugger is active!
2025-03-27 08:46:11,289 - werkzeug - INFO -  * Debugger PIN: 216-997-372
2025-03-27 08:46:28,036 - werkzeug - INFO -  * Detected change in 'C:\\Users\\cciep\\Github\\APPs\\options-scanner-v2\\src\\modules\\scanner.py', reloading
2025-03-27 08:46:28,292 - werkzeug - INFO -  * Restarting with stat
2025-03-27 08:46:29,571 - __main__ - INFO - Starting Options-Technical Hybrid Scanner
2025-03-27 08:46:29,585 - werkzeug - WARNING -  * Debugger is active!
2025-03-27 08:46:29,588 - werkzeug - INFO -  * Debugger PIN: 216-997-372
2025-03-27 08:47:16,187 - __main__ - INFO - Starting Options-Technical Hybrid Scanner
2025-03-27 08:47:17,495 - werkzeug - INFO - [31m[1mWARNING: This is a development server. Do not use it in a production deployment. Use a production WSGI server instead.[0m
 * Running on all addresses (0.0.0.0)
 * Running on http://127.0.0.1:8080
 * Running on http://192.168.11.2:8080
2025-03-27 08:47:17,495 - werkzeug - INFO - [33mPress CTRL+C to quit[0m
2025-03-27 08:47:17,497 - werkzeug - INFO -  * Restarting with stat
2025-03-27 08:47:18,777 - __main__ - INFO - Starting Options-Technical Hybrid Scanner
2025-03-27 08:47:18,792 - werkzeug - WARNING -  * Debugger is active!
2025-03-27 08:47:18,794 - werkzeug - INFO -  * Debugger PIN: 216-997-372
2025-03-27 08:47:31,355 - src.modules.scanner - INFO - Loading configuration from config.json
2025-03-27 08:47:31,357 - src.modules.scanner - INFO - Using cached NASDAQ constituents
2025-03-27 08:47:31,358 - src.modules.scanner - INFO - Loaded 101 symbols from NASDAQ Composite
2025-03-27 08:47:31,358 - src.modules.scanner - INFO - Analyzing AAPL
2025-03-27 08:47:31,359 - src.modules.market_context - INFO - Fetching data for AAPL
2025-03-27 08:47:32,045 - src.modules.key_levels - INFO - Fetching options data for AAPL
2025-03-27 08:47:32,408 - src.modules.options_metrics - INFO - Using cached options chain for AAPL
2025-03-27 08:47:32,409 - src.modules.key_levels - INFO - Fetching options data for AAPL
2025-03-27 08:47:32,562 - src.modules.options_metrics - INFO - Using cached options chain for AAPL
2025-03-27 08:47:32,564 - src.modules.scanner - ERROR - Error analyzing AAPL: can't multiply sequence by non-int of type 'float'
2025-03-27 08:47:32,565 - werkzeug - INFO - 127.0.0.1 - - [27/Mar/2025 08:47:32] "GET /api/analyze/AAPL HTTP/1.1" 200 -
2025-03-27 08:51:20,196 - werkzeug - INFO -  * Detected change in 'C:\\Users\\cciep\\Github\\APPs\\options-scanner-v2\\src\\modules\\scanner.py', reloading
2025-03-27 08:51:20,453 - werkzeug - INFO -  * Restarting with stat
2025-03-27 08:51:21,803 - __main__ - INFO - Starting Options-Technical Hybrid Scanner
2025-03-27 08:51:21,815 - werkzeug - WARNING -  * Debugger is active!
2025-03-27 08:51:21,818 - werkzeug - INFO -  * Debugger PIN: 216-997-372
2025-03-27 08:51:59,519 - werkzeug - INFO -  * Detected change in 'C:\\Users\\cciep\\Github\\APPs\\options-scanner-v2\\src\\modules\\scanner.py', reloading
2025-03-27 08:51:59,744 - werkzeug - INFO -  * Restarting with stat
2025-03-27 08:52:00,969 - __main__ - INFO - Starting Options-Technical Hybrid Scanner
2025-03-27 08:52:00,982 - werkzeug - WARNING -  * Debugger is active!
2025-03-27 08:52:00,986 - werkzeug - INFO -  * Debugger PIN: 216-997-372
2025-03-27 08:52:09,385 - werkzeug - INFO -  * Detected change in 'C:\\Users\\cciep\\Github\\APPs\\options-scanner-v2\\src\\modules\\scanner.py', reloading
2025-03-27 08:52:09,615 - werkzeug - INFO -  * Restarting with stat
2025-03-27 08:52:10,820 - __main__ - INFO - Starting Options-Technical Hybrid Scanner
2025-03-27 08:52:10,833 - werkzeug - WARNING -  * Debugger is active!
2025-03-27 08:52:10,836 - werkzeug - INFO -  * Debugger PIN: 216-997-372
2025-03-27 08:53:50,580 - __main__ - INFO - Starting Options-Technical Hybrid Scanner
2025-03-27 08:53:51,875 - werkzeug - INFO - [31m[1mWARNING: This is a development server. Do not use it in a production deployment. Use a production WSGI server instead.[0m
 * Running on all addresses (0.0.0.0)
 * Running on http://127.0.0.1:8080
 * Running on http://192.168.11.2:8080
2025-03-27 08:53:51,876 - werkzeug - INFO - [33mPress CTRL+C to quit[0m
2025-03-27 08:53:51,877 - werkzeug - INFO -  * Restarting with stat
2025-03-27 08:53:53,028 - __main__ - INFO - Starting Options-Technical Hybrid Scanner
2025-03-27 08:53:53,042 - werkzeug - WARNING -  * Debugger is active!
2025-03-27 08:53:53,045 - werkzeug - INFO -  * Debugger PIN: 216-997-372
2025-03-27 08:54:03,370 - werkzeug - INFO - 127.0.0.1 - - [27/Mar/2025 08:54:03] "GET / HTTP/1.1" 200 -
2025-03-27 08:54:03,807 - werkzeug - INFO - 127.0.0.1 - - [27/Mar/2025 08:54:03] "[36mGET /static/css/styles.css HTTP/1.1[0m" 304 -
2025-03-27 08:54:03,844 - werkzeug - INFO - 127.0.0.1 - - [27/Mar/2025 08:54:03] "[36mGET /static/js/app.js HTTP/1.1[0m" 304 -
2025-03-27 08:54:04,154 - werkzeug - INFO - 127.0.0.1 - - [27/Mar/2025 08:54:04] "GET /api/results HTTP/1.1" 200 -
2025-03-27 08:54:11,956 - src.modules.scanner - INFO - Loading configuration from config.json
2025-03-27 08:54:11,958 - src.modules.scanner - INFO - Using cached NASDAQ constituents
2025-03-27 08:54:11,958 - src.modules.scanner - INFO - Loaded 101 symbols from NASDAQ Composite
2025-03-27 08:54:11,959 - src.modules.scanner - INFO - Analyzing AAPL
2025-03-27 08:54:11,959 - src.modules.market_context - INFO - Fetching data for AAPL
2025-03-27 08:54:12,469 - src.modules.market_context - INFO - Fetching data for AAPL
2025-03-27 08:54:12,609 - src.modules.key_levels - INFO - Fetching options data for AAPL
2025-03-27 08:54:12,931 - src.modules.options_metrics - INFO - Using cached options chain for AAPL
2025-03-27 08:54:12,932 - src.modules.key_levels - INFO - Fetching options data for AAPL
2025-03-27 08:54:13,082 - src.modules.options_metrics - INFO - Using cached options chain for AAPL
2025-03-27 08:54:13,084 - src.modules.scanner - ERROR - Error analyzing AAPL: can't multiply sequence by non-int of type 'float'
2025-03-27 08:54:13,085 - werkzeug - INFO - 127.0.0.1 - - [27/Mar/2025 08:54:13] "GET /api/analyze/AAPL HTTP/1.1" 200 -
2025-03-27 08:56:28,675 - werkzeug - INFO -  * Detected change in 'C:\\Users\\cciep\\Github\\APPs\\options-scanner-v2\\src\\modules\\scanner.py', reloading
2025-03-27 08:56:28,929 - werkzeug - INFO -  * Restarting with stat
2025-03-27 08:56:30,162 - __main__ - INFO - Starting Options-Technical Hybrid Scanner
2025-03-27 08:56:30,175 - werkzeug - WARNING -  * Debugger is active!
2025-03-27 08:56:30,177 - werkzeug - INFO -  * Debugger PIN: 216-997-372
2025-03-27 08:56:50,033 - werkzeug - INFO -  * Detected change in 'C:\\Users\\cciep\\Github\\APPs\\options-scanner-v2\\src\\modules\\scanner.py', reloading
2025-03-27 08:56:50,279 - werkzeug - INFO -  * Restarting with stat
2025-03-27 08:56:51,570 - __main__ - INFO - Starting Options-Technical Hybrid Scanner
2025-03-27 08:56:51,582 - werkzeug - WARNING -  * Debugger is active!
2025-03-27 08:56:51,586 - werkzeug - INFO -  * Debugger PIN: 216-997-372
2025-03-27 08:57:13,550 - werkzeug - INFO -  * Detected change in 'C:\\Users\\cciep\\Github\\APPs\\options-scanner-v2\\src\\modules\\scanner.py', reloading
2025-03-27 08:57:13,797 - werkzeug - INFO -  * Restarting with stat
2025-03-27 08:57:15,166 - __main__ - INFO - Starting Options-Technical Hybrid Scanner
2025-03-27 08:57:15,179 - werkzeug - WARNING -  * Debugger is active!
2025-03-27 08:57:15,182 - werkzeug - INFO -  * Debugger PIN: 216-997-372
2025-03-27 08:57:47,569 - werkzeug - INFO -  * Detected change in 'C:\\Users\\cciep\\Github\\APPs\\options-scanner-v2\\src\\modules\\scanner.py', reloading
2025-03-27 08:57:47,813 - werkzeug - INFO -  * Restarting with stat
2025-03-27 08:57:49,206 - __main__ - INFO - Starting Options-Technical Hybrid Scanner
2025-03-27 08:57:49,219 - werkzeug - WARNING -  * Debugger is active!
2025-03-27 08:57:49,221 - werkzeug - INFO -  * Debugger PIN: 216-997-372
2025-03-27 08:58:17,231 - werkzeug - INFO -  * Detected change in 'C:\\Users\\cciep\\Github\\APPs\\options-scanner-v2\\src\\modules\\scanner.py', reloading
2025-03-27 08:58:17,780 - werkzeug - INFO -  * Restarting with stat
2025-03-27 08:58:23,155 - __main__ - INFO - Starting Options-Technical Hybrid Scanner
2025-03-27 08:58:23,193 - werkzeug - WARNING -  * Debugger is active!
2025-03-27 08:58:23,201 - werkzeug - INFO -  * Debugger PIN: 216-997-372
2025-03-27 08:58:26,475 - src.modules.scanner - INFO - Loading configuration from config.json
2025-03-27 08:58:26,479 - src.modules.scanner - INFO - Using cached NASDAQ constituents
2025-03-27 08:58:26,480 - src.modules.scanner - INFO - Loaded 101 symbols from NASDAQ Composite
2025-03-27 08:58:26,482 - src.modules.scanner - INFO - Analyzing AAPL
2025-03-27 08:58:26,483 - src.modules.market_context - INFO - Fetching data for AAPL
2025-03-27 08:58:27,197 - src.modules.market_context - INFO - Fetching data for AAPL
2025-03-27 08:58:27,358 - src.modules.key_levels - INFO - Fetching options data for AAPL
2025-03-27 08:58:27,757 - src.modules.options_metrics - INFO - Using cached options chain for AAPL
2025-03-27 08:58:27,758 - src.modules.key_levels - INFO - Fetching options data for AAPL
2025-03-27 08:58:27,929 - src.modules.options_metrics - INFO - Using cached options chain for AAPL
2025-03-27 08:58:27,935 - src.modules.scanner - ERROR - Error analyzing AAPL: cannot access local variable 'stop_loss_value' where it is not associated with a value
2025-03-27 08:58:27,939 - werkzeug - INFO - 127.0.0.1 - - [27/Mar/2025 08:58:27] "GET /api/analyze/AAPL HTTP/1.1" 200 -
2025-03-27 08:58:47,727 - werkzeug - INFO -  * Detected change in 'C:\\Users\\cciep\\Github\\APPs\\options-scanner-v2\\src\\modules\\scanner.py', reloading
2025-03-27 08:58:48,087 - werkzeug - INFO -  * Restarting with stat
2025-03-27 08:58:50,700 - __main__ - INFO - Starting Options-Technical Hybrid Scanner
2025-03-27 08:58:50,724 - werkzeug - WARNING -  * Debugger is active!
2025-03-27 08:58:50,729 - werkzeug - INFO -  * Debugger PIN: 216-997-372
2025-03-27 08:58:53,667 - src.modules.scanner - INFO - Loading configuration from config.json
2025-03-27 08:58:53,670 - src.modules.scanner - INFO - Using cached NASDAQ constituents
2025-03-27 08:58:53,671 - src.modules.scanner - INFO - Loaded 101 symbols from NASDAQ Composite
2025-03-27 08:58:53,671 - src.modules.scanner - INFO - Analyzing AAPL
2025-03-27 08:58:53,672 - src.modules.market_context - INFO - Fetching data for AAPL
2025-03-27 08:58:54,303 - src.modules.market_context - INFO - Fetching data for AAPL
2025-03-27 08:58:54,430 - src.modules.key_levels - INFO - Fetching options data for AAPL
2025-03-27 08:58:54,748 - src.modules.options_metrics - INFO - Using cached options chain for AAPL
2025-03-27 08:58:54,751 - src.modules.key_levels - INFO - Fetching options data for AAPL
2025-03-27 08:58:54,887 - src.modules.options_metrics - INFO - Using cached options chain for AAPL
2025-03-27 08:58:54,888 - src.modules.scanner - ERROR - Error analyzing AAPL: cannot access local variable 'stop_loss_value' where it is not associated with a value
2025-03-27 08:58:54,889 - werkzeug - INFO - 127.0.0.1 - - [27/Mar/2025 08:58:54] "GET /api/analyze/AAPL HTTP/1.1" 200 -
2025-03-27 08:59:23,479 - werkzeug - INFO -  * Detected change in 'C:\\Users\\cciep\\Github\\APPs\\options-scanner-v2\\src\\modules\\scanner.py', reloading
2025-03-27 08:59:23,872 - werkzeug - INFO -  * Restarting with stat
2025-03-27 08:59:26,253 - __main__ - INFO - Starting Options-Technical Hybrid Scanner
2025-03-27 08:59:26,276 - werkzeug - WARNING -  * Debugger is active!
2025-03-27 08:59:26,281 - werkzeug - INFO -  * Debugger PIN: 216-997-372
2025-03-27 08:59:31,159 - src.modules.scanner - INFO - Loading configuration from config.json
2025-03-27 08:59:31,161 - src.modules.scanner - INFO - Using cached NASDAQ constituents
2025-03-27 08:59:31,162 - src.modules.scanner - INFO - Loaded 101 symbols from NASDAQ Composite
2025-03-27 08:59:31,162 - src.modules.scanner - INFO - Analyzing AAPL
2025-03-27 08:59:31,162 - src.modules.market_context - INFO - Fetching data for AAPL
2025-03-27 08:59:31,780 - src.modules.market_context - INFO - Fetching data for AAPL
2025-03-27 08:59:31,899 - src.modules.key_levels - INFO - Fetching options data for AAPL
2025-03-27 08:59:32,248 - src.modules.options_metrics - INFO - Using cached options chain for AAPL
2025-03-27 08:59:32,250 - src.modules.scanner - INFO - Current price: 221.52999877929688, Stop loss: 217.09939880371093
2025-03-27 08:59:32,250 - src.modules.scanner - INFO - Risk amount: 4.430599975585949, Direction: -1, Target price: 214.88409881591795
2025-03-27 08:59:32,251 - werkzeug - INFO - 127.0.0.1 - - [27/Mar/2025 08:59:32] "GET /api/analyze/AAPL HTTP/1.1" 200 -
2025-03-27 08:59:43,660 - werkzeug - INFO - 127.0.0.1 - - [27/Mar/2025 08:59:43] "GET / HTTP/1.1" 200 -
2025-03-27 08:59:43,835 - werkzeug - INFO - 127.0.0.1 - - [27/Mar/2025 08:59:43] "[36mGET /static/css/styles.css HTTP/1.1[0m" 304 -
2025-03-27 08:59:43,911 - werkzeug - INFO - 127.0.0.1 - - [27/Mar/2025 08:59:43] "[36mGET /static/js/app.js HTTP/1.1[0m" 304 -
2025-03-27 08:59:44,529 - werkzeug - INFO - 127.0.0.1 - - [27/Mar/2025 08:59:44] "GET /api/results HTTP/1.1" 200 -
2025-03-27 08:59:56,027 - src.modules.scanner - INFO - Loading configuration from config.json
2025-03-27 08:59:56,028 - src.modules.scanner - INFO - Using cached NASDAQ constituents
2025-03-27 08:59:56,028 - src.modules.scanner - INFO - Loaded 101 symbols from NASDAQ Composite
2025-03-27 08:59:56,029 - src.modules.scanner - INFO - Analyzing AAPL
2025-03-27 08:59:56,029 - src.modules.market_context - INFO - Fetching data for AAPL
2025-03-27 08:59:56,326 - src.modules.market_context - INFO - Fetching data for AAPL
2025-03-27 08:59:56,439 - src.modules.key_levels - INFO - Fetching options data for AAPL
2025-03-27 08:59:57,373 - src.modules.options_metrics - INFO - Using cached options chain for AAPL
2025-03-27 08:59:57,375 - src.modules.scanner - INFO - Current price: 221.52999877929688, Stop loss: 217.09939880371093
2025-03-27 08:59:57,375 - src.modules.scanner - INFO - Risk amount: 4.430599975585949, Direction: -1, Target price: 214.88409881591795
2025-03-27 08:59:57,376 - werkzeug - INFO - 127.0.0.1 - - [27/Mar/2025 08:59:57] "GET /api/analyze/AAPL HTTP/1.1" 200 -
2025-03-27 09:00:24,077 - werkzeug - INFO - 127.0.0.1 - - [27/Mar/2025 09:00:24] "GET / HTTP/1.1" 200 -
2025-03-27 09:00:24,112 - werkzeug - INFO - 127.0.0.1 - - [27/Mar/2025 09:00:24] "[36mGET /static/css/styles.css HTTP/1.1[0m" 304 -
2025-03-27 09:00:24,341 - werkzeug - INFO - 127.0.0.1 - - [27/Mar/2025 09:00:24] "[36mGET /static/js/app.js HTTP/1.1[0m" 304 -
2025-03-27 09:00:24,659 - werkzeug - INFO - 127.0.0.1 - - [27/Mar/2025 09:00:24] "GET /api/results HTTP/1.1" 200 -
2025-03-27 09:00:30,226 - src.modules.scanner - INFO - Loading configuration from config.json
2025-03-27 09:00:30,227 - src.modules.scanner - INFO - Using cached NASDAQ constituents
2025-03-27 09:00:30,228 - src.modules.scanner - INFO - Loaded 101 symbols from NASDAQ Composite
2025-03-27 09:00:30,228 - src.modules.scanner - INFO - Analyzing BKR
2025-03-27 09:00:30,228 - src.modules.market_context - INFO - Fetching data for BKR
2025-03-27 09:00:30,485 - src.modules.market_context - INFO - Fetching data for BKR
2025-03-27 09:00:30,595 - src.modules.key_levels - INFO - Fetching options data for BKR
2025-03-27 09:00:30,861 - src.modules.options_metrics - INFO - Using cached options chain for BKR
2025-03-27 09:00:30,863 - src.modules.scanner - INFO - Current price: 44.02000045776367, Stop loss: 43.56
2025-03-27 09:00:30,863 - src.modules.scanner - INFO - Risk amount: 0.4600004577636696, Direction: 1, Target price: 44.710001144409176
2025-03-27 09:00:30,864 - werkzeug - INFO - 127.0.0.1 - - [27/Mar/2025 09:00:30] "GET /api/analyze/BKR HTTP/1.1" 200 -
2025-03-27 09:01:24,873 - __main__ - INFO - Starting Options-Technical Hybrid Scanner
2025-03-27 09:01:26,164 - werkzeug - INFO - [31m[1mWARNING: This is a development server. Do not use it in a production deployment. Use a production WSGI server instead.[0m
 * Running on all addresses (0.0.0.0)
 * Running on http://127.0.0.1:8080
 * Running on http://192.168.11.2:8080
2025-03-27 09:01:26,165 - werkzeug - INFO - [33mPress CTRL+C to quit[0m
2025-03-27 09:01:26,167 - werkzeug - INFO -  * Restarting with stat
2025-03-27 09:01:27,131 - __main__ - INFO - Starting Options-Technical Hybrid Scanner
2025-03-27 09:01:27,142 - werkzeug - WARNING -  * Debugger is active!
2025-03-27 09:01:27,145 - werkzeug - INFO -  * Debugger PIN: 216-997-372
2025-03-27 09:01:32,874 - werkzeug - INFO - 127.0.0.1 - - [27/Mar/2025 09:01:32] "GET / HTTP/1.1" 200 -
2025-03-27 09:01:32,994 - werkzeug - INFO - 127.0.0.1 - - [27/Mar/2025 09:01:32] "[36mGET /static/css/styles.css HTTP/1.1[0m" 304 -
2025-03-27 09:01:33,038 - werkzeug - INFO - 127.0.0.1 - - [27/Mar/2025 09:01:33] "[36mGET /static/js/app.js HTTP/1.1[0m" 304 -
2025-03-27 09:01:33,195 - werkzeug - INFO - 127.0.0.1 - - [27/Mar/2025 09:01:33] "GET /api/results HTTP/1.1" 200 -
2025-03-27 09:01:39,425 - src.modules.scanner - INFO - Loading configuration from config.json
2025-03-27 09:01:39,427 - src.modules.scanner - INFO - Using cached NASDAQ constituents
2025-03-27 09:01:39,427 - src.modules.scanner - INFO - Loaded 101 symbols from NASDAQ Composite
2025-03-27 09:01:39,427 - src.modules.scanner - INFO - Analyzing AAPL
2025-03-27 09:01:39,428 - src.modules.market_context - INFO - Fetching data for AAPL
2025-03-27 09:01:40,105 - src.modules.market_context - INFO - Fetching data for AAPL
2025-03-27 09:01:40,257 - src.modules.key_levels - INFO - Fetching options data for AAPL
2025-03-27 09:01:40,601 - src.modules.options_metrics - INFO - Using cached options chain for AAPL
2025-03-27 09:01:40,602 - src.modules.scanner - INFO - Current price: 221.52999877929688, Stop loss: 217.09939880371093
2025-03-27 09:01:40,603 - src.modules.scanner - INFO - Risk amount: 4.430599975585949, Direction: -1, Target price: 214.88409881591795
2025-03-27 09:01:40,604 - werkzeug - INFO - 127.0.0.1 - - [27/Mar/2025 09:01:40] "GET /api/analyze/AAPL HTTP/1.1" 200 -
2025-03-27 09:06:42,766 - werkzeug - INFO -  * Detected change in 'C:\\Users\\cciep\\Github\\APPs\\options-scanner-v2\\src\\modules\\scanner.py', reloading
2025-03-27 09:06:43,085 - werkzeug - INFO -  * Restarting with stat
2025-03-27 09:06:44,559 - __main__ - INFO - Starting Options-Technical Hybrid Scanner
2025-03-27 09:06:44,572 - werkzeug - WARNING -  * Debugger is active!
2025-03-27 09:06:44,575 - werkzeug - INFO -  * Debugger PIN: 216-997-372
